Row,CO2,All_impact_calib_m,All_impact_calib_ci,N_calib_m,N_calib_ci,W_calib_m,W_calib_ci,HS_calib_m,HS_calib_ci,All_impact_expert_m,All_impact_expert_ci,N_expert_m,N_expert_ci,W_expert_m,W_expert_ci,HS_expert_m,HS_expert_ci
"USA",86100.8383904,9832845.45872385,355166.832411288,5608680.37601878,15472.8419052793,6100608.62559561,31161.6722479981,17789247.3745572,51517.8931224193,20083696.1451246,698703.909582394,11465849.2220124,138486.930817222,14355845.8340695,248309.597062432,34429393.3792921,407226.97629324
"China",56774.7404835,4835163.0198728,207154.808134882,2736618.69993,15149.4662835165,3072588.06569515,30087.9119328189,8696282.29399324,50566.4525820807,12868939.7765122,617137.197436486,7326421.65483949,131795.991536533,9294774.9162361,236899.647581906,21985622.7584609,391922.74541042
"Russian Federation",28795.5735604255,3334481.89733869,127517.393690456,1902578.26243926,5250.06401350904,2066581.85329317,10613.1102081484,6034285.57628364,17474.3404453239,6740925.32993237,242432.006939214,3848944.08189282,47321.4859794184,4813417.46054988,84836.3175976776,11560414.4473544,138861.605689352
"Germany",17085.0743729,2104392.69297588,79167.0975711199,1202339.47030056,2942.67765338678,1298987.17607351,5957.04396610036,3811851.43255359,9782.43182541296,4014644.73428028,137745.993596945,2293884.48706627,26618.2587210056,2861957.75807808,47618.0385759468,6888091.9576965,77794.3011701347
"Japan",16229.30494616,1709662.14149102,64848.4613346385,973323.374018361,3168.89746072046,1066844.27234457,6368.76403754416,3088818.77811012,10560.7184652795,3765501.88703606,140751.002456676,2147919.93591843,28234.0522472143,2697494.18477213,50700.797703463,6451091.54041763,83305.1657958734
"India",12946.76595811,1113648.66743582,46621.8825300238,630499.146856272,3412.30306985855,707046.023981844,6779.81903950421,2003400.83146935,11390.8036133588,2935724.2301339,138827.150898927,1671478.6169525,29697.4902615361,2119962.6491375,53383.1579555406,5015731.4243117,88309.083380945
"United Kingdom",10590.9336513,1335429.31143966,50807.1704641125,763369.433755445,1806.93101648421,823123.147101007,3659.46776076231,2419795.35346251,6002.94281655275,2491827.05820159,85035.8885717443,1424175.37850389,16366.766362508,1775278.1724196,29245.2714129517,4276027.62368127,47736.7983031888
"Canada",7692.39763798,840735.974295927,30419.403094681,479067.171073406,1439.7814684771,523247.64313731,2893.58729010355,1519893.10867707,4797.01305804457,1787744.82226764,64000.2096962778,1020154.77842804,12829.5679810892,1279687.34142117,23025.4010168026,3063392.34695369,37821.8884113959
"Ukraine",7453.90920373546,914525.279361718,36663.3215348148,522462.964106978,1374.34406014545,564551.178965077,2790.8683700085,1656561.6950131,4570.28814230864,1757180.74407491,65320.5094052154,1003953.35279792,12498.8834558592,1251674.47220392,22385.9762388489,3015914.40722289,36539.8823140214
"France",7161.54462634,863641.370629786,32402.9756664747,493216.121156391,1251.39032416981,533832.593879019,2530.84572169908,1563875.39685395,4161.94611535877,1680207.7762143,58173.463119231,959802.247260798,11296.2071244087,1198549.13105512,20223.4018245749,2882271.95032698,33068.6248437357
"Italy",6111.62444035,664635.943021841,25161.4019910844,378674.649066856,1161.45527533567,413744.724106719,2339.0916129131,1201488.45589195,3869.26966712455,1422861.33580203,52336.1348761422,811889.058876635,10391.4677288683,1018048.67056784,18653.8804718631,2438646.27796163,30611.2540802636
"Poland",5945.57591269,696771.555596954,26193.8618859256,397668.673930143,1063.34701495489,431492.080990232,2149.49921157286,1261153.91187049,3538.65279614282,1392528.68919401,49134.9528479152,795214.357190583,9585.24856866703,994086.070320459,17178.4336515089,2388285.64007098,28113.2908458352
"South Africa",5134.23911014,525289.77726431,19304.2717806413,298834.041792365,1034.6817338513,328552.294501665,2072.68120595191,948482.9954989,3449.87208374809,1186119.38888529,44926.8718126785,676397.077964409,9158.86951239985,850900.519873699,16453.5090526934,2031060.56881775,27086.2998975247
"Mexico",4941.29194395,485357.418245973,18630.1679831489,275823.74050718,1042.5528433388,304541.552401832,2086.86949197427,875706.961828905,3476.89299402297,1138379.11350061,45019.9857326111,648917.180247004,9214.24648525446,817546.191726835,16559.0397480964,1948673.968528,27275.7253695665
"Iran",4515.56750811167,401583.980926596,16363.5811762347,227584.656068902,1109.41966556861,254163.072883468,2208.29743865123,723004.213827418,3702.55850201497,1028571.71572453,45872.4486577393,585791.21966163,9693.10111622225,741622.494629123,17424.2587343377,1758301.43288284,28793.709106789
"Australia",4499.36762989,461821.063786815,16877.8576202205,262748.655980202,902.077884614306,288784.628072175,1807.05478372409,833929.907308067,3007.69990713066,1039629.04909205,39166.7474563009,592877.424187864,7985.1209005195,745756.161802676,14344.4165891383,1780253.56128562,23613.8960537896
"South Korea",4489.225137701,391120.56986532,16763.9913660791,221519.409211988,1103.82540802625,247960.109742,2200.41424261608,703882.190641973,3683.57727321057,1022581.18918066,46186.0903626124,582280.250838886,9673.89465999468,737355.239782501,17393.8577633279,1748108.07692058,28722.4425777266
"Brazil",3936.68819801,375560.436812185,14374.2495308394,213260.172055876,872.007442034563,236241.40682903,1740.27401481625,677179.73155165,2909.03136726006,903157.048946037,36832.2384972786,514691.678506665,7660.44967571778,649546.311961136,13766.5408518368,1545233.15637031,22712.7959892146
"Saudi Arabia",3876.080472549,337265.023744803,14475.9642510639,191009.388337821,969.308571412564,213856.814587905,1929.87480554188,606928.868308683,3234.72331814002,882324.874999706,40211.9155861195,502408.230336871,8474.24045425792,636394.469389318,15232.7674872472,1508171.92527293,25167.4429818915
"Spain",3618.3162557,373012.80784989,14093.3349447229,212244.628305162,725.933147148941,233148.272479577,1457.02628350802,673645.522764932,2420.01823334727,837708.556619804,31953.646207603,477744.721921121,6450.87435127925,600550.078867304,11589.6355127893,1434830.86907099,19060.2348722439
"Indonesia",3358.970914148,290566.67977575,12268.6838275374,164533.769677212,853.918356368283,184357.648016665,1699.15373402958,522808.621633374,2850.07576222004,763314.417173494,35214.4270230378,434621.074499326,7455.68534380191,550822.404082834,13403.9334497232,1304499.77293832,22155.3419139353
"Kazakhstan",3357.49357842364,370733.13133638,13862.8721885065,211301.188247106,635.84114770444,230563.211764995,1279.03055356844,670334.99399704,2118.09857452149,781150.569655861,28392.3853411348,445799.571771016,5674.68025917206,558984.092655176,10180.3315550042,1338668.04454139,16712.1912991377
"Turkey",2694.620990878,240228.170225597,9759.80064140809,136151.333797899,653.849252333744,152001.227457883,1302.20030056685,432531.94942101,2182.08427904975,614175.189884084,27141.1645965984,349793.828188566,5718.95048397337,442736.775711884,10280.9157410931,1049994.9657518,16984.6285489314
"Netherlands",2633.15661728,298153.325335332,10988.6900478947,170033.546182387,478.99935932827,185084.827983465,965.377719012269,539341.601840145,1594.95439216697,614367.882982696,21713.8035517632,350710.414069239,4292.57457334949,439166.340348322,7698.37623613373,1053226.89453053,12622.2824845618
"Czech Republic",2478.68951425406,302320.21436413,11564.3359038321,172693.078280955,436.418803118096,186719.582386606,884.318335262973,547547.98242483,1451.21202615211,582798.456847993,20512.0690320474,332958.537948351,3953.65272015547,415448.332297002,7077.86715486269,999988.500298627,11562.3087971786
"Taiwan",2211.658781506,197910.49579156,8234.62464498089,112179.476234348,525.74150821608,125166.928251419,1048.99049673204,356385.082888912,1754.26662991486,505091.072448963,22168.4257880197,287676.280356295,4616.49647260525,363866.391639717,8300.82866748809,863730.545350876,13700.2337914371
"Belgium",2110.82721024,256798.064686689,9562.0489282766,146682.676751874,365.056312626257,158645.904444278,738.053429930351,465065.612863916,1213.89974736084,495207.650241887,16949.7881919552,282912.651245142,3293.86238270984,353211.725456509,5894.52565550786,849498.574024011,9637.93997231746
"Romania",2108.27336041,251897.296119279,10264.5045416911,143825.313455916,395.915701477485,155767.492241303,803.41641586114,456099.082660619,1317.04393237343,496030.127639467,18720.1889205993,283318.086615818,3595.10116271244,353612.363130212,6442.51755911007,851159.93317237,10522.7707455549
"Argentina",2069.92387385,218177.899441099,7873.66505596161,124212.841623853,405.130593617258,136161.014404196,811.67350719538,394159.842295247,1350.43574237982,479086.428997085,17630.5994407534,273284.539251616,3587.72094764914,343438.578113577,6441.49546240899,820536.169626061,10600.2707330287
"Venezuela",2002.96448113,212557.26091238,7630.83585273038,121033.651327614,390.918890506947,132584.458870366,783.468655189203,384053.67253916,1302.99589415027,463771.926751534,17072.7788390303,264568.683985878,3464.86503355186,332379.085451684,6221.54945841259,794368.010817039,10236.5059236612
"Thailand",1873.124400427,156445.166455913,7057.10985764878,88491.6311347577,490.962196792419,99577.6418750618,977.242211168705,281266.22635792,1638.62614635866,424768.953648892,20324.7306497022,241786.695212068,4290.07622231559,306763.489713344,7713.93071538676,725756.676021265,12748.4477660852
"Uzbekistan",1682.15956233,185935.864932918,6898.58973768133,105977.628683291,312.795393982866,115616.290233549,630.096886136367,336213.675881915,1041.90929284107,391894.770624299,14111.9434988628,223654.797390409,2799.771963331,280308.519501552,5024.3819667601,671720.994980936,8242.9904200419
"Egypt",1591.56882852,142239.017509129,5723.47061063313,80621.1306171492,388.76176922247,89984.7963571814,773.850124846618,256111.125553058,1297.43956408943,362591.049989471,16086.7395061002,206512.431452351,3397.03294162449,261407.744126036,6106.70968880113,619852.974390027,10091.2231332102
"Malaysia",1465.095258787,120335.42752025,5499.34674467751,68030.5835211112,396.427851584429,76721.5015454681,788.18987218848,216254.19749417,1323.22320348943,331516.612457217,16271.0559120236,188679.099126361,3456.14349487296,239600.043014408,6213.97773239909,566270.695230881,10275.5798736696
"North Korea",1324.35187577,156537.875563588,6922.63105766917,89356.5129744438,270.220297901175,96854.9435320948,548.943116340665,283402.170184226,899.104409490135,312064.95193784,12836.1392347957,178219.389468014,2458.21095545774,222394.096917393,4407.98564999036,535581.369428111,7198.39075386111
"Pakistan",1275.33381222582,111994.023255237,4621.74072047211,63445.3716139486,318.939147828121,70961.0585983982,634.989491640157,201575.639553364,1064.56920014429,290124.834616567,13161.1087495228,165213.959410466,2786.83441089432,209274.081457715,5010.4388042832,495886.46298152,8280.22955456165
"Belarus",1247.1403961,145718.993488811,6113.04578031286,83159.9331572572,237.985082253692,90246.8863394786,482.388000552407,263750.160969698,791.720406802355,292772.421606604,11180.6544548627,167181.168541891,2156.40500128731,208892.222906638,3863.88384133157,502243.873371284,6314.1853590908
"United Arab Emirates",1222.143005131,102641.724842633,4563.17380594601,58068.1704809157,327.206332377819,65304.6248993261,650.067140675599,184552.379147656,1092.08506288641,277034.802866193,13375.3397938674,157700.186085768,2848.72514962969,200109.16657644,5120.28365256719,473295.055936372,8468.99792400687
"Algeria",1164.438787837,107943.374899488,4404.89509054305,61246.1058082505,265.735446371779,68058.8519144677,530.828556213278,194525.166975746,886.549342311287,266782.317454516,11268.41737561,151994.514389519,2338.10377031637,191981.61320054,4202.52029318285,456370.824773488,6931.12753933786
"Hungary",1136.94391733,138390.881954515,5307.3370730497,79049.0017969902,200.785376856541,85483.4214590644,406.885863918741,250640.222607492,667.694654964051,267325.777136045,9438.89320115827,152722.096656309,1819.18125802127,190565.513487192,3257.03111930319,458689.721264634,5320.72940628387
"Iraq",1117.097468288,101064.226004587,4073.25369127839,57303.4289703831,274.97759700256,63869.428712957,547.302189853227,182019.820330421,917.752122599047,254696.87705114,11319.9992004794,145076.488984515,2401.18571776008,183579.383739193,4315.56248569703,435434.758429713,7131.96196692717
"Sweden",1091.21680129,136178.840755961,5306.36262243578,77826.5004558281,190.936819707975,83986.3242810077,387.129332270947,246723.697531048,634.513456727953,256929.4386811,9031.9337669784,146824.597215595,1732.50286984519,183042.907510211,3098.0079513459,440920.811317495,5056.13055890668
"Greece",1063.751220308,104878.224228388,4151.56205136539,59607.0012865485,225.43086907398,65778.5672193099,452.136013805848,189249.104179307,751.728318547473,245558.821036803,9871.30214035869,139982.107462525,2000.32999976638,176238.105066654,3595.82721770269,420456.250581229,5917.46437671424
"Austria",1015.375035089,113952.949088036,4134.06114720393,64972.9352443234,185.60846440218,70785.886090123,373.538954656785,206100.025929662,618.156333447521,236543.238951238,8336.9497391599,135017.76793887,1658.70649643614,169169.214668323,2975.26118638759,405442.734246522,4882.25965456261
"Nigeria",997.572571574,94999.2401827676,3921.94277001249,53941.8803555153,227.547441910893,59766.1099942471,454.481554702503,171289.73019854,758.978362800123,228956.462097997,9667.36086680363,130474.167763765,2002.07392636142,164659.354841781,3596.94546325308,391735.863688445,5931.2546535284
"Bulgaria",992.607690587,116860.572061004,4712.21158154024,66702.1663448451,184.427097931323,72338.8779519117,373.713464666777,211540.671886255,613.574595422966,233049.197980701,8650.21635988433,133089.104181514,1670.170574114,166257.49720269,2992.83076351321,399800.992557901,4891.6274898925
"Denmark",914.726288656,109074.536709538,4108.25018185395,62275.9494590597,162.315580607947,67466.7093252762,328.368715926153,197480.951344278,539.999768634733,214631.819920026,7548.69737636467,122590.418617969,1465.75317393349,153112.267124577,2625.93990673957,368192.774017533,4294.79992833515
"Viet Nam",880.416033008,73438.4207927151,3295.17244929259,41538.1702063913,252.444603883662,46766.5996652666,500.909359316138,132010.492506487,842.793196761619,198810.585818447,10158.0558475702,113163.717058273,2190.98842745424,143776.095628838,3938.05610514983,339491.94476823,6519.20297040691
"Colombia",865.420430272,88786.1927432182,3270.60813638811,50513.4059219822,175.086475478333,55523.0531846578,350.599526908799,160322.119123015,583.783850934107,199900.091201293,7569.90877017598,113998.102950403,1548.37725121384,143414.732847433,2780.97131451048,342287.437806043,4578.80292366327
"Philippines",848.070820638,80307.9393450917,3088.19790057397,45593.2242762505,192.458358565257,50550.6693173747,383.910395485991,144779.92444165,642.173541368382,194274.238342517,8061.13762291308,110705.192377517,1688.26451724931,139789.986424397,3034.10062054998,332327.536225637,5007.9106541786
"Slovakia",818.461680773091,99696.6038229592,3780.8176695679,56947.7461437072,143.504070803395,61580.4991421062,290.702530210917,180561.566183064,477.217047032426,192374.428876035,6732.0630629933,109904.133215666,1299.34206039164,137146.767728805,2326.24996073834,330072.385683634,3800.7955568997
"Finland",816.649688016,89005.2930853287,3376.79590918986,50713.1960372289,155.302032173083,55398.1254266424,312.800925074027,160904.557792115,517.357750693187,190164.756823098,7004.03106536737,108511.08839763,1389.79430562933,136051.641134346,2494.75448836555,325931.540937316,4093.61116862302
"Kuwait",743.64493656,69582.4353823764,2759.1185988186,39490.9853671447,172.19926158026,43844.5849488699,343.225201673873,125411.735831115,574.510268274565,170150.00506616,7205.30512268787,96947.3648918239,1508.91435742128,122482.849491269,2711.40653723796,291019.800815386,4476.34028031018
"Serbia",702.657616354545,76843.1339919772,2918.82125586816,43787.0275155403,133.504778494887,47817.0084606099,268.962028117657,138925.365999781,444.73764149097,163636.853240489,6026.18855789904,93377.1680823218,1195.16024965911,117067.760029363,2145.24514754163,280465.631609782,3519.66357609857
"Chile",694.038483926,68426.3361852555,2516.71248505061,38890.1614253227,150.206282971887,42931.4619404677,299.711085689856,123457.385189976,501.04405647978,159420.856872163,6338.84850896865,90879.0798942733,1319.15709531073,114584.525420467,2370.09705363548,272798.965301747,3910.2545149763
"Switzerland",679.812372225,77713.6539148762,2893.04201102634,44328.8641792228,122.999878545367,48209.334559865,248.094750831415,140602.763005541,409.47459011611,158803.569356888,5608.85862525729,90661.5054893167,1104.108186721,113470.532325939,1979.59865517044,272278.670255408,3243.93807139517
"Turkmenistan",676.903882849454,71516.2816919037,2628.33589768946,40717.8656053844,134.291514992277,44625.5484855746,269.004242282029,129205.430984752,447.635338582111,156657.759815735,5827.78206246462,89363.6747803459,1188.57991454326,112308.896037809,2133.51338849883,268300.708629049,3511.10780040642
"Portugal",632.711504899,62604.6314126407,2414.92953406302,35584.5280855888,133.600731453117,39256.3421899287,267.801844875921,112973.023962404,445.55724326422,145934.159146882,5819.81618309202,83193.6009661252,1183.99055078876,104757.30394033,2128.47455753952,249851.572534191,3503.9968231493
"Azerbaijan",622.789280548,70952.7042744997,2907.36122201681,40468.8174352277,118.537845808458,44020.1462364757,239.827605973765,128369.149151796,394.522960355477,145789.137431559,5499.62267974445,83227.3639251839,1070.08272542179,104122.692075946,1918.44896097981,250017.356293546,3138.90449697848
"Israel",620.376691935,59000.2445564345,2292.39911003092,33500.1608902429,137.018997859912,37119.9610385727,273.788999629647,106380.611740488,457.076157839666,142420.138884896,5844.72500671359,81160.2329724909,1206.82330522441,102404.490889217,2169.42156266497,243695.69279298,3577.21582892313
"Norway",585.992051315,63158.3794842973,2310.08079146064,35976.7467209628,111.34189289558,39347.1555360547,223.696541665471,114151.236195874,371.012995576931,136072.950037754,4937.89829851396,77637.0816604149,991.472602119337,97437.4565320142,1779.8083054663,233144.311920833,2924.35202922097
"Singapore",566.093647343,55284.4949802912,2286.75504618356,31412.6346242654,122.955859120018,34700.2314260326,246.561966105392,99740.6188905757,409.977949503064,130614.301791641,5379.40152840172,74450.8889291636,1090.67447689597,93766.7975719924,1960.11881377844,223625.218873767,3225.54203397252
"Libya",540.033478593,52339.9852876635,2160.32272558451,29733.5392989473,116.843354853375,32874.198961564,234.111005106923,94412.2176024792,389.603239926386,124424.416583422,5084.23002323816,70917.0000465451,1034.77858154536,89364.4296116397,1859.37893746334,212991.820092081,3060.90201506719
"Qatar",526.715349411,43437.5009470087,1955.52348230354,24560.2102611862,147.862503357566,27688.1024301308,293.515754889416,78064.1901497091,493.61108659312,119003.082562643,5980.38862011186,67731.2271477465,1284.62888010917,86050.9552724339,2309.13613012531,203227.065267749,3821.64873116449
"Ireland",526.068823995,55794.7392036292,2028.32550850673,31769.8407329192,101.992087099155,34801.115582309,204.735341014151,100813.261295659,339.949810315316,121965.223907556,4495.25714916445,69576.7039185802,906.646136446277,87381.0085720407,1628.31401861472,208937.959232048,2677.26251768285
"Syria",488.925920079,46611.6384711833,1974.37309602361,26467.523500064,110.276514222571,29312.4050351662,221.054285791121,84054.9868783198,367.769948381722,112651.823237417,4816.7292988249,64197.9003852233,977.590860703248,80910.5809625981,1757.76111679883,192846.988364428,2893.69745518278
"Morocco",445.903700902,40300.4269939916,1608.16047460747,22849.7084736392,106.520558607856,25469.0819710474,212.158439462867,72582.4905372881,355.465913680252,101742.173945925,4430.53118659163,57952.6692297683,931.951662084097,73312.8829047632,1675.27365332255,173960.969703244,2767.36900375201
"Peru",443.532284906182,44458.0766133637,1669.66359698119,25278.5653888703,94.0767747899627,27854.9971742845,187.923834542244,80240.6672769364,313.732328403787,102155.625402215,4004.73500648408,58243.3602449404,828.076085021345,73365.5880546181,1487.20761070238,174857.927907086,2451.70247696228
"Cuba",432.910709282,48974.1607302319,1853.05454343363,27928.7693384067,79.8981162351531,30402.6834231099,161.16018849827,88591.029429179,266.026355562927,101065.548182499,3639.98426009144,57692.3441825713,717.105331782259,72235.513970185,1286.06363072494,173268.786394741,2107.75947397238
"New Zealand",427.59181853,45259.9410709367,1625.49536069447,25770.0663078571,83.023249631714,28236.1667842795,166.468469734665,81773.5901206735,276.739943508888,99022.3018869966,3631.63628259978,56487.6536953595,736.386286245114,70967.8686061292,1322.35376889607,169611.383359501,2175.36173274811
"Hong Kong",422.158846373,39869.8019311898,1595.92687410017,22633.5352039776,93.33002081039,25096.7604388456,186.688571452966,71879.1101507462,311.322425218259,96957.3521533255,4006.86098817524,55249.0172666951,823.650441409838,69710.4084603033,1480.70271426255,165912.630732978,2440.3282515989
"Estonia",381.614952297455,45885.9309865912,1811.57512221841,26203.1085223592,69.846336489335,28365.2130382808,141.598837731081,83089.4713991335,232.33378530569,89705.3199288207,3285.32201048962,51241.0795301117,633.127047194032,63961.5954531,1134.20683576602,153913.284803251,1853.1066466244
"Bangladesh",372.093517598,30166.8648992783,1383.08006201281,17047.4899284013,106.090825881171,19260.6211203136,210.609447292043,54192.4836491202,354.19565345188,83945.3948707649,4282.84661915662,47771.3066592457,921.617604901645,60731.9127058201,1656.77072813634,143332.965247229,2742.17395756141
"Trinidad and Tobago",355.119645775,33198.7362753083,1306.76332589537,18841.18964004,81.9306546464995,20919.3915262162,163.30853578561,59835.6276596688,273.33438897271,81312.0138919277,3441.70051977109,46329.5007454435,718.228116761577,58520.3432207378,1290.80259523694,139086.197709602,2130.91903579306
"Lithuania",349.789613092364,42915.4293146676,1734.86910866166,24517.3270758688,64.9897103636109,26492.9306346735,131.969877297895,77736.0302334606,216.118156899938,82435.0246914667,3087.63068151112,47098.6976841161,590.988964269169,58725.9188390854,1058.43718903765,141480.457551199,1727.65532492862
"Oman",310.168206909,24404.3319630015,1187.4470933141,13777.4797125271,91.8529456029167,15627.4891172377,182.261657844767,43808.0270592398,306.650114082817,69818.6081166889,3704.04962162748,39722.6007887757,797.387442414769,50554.3142743343,1433.38478653128,119178.909286957,2372.83803350975
"Ecuador",303.602947837,27596.0400788955,1137.65450731345,15649.0161173237,71.4181997962111,17429.7692588012,142.454815573868,49709.3348605616,238.288003703736,69403.6676719175,3002.73817480898,39534.5023825084,626.674053076435,49982.6657478963,1126.41216986193,118693.834885348,1859.15374147424
"Croatia",280.055322509,30071.8733745773,1134.15481572949,17128.1537017101,53.8576640646613,18738.0431474628,108.360139140929,54349.4232745589,179.455844282032,65102.1064533961,2410.72568692262,37142.748268321,480.912188708827,46604.7149127288,863.469915909879,111558.856179139,1417.83270624541
"Georgia",258.401352052364,33537.2448470833,1454.14266914599,19181.7480399837,51.2099597243797,20630.0966346128,104.255513179297,60799.8898666532,170.172251827663,61241.8942561341,2472.99388728588,35012.6984878185,468.058654750334,43540.8339304629,837.419918354983,105172.150350121,1364.43494541985
"Moldova",239.751276377,30546.7676603347,1413.95795762426,17464.6858840708,50.2265125950245,18809.008376638,102.326105093701,55366.6087202952,166.933197961432,56897.0276487532,2432.94675375494,32521.0256581252,459.616928433895,40445.0388068594,822.722714777105,97725.018481275,1340.38178045706
"Tunisia",230.170161716,21255.6473059342,842.37417605367,12059.0109415426,52.7445773166561,13406.8790949887,105.242431914276,38301.0518812712,175.98424514228,52675.0949787303,2222.20520320029,30009.6594444964,463.118700192488,37917.9059793922,832.508257391275,90097.7195123022,1373.88413036015
"Bosnia and Herzegovina",229.574534199,24124.568235387,971.492211444669,13733.4049632171,46.9083358366549,15057.8583913441,94.2031278648855,43582.4413515997,156.310943844854,53221.6947379197,2073.78144636419,30357.7421927749,417.30525106641,38140.2887832497,748.991247330145,91167.0532377344,1230.85706795541
"Bahrain",221.3944135,19733.8557948967,813.075416372368,11184.2514862829,53.8572681510587,12486.3314277308,107.262401986886,35530.9844706764,179.72301640656,50478.5513874226,2239.70658708867,28749.2984381149,471.157614420587,36385.2848363285,846.924010480163,86301.0708878244,1399.03315262025
"Slovenia",216.466863639818,23192.6796464481,872.211384299688,13209.2419440636,41.569394619539,14453.8745312429,83.635910641665,41914.9224640377,138.515019514564,50310.7820303556,1859.79544035979,28703.244819366,371.166240642481,36018.4553788739,666.454253051908,86210.645892827,1094.36700142291
"Luxembourg",200.890558368,25063.4998412741,956.993328540132,14323.864121855,34.6336217563899,15459.4938168047,70.0647723614873,45407.1415851626,115.082911500676,47195.1559155947,1619.05764885079,26970.4824387264,313.019679175587,33642.0489629062,559.423364819246,80972.9363451516,913.737300823535
"Kyrgyzstan",199.805513486,24414.209355097,1094.45373651842,13946.3878609029,40.200503698035,15075.107155831,81.6984225459746,44221.133048557,133.657363612763,47122.3352359195,1919.44471207946,26921.3247464394,366.124025266786,33567.9268325796,655.504710491249,80877.7541287395,1069.37051810515
"Dominican Republic",190.89020991,17371.1613578005,709.364872798979,9851.09241481305,44.5384423718275,10970.2466393221,88.9041939286156,31292.1450192665,148.609508234522,43649.4932555059,1880.86037018615,24864.3686960337,391.36247284807,31430.7447632435,703.640869687573,74653.3663072405,1161.07077186855
"Latvia",190.788859958364,23260.2193161237,930.512492240048,13286.6456497649,35.16732350156,14365.0940351319,71.385584375951,42128.9182634742,116.95731366626,44935.4447211193,1666.82821385543,25671.7529215664,319.564752288512,32018.5418323212,572.402754947217,77116.0394094704,934.550675499384
"Lebanon",185.689476903,17385.5972736073,668.2693080602,9867.25313857732,42.7988164918946,10954.2987540857,85.3056821719105,31335.239928159,142.811964544805,42477.7991924758,1786.39349113445,24203.1041028341,374.930739058465,30578.7356121082,673.875821334879,72651.5578624851,1112.71088410193
"Angola",183.664984275,15097.0314244452,693.122597617698,8535.19775007318,53.3434820224278,9627.05953717223,105.805222150805,27128.8369860901,178.073801403851,41452.9988494393,2149.40326564769,23592.5205740763,462.807964653457,29985.4577845818,831.828675920082,70781.0181896598,1377.15387545823
"Zimbabwe",181.668403488545,20600.1651379646,770.390753314066,11748.4465565074,33.788368388056,12785.685047266,68.2107042724037,37266.3638101204,112.525302538559,42428.3067979233,1542.75110530134,24220.6586153669,303.671023558653,30318.6163902198,544.92768204029,72745.6453881832,893.020306662995
"Jordan",177.128216328,15414.7624843257,658.43967415138,8730.18657269305,43.7775536972781,9773.82108637754,87.2261919662561,27740.2797939064,146.092442667973,40330.4638805729,1826.06273695034,22964.8222439052,383.308738640042,29085.118493681,689.156361110395,68941.4509041325,1138.25909734493
"Mongolia",171.16153694,14941.0262294463,663.234703586289,8462.66390995991,50.104651794099,9474.02089316455,99.5450304051338,26886.3938852145,167.314231471943,38820.6377049704,2010.1404093595,22105.469621814,435.423909565672,28032.3616344906,782.647208085183,66324.0818586065,1295.1789428916
"Armenia",170.807442224909,22116.4718918705,958.82603220195,12648.9993205244,33.8479804791736,13606.6229972362,68.9080179456386,40093.793357851,112.481348676622,40476.2823885076,1634.40384328458,23140.1004427061,309.36030779312,28778.6614888382,553.528549058317,69510.0852339784,901.921164867779
"Yemen",167.639617014,16146.9104664927,636.094983276531,9171.39025371705,38.3753700797268,10148.8204101622,76.5755810718714,29120.5207355988,128.000434155336,38490.8319938761,1630.51812123118,21937.2691184879,337.284478325428,27670.9364708576,606.194939552218,65864.2903922828,1000.05945207781
"North Macedonia",155.923515674,17262.8436933302,701.979844717964,9839.57151531287,30.1418246449292,10731.0541426434,60.9270614713883,31217.9054220343,100.367810324913,36439.0840209884,1389.27502378506,20795.9248763197,271.584695297597,26041.4338877472,487.353740318012,62479.8932988984,798.135950977135
"Bolivia",142.385795119,13835.8082481815,531.514674530223,7860.61194604089,32.6283198910695,8692.17041732102,65.000614373653,24954.6423811826,108.849242601358,32590.896762529,1358.07591251409,18576.3761767024,285.590407453266,23450.3420546844,512.970346000763,55745.9720562002,846.984842360333
"Myanmar",132.588895054,12665.156191572,480.855992346198,7192.13183746539,31.3364246436359,7967.66939202144,62.393201208782,22835.6673452292,104.578274292289,30330.9591214135,1291.24735448798,17285.1350634186,273.791834823332,21832.74133658,491.94700613498,51875.000964242,812.787112821721
"Sri Lanka",125.075215142,11626.4172506679,445.771587659936,6597.31830184334,30.4305735811291,7331.36285102289,60.5261775537264,20950.5705991375,101.563974527618,28523.1102831974,1247.30243086745,16250.8831621535,265.392513787409,20552.7795748697,476.938757486831,48765.6681125691,788.444233590045
"Jamaica",119.340244429,12647.8996798091,490.801948355139,7201.60821738472,23.5194877528646,7888.66701022271,47.3014355281867,22853.42381182,78.3719171442944,27712.7522955735,1050.02538921514,15808.8260601815,209.852808664898,19846.7224970324,376.808270219142,47482.7083295065,618.869386429575
"Kenya",117.842273226,11598.8270302994,429.016489528705,6591.90188968608,25.809817599905,7278.29787938967,51.4896049673749,20926.2813218223,86.1014887810132,27061.4537471512,1084.34086379847,15426.3502570132,226.508769259432,19453.0118475119,406.934032817036,46304.9991369285,671.476065472551
"Curaçao",114.209936472,14460.8385982901,680.614475252554,8266.81998766021,22.8308404592518,8910.4241173409,46.3879648703853,26205.2716898692,75.7979465636379,26942.9194939036,1096.8503540102,15398.9800901959,208.080914780118,19184.7614222865,371.495409758781,46245.0169692285,605.148546685865
"Guatemala",110.064053654,10121.003534999,396.163670662289,5741.2975130731,26.0294052143161,6386.89394396109,51.8672887879128,18234.8191479629,86.8676858046233,25135.4778172757,1082.03801399442,14319.3801594623,227.852562970632,18105.311095032,409.589910319732,42981.7421973329,676.50751316281
"Sudan",108.944189869,9744.46810021503,404.408390948461,5523.29061162558,28.3216448024813,6165.35000194296,56.2769497540259,17544.7636870766,94.5295665456903,24773.3747948479,1153.24188153138,14109.496966352,246.532748159752,17872.0691568895,443.005314907427,42338.5582613021,732.694594010803
"Tajikistan",102.415820829454,12876.1208151926,540.438361789725,7359.80169814964,19.7807986409178,7936.73360178747,40.1906649874236,23331.8271456408,65.7639136181806,24174.5020099711,942.253352717954,13815.764458698,180.059400328479,17211.4286736308,322.30717385563,41496.3128975847,525.822917487185
"Uruguay",97.376643263,11410.1539666895,422.076961353051,6512.1578157059,17.5124051053345,7067.47628499464,35.2478124698331,20650.8277993679,58.2757051037008,22730.4046296863,790.656466873516,12980.5243280938,156.632777895916,16241.4555316534,280.48583189287,38969.2340293116,459.814347865955
"Ghana",91.777824638,8439.04884534522,327.174368800987,4787.19317497674,22.4179745934322,5326.18335641594,44.5723419268042,15203.770004643,74.8155970059923,20928.3600144942,919.771035135026,11922.687851865,195.437196594013,15081.9658022388,351.208312699504,35780.4263893787,580.641095764946
"Côte d'Ivoire",86.147408202,8315.63233095064,340.033755993451,4723.46623749394,19.0353930666467,5225.16784063144,38.1026324290196,14998.2629147265,63.4900235300857,19816.2556200145,817.441655666681,11294.0509386235,168.13013155827,14240.488337207,302.100118250568,33914.227584213,497.660800126378
"Brunei Darussalam",83.659340251,8595.85355315574,392.571445024002,4890.60457523222,18.3757600381259,5374.78387242521,36.8969548054425,15522.1722118098,61.2167061891525,19345.4927140679,812.528582865451,11032.2921087104,163.450949053996,13876.3816928279,293.184464986215,33127.8043406654,481.688914904684
"Panama",78.666807943,7439.8544620393,284.51114504989,4223.68757171758,18.174686768705,4683.99718287159,36.1992709046285,13411.8786315287,60.64225877413,18001.4138748281,755.570908859385,10257.8002724506,159.005155878263,12957.313049419,285.712141987718,30789.1283026146,471.886442441753
"Cyprus",76.258598717,7306.33792117416,285.339495339958,4149.34768553128,16.6431019807552,4593.7178220143,33.2903301691398,13175.9482559769,55.5150641806014,17529.9576418973,714.904630968546,9990.38343151141,146.88357818362,12599.0493289341,264.05450528859,30000.4401652464,435.180140921933
"Albania",73.621617697,8409.50721907931,353.008049630179,4796.76168228025,14.5200636867041,5216.81865884714,29.3602676767389,15214.9413161105,48.3305147228733,17220.7997140338,671.236500757111,9831.20062450912,130.921280145879,12301.9921264771,234.718891258962,29529.2063911152,384.159335724165
"Gabon",68.146596909,7163.65115217445,316.233240860154,4078.06259229091,14.0394383249017,4470.32572267035,28.3208012581198,12942.5651415621,46.7601290243672,15845.9964990007,638.740626692083,9038.60337428171,125.988511388912,11345.9171459926,226.087166579731,27153.4689767278,370.653113087716
"Honduras",65.176500927,5781.67690239055,234.901069247013,3276.34288098069,16.2419866007975,3660.24153408776,32.3110833915499,10408.4462921032,54.2070975063908,14832.5918846766,669.662149196874,8447.27201310184,141.765309085446,10697.4054768232,254.844518345767,25353.0981641047,421.253967973978
"Costa Rica",65.03645058,5994.87548382103,238.102400643861,3400.90935757425,15.0335194965721,3781.90950769762,29.9879315087205,10801.8075861912,50.1601910647576,14878.1162643682,632.78872885057,8476.0915602199,131.940919428583,10711.1549330196,237.188744722274,25447.1022998651,391.488076838772
"Zambia",62.726516487,7996.76485526734,317.754576053448,4572.22400138442,11.2600402147241,4926.52109813713,22.7480996186876,14491.5494662805,37.4045894018936,14724.4942897677,520.771036869044,8416.77281598837,101.481565954405,10496.7927069642,181.136144183145,25259.9173463505,295.909410111572
"Ethiopia",62.218978239,5307.09286080816,229.349631790469,3003.8680254058,17.564214866853,3372.4469834325,34.8634543228489,9544.96357358618,58.645366033852,14079.0745634661,704.356190830361,8015.38685305981,152.455154749376,10174.4167042511,274.01005856132,24047.4201330874,453.586274681247
"Senegal",60.341062277,5611.67808424657,220.991744265475,3184.31905477679,14.2573745078775,3537.90066619522,28.3963163778733,10112.8145317677,47.5748258351024,13794.6105288363,591.63371233573,7859.44186529805,124.704609071316,9933.32437099012,224.086876177162,23591.0653502207,370.133064828016
"El Salvador",59.653635661,5650.09740150588,220.504794675445,3207.7508261025,13.3423047293383,3556.07110197523,26.6499789170501,10186.4702764399,44.5100781330698,13684.3036761905,567.643530602168,7797.90235496947,117.426056596614,9841.78321371177,211.09629972616,23413.2254598903,348.160218412362
"Tanzania",58.543722604,5303.28800081493,217.041436895003,3007.07728168838,15.0032631256454,3351.61604790772,29.8118891986743,9551.17067284869,50.0734000766968,13329.7141625458,611.341154078967,7592.70523591814,130.604270205547,9612.15390650239,234.65800491455,22784.2833452169,388.077629532458
"Cameroon",53.532875097,4999.64404847307,227.795340375076,2837.34213055501,12.9758518256856,3150.50707300109,25.9423346897166,9011.08294186313,43.2788942715966,12265.5568104884,554.213929886737,6988.5245894443,114.369562605931,8826.50968918819,205.476641114085,20981.6361528328,338.658884203803
"Democratic Republic of the Congo",49.683045008,6325.56711374525,250.217402626337,3616.57692316777,8.91341908296247,3896.51597137637,18.0636886819744,11463.6084466916,29.6145816656473,11705.6432196676,420.57688646323,6690.96514898995,80.8148779751058,8336.48103572277,144.430603872244,20089.4834742901,235.705329455336
"Afghanistan",46.572276401,4306.29475336658,188.770994434092,2443.18436072732,12.9218160075089,2716.85789220297,25.6678809842375,7758.84200716945,43.1209891283006,10618.627811707,527.446047752095,6049.59493639841,112.459115815048,7653.75029633408,202.027461755683,18152.5382023884,334.110228971718
"Nicaragua",45.292146241,4419.53561536482,168.219610709041,2511.14071798934,9.77767703960848,2774.87915552622,19.5349824866263,7972.58697257891,32.613563374921,10412.4486731236,416.251021876279,5935.06488393557,86.0841489253443,7482.96414002438,154.681626725848,17819.3169954109,255.038650477906
"Mozambique",44.711453088,5001.37005281503,199.576138050814,2851.45036356019,10.0126242119969,3108.83856986881,20.0010603316522,9043.82122501611,33.3707961396381,10346.2336904284,424.20233105833,5905.39158018418,88.095613604687,7415.00502115065,157.908746829645,17718.3044699504,260.123956328363
"Bahamas",44.21220358,5370.46504511087,295.634817036517,3067.42653269881,10.2202085712879,3317.55818659657,20.7937954822636,9726.41041603724,33.9512358723228,10419.6294232239,493.451532252961,5952.35317415397,93.3341048134355,7424.99444887565,166.865961200917,17881.5406466422,271.842880407106
"Paraguay",44.031788579,3907.00818182619,161.370954532005,2214.02342204895,10.8195461446222,2473.11014252269,21.559536959641,7033.89098090693,36.1115240601384,10031.9483301874,448.931973064284,5713.3039521142,94.6937597264489,7232.69028983968,170.245024289377,17149.8507486084,281.216922131792
"Papua New Guinea",42.801104851,3846.51098389771,157.66204252684,2180.54497321469,10.3787222081746,2432.1178645736,20.6699629696325,6926.87011390482,34.6345563650179,9763.95308748443,430.984186789378,5561.26227206574,90.7786891962949,7036.71415187409,163.165136907859,16693.8828385135,269.538004241621
"Iceland",39.715398155,4209.7832382411,150.587219287972,2397.04896727857,7.74829950224088,2626.2240464677,15.519578536664,7606.07670097702,25.8272017165359,9190.92512969867,336.674339693647,5243.0761421697,68.585761395469,6588.38556769486,123.132652035996,15741.3136792314,202.649803147386
"New Caledonia",38.764981862,3976.53368067535,150.927254566539,2262.38115828632,8.45644988053803,2487.33140204555,16.886023749958,7179.88848169417,28.2046866782529,8925.80996357152,356.060872017214,5090.12366759764,74.3167055522844,6409.90882254395,133.419752554421,15277.397400573,220.005475122129
"Botswana",37.175309702,3043.40589032303,143.277512439617,1720.38008256868,10.0038950506921,1940.78985500917,19.9135638074259,5469.04773339124,33.3914829887833,8417.38246099598,412.844978273644,4790.55431146281,87.3929708860644,6082.45772277353,157.13338567521,14379.1353487516,259.699409360199
"Nepal",35.222247597,2725.1388233773,138.491063342176,1537.61694166941,11.4172211269294,1748.27505714983,22.6563109672937,4889.52447131267,38.1332233784396,7900.13930584939,453.473799246347,4494.08431042646,98.9780614316953,5726.97496739396,177.94765701273,13479.3586397278,294.707550355956
"Cambodia",34.883733201,2671.38779117204,142.151579608295,1506.76757209435,12.1637744520139,1715.93734188607,24.1223542435142,4791.4584595357,40.6323092305245,7799.68123436384,478.744617137603,4436.54458963745,105.273967156301,5659.92410129257,189.254930714754,13302.5750121615,313.570963716429
"Equatorial Guinea",34.24583942,2439.94977708076,161.067972151469,1372.69874752386,12.2010536857591,1578.91189767122,24.2236948009329,4368.2386860472,40.7259282155353,7642.13296260109,498.423816914308,4344.59868510529,106.128450572953,5550.08752341548,190.834860788874,13031.7126792825,315.784094280788
"Laos",32.980850478,2256.32552113293,186.959496698736,1267.4536675675,18.095860538654,1467.94502655619,35.9006347085808,4033.57786927511,60.4911808837983,7262.06091802974,696.090830208875,4127.12021224513,156.364598703544,5297.92911781203,281.193050320703,12361.1334240321,466.179387213147
"Suriname",30.200844674,3254.88686693947,125.75091863655,1854.06190982952,5.86207742824719,2027.73729855734,11.7876491529619,5882.86139243154,19.5295348053298,7017.27675771922,261.362671080422,4003.71402853174,52.2848252798582,5024.36774700088,93.8203596095199,12023.748497625,154.058152403898
"Mauritius",29.417775836,2566.71306988636,107.129904035715,1453.78268601883,7.43548268555039,1627.29852372339,14.796301071779,4619.05799991686,24.8165564046557,6686.98611118831,307.03068539822,3807.75078249656,64.9343797502459,4824.70587547203,116.744200733201,11428.5016755963,192.958833774611
"Benin",28.269757631,2187.49528460335,109.666394624377,1234.26418140975,8.88386938477401,1403.35463400724,17.6169059961181,3924.86703839308,29.6640119137758,6343.11183127693,354.927959635558,3608.3581566088,76.9912657962862,4597.78210811112,138.402503137859,10823.1952291109,229.222486215318
"Malta",27.645332917,2747.49021740012,108.203431965823,1561.8554255553,5.87514308836901,1722.1053049094,11.7860755858809,4958.50992173564,19.5912163808769,6384.64654110246,257.708261620211,3639.90365331073,52.157307180978,4581.23310409039,93.7649912128765,10932.8028659062,154.288571988573
"Guyana",26.134899482,2886.40315660109,108.762755219668,1645.12934485155,4.94223143513904,1795.10632282113,9.93795391470139,5218.97380213059,16.4616103275602,6078.30686364263,220.512071231232,3468.85747743854,44.0854615682702,4349.95675835541,79.0707254464851,10416.1063551339,129.8090280105
"Uganda",25.857590775,2395.00401022921,96.7000834665762,1358.88546762893,6.64359352749272,1510.87453032005,13.1991092157391,4315.25203273866,22.172809422424,5888.87359450597,270.144650306423,3355.01919356293,57.8115745719456,4245.51452059225,103.858106897574,10066.0870693627,171.769732395218
"Montenegro",25.034430244,2590.56357629754,101.591887598531,1474.16702186191,5.04241451314154,1618.76678783207,10.1228096614148,4678.75691919863,16.805581954975,5798.90396825124,222.397280701048,3307.21234720805,44.8282665466233,4156.89608344973,80.4907761458413,9932.60347409593,132.322319946889
"Madagascar",24.371985331,2415.75068670171,90.9728968265193,1373.18243308078,5.40976955775613,1515.08814621929,10.7909323800117,4358.98148080507,18.0468396412893,5598.32828596527,226.599807212504,3191.51124510181,47.4532572612792,4024.02898522687,85.2318557177619,9579.44462756712,140.643864059135
"Kosovo",24.205794021,1533.83410455703,134.38724524116,858.969205460119,11.4970538115844,1006.86744404321,22.7509347529461,2735.66566416777,38.3859131210927,5320.40590616814,455.398108162281,3022.21578808852,99.2920903766463,3884.97220515673,178.447574312125,9054.02972525916,295.794308385938
"Guinea",21.318542029,2080.63133540018,79.5897774281758,1182.20218152389,4.65470247925276,1306.40984253079,9.29158982521488,3753.28198214585,15.526049821019,4897.98823562325,196.732183268028,2791.83598174013,40.9055744007826,3520.72808550638,73.4826014294492,8381.40063962325,121.203853150906
"Haiti",19.835794326,1823.31232656175,71.4675414725731,1034.29207722092,4.77759738586102,1150.71864234439,9.51070542993865,3284.92626011993,15.944356477612,4526.54137656262,197.404711117212,2578.71014201242,41.7439917253577,3261.3145717945,75.0279278501071,7739.59941588093,123.975094980736
"Congo",19.633439419,1838.69633320182,78.2429020092168,1043.55907684342,4.90406633762104,1158.56894340931,9.76907762689603,3313.96097935272,16.3626565371109,4490.23930329777,203.469646868711,2558.45523524001,42.9021403275094,3233.15420783301,77.0666807457042,7679.1084668203,127.26782535747
"Mauritania",18.88186506,1703.41098706035,78.8889793205341,965.749521040299,4.81857057883795,1076.64722386767,9.62277002921572,3067.83621627308,16.0784165147651,4310.48846858762,202.764951147077,2455.21294520199,42.3460428595621,3105.88285267255,76.1052262544012,7370.36960788833,125.553260129874
"Namibia",18.611064831,1380.38845337026,77.315813948892,777.725221375527,5.83156849917552,889.256963103328,11.5848395137489,2474.18317563193,19.4680585433089,4171.00003710373,237.153101372311,2371.98731733789,50.7414009084893,3024.68562675475,91.2312778547906,7116.32716721853,150.943267357319
"Togo",18.04493951,1593.32097902523,67.1253013396556,902.770181868139,4.50207942209863,1009.02471652876,8.96476048955612,2868.16803867879,15.0251177849057,4109.69886868799,186.378838313927,2340.4139310817,39.3582612304044,2963.50171544082,70.7474784772026,7025.18095954146,116.889478908138
"Aruba",17.764227961,1777.24003839979,74.9225338344272,1010.47805873899,4.19526382286692,1113.55952797512,8.38953147513595,3207.68252848525,13.9893407919028,4096.90968854191,181.129592705678,2335.75862452648,37.0352496207132,2940.77137677376,66.5552410991078,7014.19906432548,109.665293828905
"Lesotho",15.893997256,1247.37857522032,67.6560799542499,704.150252992502,4.53772386041513,798.696111202152,9.04607792205409,2239.28936146629,15.1437688113036,3588.76645315786,189.950453296365,2041.78936249806,39.7732162541165,2595.73809877207,71.5278358730825,6128.77189820344,118.120770318857
"Burkina Faso",15.244752134,1230.99386470456,57.4550818075662,695.551527564761,4.53818579588548,786.323172951686,9.00316478730179,2211.10689359722,15.1531617449818,3435.12003040198,181.514734701106,1954.77667288894,39.3549146311434,2486.30322340483,70.7387329462615,5864.28019491218,117.131435505197
"Macao",15.147908549,1364.48507346558,58.0833521052503,773.563467609198,3.58750794855837,862.394298986239,7.16970794414483,2457.4974538013,11.9706108743549,3463.82603363232,152.36361063502,1972.94686041982,31.5894358151554,2494.29547684677,56.804244359391,5924.23576363037,93.6859980978249
"Occupied Palestinian Territory",14.687777921,1092.03173586899,60.9447219618784,615.314307351526,4.58988527002243,703.308812458325,9.11929078080223,1957.47208779713,15.3230048697836,3292.66006351511,186.836452433367,1872.51602149233,39.9469612721177,2387.49279395329,71.8273326303308,5617.97137509971,118.834870534863
"Barbados",14.333416701,1421.45506442233,54.3184733854295,808.00279871073,3.00777993366713,891.220856803204,6.02108741229967,2565.14153775307,10.0300782437348,3304.99780244581,130.125273402418,1884.13598804976,26.5910723198054,2372.79867909437,47.7830921345407,5658.0587401933,78.6982469144458
"Liberia",13.806807584,1619.79878629234,76.4308798165205,924.480716910092,2.89966423850233,1003.10236339735,5.86810353430144,2931.81327856957,9.64294172549822,3233.70818145313,135.161048504945,1846.60731449325,26.1978965620465,2308.99936179592,46.8834835265488,5545.51786807021,76.6284788420221
"Fiji",13.721273325,1374.25781462485,51.7876812929233,781.378574046468,2.97871008665783,861.124498932159,5.94884300463865,2480.27037089594,9.93568398777322,3157.51346331696,125.901618834132,1800.22107923019,26.1919653394077,2268.23522089777,47.0437947215054,5404.08408982293,77.5774546903745
"Sint Maarten (Dutch part)",13.606480728,1711.17844676498,80.1848860902447,978.092798692292,2.71581210465449,1054.86054333685,5.5149211428876,3100.5819982658,9.01768600000854,3206.59537444986,129.971483264029,1832.55877430029,24.7232997015955,2284.06239710491,44.1453411615427,5503.16495194437,71.9369459552564
"Mali",13.549468806,1120.06432439119,50.7700325614242,633.349399587946,3.99757279684179,713.899049656722,7.92603385805449,2012.9445239289,13.3466616987077,3056.94438497784,159.810876447478,1739.90287117024,34.6395447720353,2211.525008598,62.2538665685943,5219.40527516529,103.097267943549
"Malawi",12.126184429,1230.11867665569,47.0541965759878,699.652392439678,2.49242470898632,769.923492501986,4.99198101170001,2220.78014502542,8.31002557460508,2799.29143171872,107.875010891857,1596.18123466317,22.0505234458291,2008.83968036786,39.6008379660538,4792.85338012514,65.1930295647607
"Niger",11.792341039,1074.0049468977,46.0114592566633,609.074806483675,2.93913675998457,678.299430914765,5.85520496671209,1934.64060329466,9.80741332494025,2693.12774833729,122.010609503357,1534.1094652366,25.715051225754,1940.24798410344,46.204143513656,4605.02579567183,76.3074550239699
"Swaziland",10.730637188,1002.79996949975,41.9594304700029,569.108230642536,2.43663067273187,631.769807073213,4.87548863136523,1807.5218707835,8.12754966675794,2463.56497822401,104.877085242935,1403.67243876069,21.5182395574471,1771.57618945174,38.6847170803774,4215.44630645961,63.7446503141988
"South Sudan",9.667269182,872.956806204956,35.9796254138771,494.940000665988,2.45939162095749,551.836569649016,4.88747163778038,1572.09384829986,8.20731716679725,2201.45464752236,100.72426150193,1253.93069665902,21.4233928637647,1587.4033177313,38.4932985174196,3763.02992817677,63.6499355462084
"Sierra Leone",9.61742529,1086.64001912525,43.0731253277812,619.668706237015,1.88475457545734,674.775717541275,3.78781666959456,1965.47563359745,6.27539006928669,2238.11595167532,83.9339620354612,1277.58978090796,16.7974984719659,1601.24843896363,30.0976938252946,3835.50963515438,49.4001005696065
"Somalia",8.645218262,909.653371416642,38.1527223568815,517.854549171301,1.76569989566729,567.619804783204,3.56017213456519,1643.48576029542,5.88300434324922,2009.04277299317,79.9344099634833,1145.98471353491,15.8270861537323,1438.63335693635,28.4202358365017,3442.51024850824,46.620713428322
"Faeroe Islands",7.976536304,812.569055346857,31.2043127981997,462.212388794198,1.61728625264215,508.343937519087,3.24725591228088,1467.15083972729,5.39197614877143,1845.31662947245,71.2089890136204,1052.26213004351,14.3785051087699,1323.30678944261,25.8361781905816,3160.38096893123,42.4872284956333
"Greenland",7.74466364,879.214548361567,33.6660051701274,501.435927388486,1.44957826862268,545.730510260175,2.91837051249231,1590.47720743604,4.82584738810595,1805.93610811558,65.4418414749942,1030.93621559507,12.9670603018253,1291.18285403259,23.2422263823066,3095.68925471907,38.1164866545303
"Bermuda",7.593113886,806.261406029417,30.4724997561964,459.100774029511,1.48217564341009,502.822999055644,2.97970512326192,1456.8604450031,4.93954931402578,1762.319411168,65.8728958024414,1005.34628691323,13.2113289998269,1262.27140152677,23.7233814486985,3019.34054506401,38.9744692468137
"French Polynesia",7.364054743,701.319176622161,28.1759048631119,398.219830785051,1.62362093090635,441.161596365551,3.2471155383237,1264.57610271588,5.41547300553318,1692.32259205685,69.6758948463922,964.400831440912,14.3242088926095,1216.52039070634,25.7450944846564,2896.04655402329,42.4293399981615
"Rwanda",7.158465103,675.301494213825,29.1605632666966,383.345833159604,1.6420005824627,425.131716557097,3.28650920399551,1217.42693292477,5.47687676648354,1643.59874514652,70.4438661514059,936.556915456,14.4998069577716,1181.94270501822,26.0541971524273,2812.29661496532,42.9227837299549
"Chad",6.561421946,578.552034710363,24.3527916169067,327.792647384175,1.64700477493767,366.436364689969,3.27893876055081,1041.42709205694,5.49646263955906,1494.04612996315,68.3293296503575,850.824598921785,14.3982539317484,1077.38480267111,25.8847561353693,2553.92898829657,42.7700346464606
"Bonaire, Saint Eustatius and Saba",6.078746572,765.037922217166,35.866117857834,437.294770288112,1.21337212239267,471.586630341962,2.46413305259998,1386.23236602142,4.02886470753401,1432.71422637473,58.0953271304124,818.798330785448,11.0474588462131,1020.48605431983,19.7257941788416,2458.85829401891,32.1427130839498
"Maldives",5.766153872,421.234029114282,23.3238013956494,237.199083941509,1.89420094863937,271.851255947772,3.75602528244335,754.651747453566,6.32477292181738,1288.43795181223,75.7467708177527,732.625224136741,16.4161788410848,935.314625875273,29.5111727949845,2197.37400542467,48.8767766687966
"Antigua and Barbuda",5.626984074,628.022345227758,31.3619440416366,358.032528554555,1.21294453433219,390.295777956999,2.44760679756793,1135.73872917172,4.03401240411042,1310.15505485287,55.7094552492429,747.761253733628,10.9023162811842,937.338800711904,19.506317338008,2245.36511011309,31.9233062572962
"Djibouti",4.995926442,502.904053387744,19.6788320162846,285.97792208428,1.03191042601278,314.918017140035,2.06936164987375,907.816220938917,3.44026832452259,1154.56153540146,45.1797165649642,658.293314053632,9.15439145526925,828.31073126566,16.446081494919,1977.08056088509,27.0584641458695
"Belize",4.873086596,464.323947296619,17.9983282226157,263.655044917033,1.07775284459251,292.094400931185,2.15288271901433,837.222396041639,3.59541002854639,1118.38719758957,45.7516746195936,637.339668006332,9.48391397928504,804.24868193727,17.0456662962871,1913.57324282511,28.1117027200991
"Eritrea",4.393664121,340.567547241791,20.6805380229519,192.172126817975,1.34241866410295,218.331593259514,2.68095491067005,611.198921647884,4.47992813855321,991.080296583689,56.8219370716496,563.807042954287,11.8065752039721,717.058378488067,21.2384131098754,1692.37546830871,35.0449841682155
"Bhutan",4.251804963,311.670298206999,17.4942773136767,175.524791397919,1.45801007362435,201.076111578553,2.89230510953359,558.409991644526,4.86968120178896,949.527155661412,57.8240472896125,539.927811944239,12.6326149431646,689.406294934131,22.710971124638,1619.24736010587,37.6180947586145
"Seychelles",4.171218281,350.263625300901,16.7872015206806,198.155825989303,1.11318117380666,222.798568491403,2.22063990612989,629.836481421998,3.71508415504617,947.759199097395,46.827667277517,539.502906334262,9.76993356501742,683.999612513747,17.5738894746052,1619.77507844418,29.0143619797275
"Andorra",3.840694874,308.157337604822,16.958959286291,174.082790667732,1.07877967391775,196.85447011714,2.15509460417446,553.534752029594,3.59968182086429,870.059454093719,45.8871785809073,495.098526290361,9.49620397026355,628.587879717172,17.0816440244231,1486.49195627363,28.1788044048344
"Gambia",3.531722684,317.35107451868,12.875524332848,179.902502395789,0.85003909230487,200.658564634156,1.69316485044733,571.492156526095,2.8367005370371,805.648420227479,35.3153748158201,458.875481553755,7.43676771286287,580.607579131516,13.3675251326847,1377.46219999717,22.0812749644532
"Cape Verde",3.315121254,284.908936468454,12.6192908729747,161.298733245721,0.902259670142408,180.913191414162,1.79266779620989,512.514884745479,3.01141334231077,751.180739105032,36.8913484113937,427.686963170101,7.85631388781363,542.558342939905,14.1214461466739,1283.29691120509,23.3568067465226
"Central African Republic",3.190008127,326.604771209698,12.722671361994,185.806013745727,0.647661667634118,204.260369852506,1.29913403907751,589.747930030862,2.15889226879697,737.648559733626,28.3707905312592,420.650623336204,5.74802029617174,529.054309955171,10.3222158082241,1263.2407459095,16.9780765633316
"Burundi",3.151513715,296.61840150919,12.1125806225835,168.370079953344,0.731569209321514,186.787525466609,1.46121923454383,534.697599107617,2.4408966420825,722.495277282932,30.8507140720469,411.684484449435,6.43218134168651,519.797038766166,11.55940125665,1236.00430863319,19.0669813763758
"Saint Lucia",3.130854262,286.035475129858,11.8623899746865,162.22737361884,0.727033820383221,180.563898346204,1.45277361354893,515.31515342453,2.42565045871459,716.717694815371,30.9624144759312,408.283643164373,6.4025553497861,515.892282481825,11.5126431312211,1225.97715879992,18.9866471235032
"Solomon Islands",2.687462108,244.650591648414,10.0487066738291,138.741197007922,0.625641423703227,154.493375315774,1.24844581026885,440.717202621546,2.08731326781344,614.876382160107,26.4512689826541,350.257613329226,5.4958545945653,442.689632889303,9.87977555506521,1051.68190026179,16.3028039557714
"Guinea-Bissau",2.593228196,255.073274773826,9.96286038934998,144.960587577134,0.550699769013362,160.032807242445,1.10247548368506,460.226429501898,1.83654311482349,597.428307848856,23.7453833004087,340.558989785221,4.86710360991628,429.072952334236,8.74481794618102,1022.65298142711,14.4028617447127
"Grenada",2.076036431,186.673852887937,7.5674214243548,105.825538093163,0.497600318301747,118.022725911519,0.991591599696065,336.173294659131,1.66048037007053,473.674430079538,20.7929552228358,269.794164769849,4.3584786499544,341.320666996824,7.83588895184302,809.908458471942,12.9408729516668
"Samoa",1.85410702,174.832284025438,6.91948558739767,99.2455980015562,0.416441312902048,110.079001097272,0.831619749661409,315.172252977486,1.3893193612896,425.146646684077,17.6190621664967,242.256391923403,3.66179638635448,305.838274021119,6.58090779356801,727.34527410771,10.8550287981396
"Saint Vincent and the Grenadines",1.806081233,157.309964965442,6.6872532745336,89.0953559222951,0.454117216601309,99.7414949480951,0.904372315290129,283.093044025935,1.51553963688609,410.935470739722,18.8861782013259,233.994447325113,3.97254560479698,296.407796006625,7.14288448519882,702.404168887429,11.8011085116661
"Saint Kitts and Nevis",1.607962305,130.060398495706,6.36529286627804,73.4922251846518,0.434107055160059,83.0304556905289,0.864761386486299,233.658514611937,1.44880871820071,364.021812068331,18.0789514551911,207.15459309371,3.79935279726376,263.059813340189,6.83227229652655,621.851029771095,11.2870008193347
"Liechtenstein",1.589781394,130.786973276716,7.36532368112907,73.9430397111958,0.443550514538972,83.3362948385652,0.887995486713987,235.081585280386,1.47978747385995,361.372932762999,19.1520641495632,205.678291278824,3.92119312113122,260.773620102678,7.0540051361719,617.666886907495,11.6237612098203
"Palau",1.570796318,122.745691781609,6.96829647658889,69.2804732926931,0.458484775016902,78.6253680638885,0.914908427009073,220.331233988246,1.53006241985415,354.637639125476,19.3233660905318,201.759745324632,4.02646509308283,256.511221820964,7.24233905959738,605.641950230831,11.9545917607283
"British Virgin Islands",1.423367667,121.079014394274,5.35074029578826,68.5259060428989,0.363688446661292,76.9317338204354,0.724092251278569,217.779403319488,1.21368532745748,323.504093577448,15.1289078037137,184.172803120836,3.18050131442769,233.455300879638,5.7184529583593,552.88417673187,9.448275146369
"Timor-Leste",1.422036495,92.5941204355448,6.88654499015802,51.9120673289166,0.600596299777182,60.5712818276104,1.18887275016832,165.299012150108,2.00567130055904,313.488060430994,23.649207209362,178.104575568305,5.18603850170804,228.651073161127,9.32094020000127,533.708532563551,15.4516350669673
"Nauru",1.289577018,146.3144846204,6.62524957413207,83.443884942927,0.266634216932132,90.7812086166749,0.541146951450007,264.7183603016,0.887451198877548,302.840558118212,12.578311083459,172.875428833801,2.42081560210617,216.100457795014,4.34285479832739,519.54578772582,7.09710542637743
"Comoros",1.238119926,109.023274261781,4.52885570218976,61.7672616464513,0.310741104320013,69.0617471253603,0.61862441457321,196.24081401353,1.03720136012831,281.770928848519,12.8070069892879,160.459654757761,2.71459082910633,203.229350323001,4.8800967856868,481.623781464796,8.06499426270231
"Dominica",1.232308203,109.05982200267,4.48910925510683,61.7972907495029,0.304550234670076,69.0524912795291,0.606158544178426,196.329683978978,1.01633248065206,280.673322429984,12.6309927888576,159.842471758231,2.66144667205053,202.377401872261,4.78454955937681,479.800093659461,7.90630113976387
"Vanuatu",1.189686668,120.28902802093,4.81777180130455,68.4107119231252,0.253132244370733,75.3113962245649,0.506546682617806,217.144975915099,0.843886222851318,274.419842182458,10.9060519204567,156.470674230649,2.23590529350929,196.989441326534,4.01388591174662,469.79941099019,6.60950095200415
"Martinique",1.146161881,131.572924303075,6.43595348200724,75.0594012061858,0.242736159536325,81.6017673247474,0.490605799796018,238.057604378292,0.806949629919477,267.136656613173,11.2502541556628,152.524200486762,2.18962224957485,190.936313657772,3.91661828452132,457.949455694986,6.40317600033103
"Tonga",1.124908598,104.300909996377,4.17513697121493,59.1799436153633,0.256890226657903,65.7618336676661,0.513171119592629,187.9609527061,0.857131460419309,257.624028728198,10.8878681350748,146.77705209472,2.26027739571475,185.400861232845,4.06372373798868,440.694172857029,6.70307328395702
"Réunion",1.016467673,89.3121126781662,4.70356235217048,50.5976992927999,0.284487288342079,56.5866380351952,0.56836821782805,160.752000706504,0.9490118137382,231.026908866553,12.1447452761799,131.563777619651,2.50564010818481,166.64039568497,4.50511965922237,394.876553295039,7.4294455937137
"Saint Pierre and Miquelon",0.999624370000001,112.342361025186,4.15017331344259,64.0569809612424,0.186551412915138,69.7821204306481,0.375350649621057,203.187981683669,0.621294609169148,232.652921154047,8.35578417437378,132.80072486051,1.66624377654197,166.425320133671,2.98838948270381,398.732718467959,4.90419445323558
"Turks and Caicos Islands",0.955873109,68.5523200851882,3.99975281425631,38.5763498867537,0.318059563623693,44.3287388446644,0.630893799159372,122.751871524147,1.06189452955229,213.352443611181,12.7988440237702,121.299157545488,2.75933571265957,154.938477032904,4.96073370125903,363.81969625515,8.21391869947818
"Micronesia (Federated States of)",0.934731054,72.7271724815401,4.12874117590782,41.0429438375994,0.274422523327947,46.6067336821868,0.547480535890585,130.531839924834,0.915848146611568,210.912191571521,11.5390613731965,119.987481948966,2.40870934844122,152.583162086155,4.33257192297951,360.165930679441,7.15267577962999
"Anguilla",0.863159544,65.3693861046727,3.59894483551681,36.8566105724519,0.259644512090076,42.0142428002047,0.516364212192974,117.237304941362,0.866642608053503,194.060160292425,10.6965306445687,110.376929916098,2.2652218307541,140.572178026559,4.07340811271659,331.231372934617,6.73509336662474
"Marshall Islands",0.85177544,64.5938578529958,3.62266949538654,36.4210813405118,0.256030936555431,41.5090806686186,0.509584461298308,115.851411549857,0.854568461624132,191.541085428102,10.5928940658684,108.945341559056,2.23691678283901,138.735497588263,4.02269344023608,326.942417136987,6.64875600655736
"Sao Tome and Principe",0.843423165000001,78.0423267764003,3.10359191428668,44.2783755704918,0.197404691166244,49.2206372071274,0.39341095242664,140.627967551582,0.658670891774782,192.873913539075,8.24111687435301,109.884358853267,1.72900770288023,138.876329074141,3.10724097108744,329.861052689816,5.1306660620636
"Kiribati",0.537798948,52.6965704872683,2.10736114263263,29.9449473925446,0.118360236694219,33.0764153656139,0.236447837575296,95.0683487036466,0.394713794619249,123.664631232815,5.04159758604292,70.4906341294088,1.04197671205117,88.8697254627086,1.8714172669604,211.633534106327,3.08502225729351
"Cook Islands",0.523843334,48.3730597063965,2.1401667932883,27.4433462001387,0.122520849852916,30.5080901558586,0.245058727335032,87.1677427631921,0.408665260606778,120.074852242213,5.24649304380722,68.4079753757897,1.08082442168413,86.4010655750029,1.94224469481372,205.415515775847,3.20073283071133
"Montserrat",0.419237855,40.0354447840344,1.6423775513674,22.7343984826251,0.0934322431242399,25.1773878817928,0.186838557636947,72.1945479876851,0.311590594372707,96.4427930372605,4.01885568423534,54.9613033863714,0.824413364341239,69.3072966554988,1.48147324810071,165.059779069911,2.44124600671194
"French Guiana",0.231350667,21.0046522011933,1.08816219326022,11.9111893227642,0.0637732871308132,13.2727505933919,0.127252955661043,37.8300166874236,0.212691980272264,52.5606120279269,2.69912971183738,29.9407616171132,0.560351741128112,37.910143911105,1.00663793112693,89.8309305555625,1.66048806444771
"Wallis and Futuna Islands",0.124310702,8.67850203949495,0.605814038303959,4.87875679411609,0.0456474757844037,5.62864815601964,0.0906799579174842,15.5281011683491,0.15237617365233,27.6907926643014,1.86773126585125,15.739987536161,0.397409053930978,20.1229760658012,0.714684569325637,47.2094143909421,1.18240416367543
"Saint Helena",0.0960891960000001,8.18575465844688,0.40015064692843,4.63301150806641,0.024378697604777,5.19912394263941,0.0487532702650292,14.7251285246348,0.0813362853924159,21.8961944298788,1.04358191342307,12.4659206539808,0.215022264463158,15.7876818408502,0.386704891406548,37.4349807948055,0.63753340941396
"Tuvalu",0.072133158,5.66430961415307,0.310055667132629,3.19758566438052,0.0207615059551993,3.62662205505772,0.0413953994404687,10.168721123021,0.0692884524442549,16.288539667891,0.869862662136251,9.26720279589251,0.182027411453567,11.7810032645174,0.327374207842207,27.8174129432631,0.540597238533126
"Niue",0.0720887720000001,6.93181176777249,0.301978720764384,3.93700855332087,0.016261236300225,4.3564832858699,0.0326070255205034,12.5019434641267,0.0542243013495555,16.6043534466104,0.708836093924768,9.46320980778867,0.144180309815494,11.9277278701095,0.25908886722342,28.4221226619329,0.426382342136378
