Row,All_impact_calib_m,All_impact_calib_ci,N_calib_m,N_calib_ci,W_calib_m,W_calib_ci,HS_calib_m,HS_calib_ci,All_impact_expert_m,All_impact_expert_ci,N_expert_m,N_expert_ci,W_expert_m,W_expert_ci,HS_expert_m,HS_expert_ci
"USA",0.393414172716412,0.0235810336495397,0.226027717394439,0.000651094328556961,0.238772357796547,0.00132940787947497,0.71544244295825,0.00215329416362314,2.9835497684051,0.171218976804695,1.71155063218918,0.00342516913183699,2.10505869572618,0.0560268709784774,5.13403997729995,0.011327693050795
"China",0.411870993947216,0.0276424524468739,0.236545802883285,0.00078739062961034,0.250227899597094,0.00160824489465676,0.74883927936127,0.00260617733723613,3.18376790109941,0.206046029666532,1.82573129562772,0.0041253713647073,2.24699916233408,0.067586693615539,5.47857324533642,0.013654530488512
"Russian Federation",NaN,NaN,NaN,NaN,NaN,NaN,NaN,NaN,NaN,NaN,NaN,NaN,NaN,NaN,NaN,NaN
"Germany",0.237233598277144,0.0142007566778222,0.136300447009389,0.000390153295743857,0.143973858040684,0.000796599424133105,0.431426489781359,0.00129013523783302,1.76676930235575,0.100923806421889,1.01355021719815,0.0020182019666259,1.24651231915901,0.0330057252445046,3.0402453707101,0.0066736677675469
"Japan",0.196927472574561,0.0137393730576028,0.113076680487859,0.000401815134012019,0.119707931264106,0.000820928480402561,0.357997805971718,0.00133091661213627,1.3659961577466,0.093123799423294,0.783168093360114,0.00186586585314601,0.964247153015577,0.0306084658097377,2.35057322686412,0.00618023476411809
"India",0.232979075267771,0.014368210072734,0.133829310306729,0.000404583156268182,0.141470610374151,0.00082629173606999,0.423637305122433,0.00133877322335015,1.73432725253634,0.103215589369568,0.994729816392281,0.00206541698490556,1.22383662121461,0.0338217808785308,2.98441532000214,0.0068345033934415
"United Kingdom",0.35368006706987,0.0210084526045588,0.203234446883978,0.000566238383895915,0.214553312824365,0.00115581560552745,0.643252441501266,0.0018713406358651,2.6353758428318,0.148039973112998,1.51209661694601,0.00295953877977744,1.8591124139627,0.048345822039218,4.53491849758669,0.00978087204881928
"Canada",0.327325021511476,0.0199993441285609,0.188034129195068,0.000561244474281105,0.198730455270297,0.00114616680481928,0.595210480069062,0.00185698558613104,2.47809400871731,0.146105618476478,1.42140239158571,0.00292400031933353,1.74862122499486,0.0478702787512484,4.26425840957135,0.00967461898631601
"Ukraine",NaN,NaN,NaN,NaN,NaN,NaN,NaN,NaN,NaN,NaN,NaN,NaN,NaN,NaN,NaN,NaN
"France",0.202498817796801,0.0122758754678315,0.116331388504928,0.00034259043497071,0.122930726558985,0.000699594642599642,0.368234338326491,0.00113335183439442,1.48709072436012,0.0867400127757054,0.853010481606573,0.0017355967511336,1.04929941797835,0.0284063446301197,2.55896227349545,0.00574167157303865
"Italy",0.106368495465954,0.00718653844282653,0.0610817437791188,0.000208299751925185,0.064645877196267,0.000425541854997912,0.193377865422475,0.000689794205354002,0.803375034683554,0.0528217098015444,0.460631720369092,0.00105789613205093,0.567055126166091,0.0173478658650857,1.38243825751548,0.00350327167944606
"Poland",0.74968876174843,0.0457778528728012,0.430661517211651,0.00128216491851892,0.455168968659159,0.00261843578292457,1.36323579937448,0.00424207339260914,5.68228542820361,0.334102195778883,3.25926060434071,0.00668483447110207,4.0095728548514,0.109434787896373,9.77802282541873,0.0221169352197028
"South Africa",0.39422544349114,0.0240381190073043,0.226466024259116,0.000673189964468367,0.239346521993097,0.0013747738407349,0.716863784221206,0.00222725240710604,2.92467327644041,0.171775323500255,1.67755671407971,0.00343712344033445,2.06372114944167,0.0562665311450795,5.03274196579984,0.0113717403111484
"Mexico",0.139065975191061,0.0088942403930994,0.0798719958811643,0.000254928329544542,0.0844773004708013,0.000520725492169534,0.252848629221219,0.00084394860344093,1.02484804598258,0.0637748079411436,0.587723132641237,0.00127711123657331,0.72328367051073,0.0209299953933573,1.76353733479576,0.00422791867216327
"Iran",0.0856125758126601,0.00632090502352851,0.0491514826120424,0.000185935220499392,0.0520646066464662,0.000379891193557953,0.155621638179472,0.000615951080769725,0.628864858658378,0.0451827479250324,0.360492631549885,0.000905526307681617,0.443964510490483,0.0148581548948078,1.08213743393477,0.00299975392711428
"Australia",0.172579080359107,0.010630220685626,0.0991344154451274,0.000299480320184247,0.104792956093426,0.000611634822811872,0.313809869538768,0.00099099819595178,1.32402637534087,0.0787593681775059,0.75940438180122,0.00157614816609782,0.934305794497853,0.0258101005819832,2.27836894972355,0.00521556804866073
"South Korea",0.229318912013438,0.0177144989758666,0.13164238538167,0.000524936569343157,0.139497163301034,0.00107257609633172,0.416817187357611,0.00173927162625592,1.82229728193143,0.137129632767219,1.04452179388796,0.00274909350408746,1.28661652068105,0.045121820869102,3.13575353122528,0.00910856779432737
"Brazil",0.098901347001522,0.00651375972632388,0.0567986522565343,0.000188539336004452,0.060093451912676,0.000385147042454493,0.179811936835356,0.000624319180167973,0.733207729858614,0.0471710818968408,0.420438701025132,0.000945006213730153,0.517500036755576,0.0154939094681646,1.26168445179513,0.00312924356854486
"Saudi Arabia",0.0707697505324551,0.0071817251057752,0.0406071550644007,0.000217800261512,0.043105803064593,0.000445066084078205,0.128596293468372,0.000722002970545058,0.499821777539847,0.0491314506382166,0.286374292191862,0.000986264475154175,0.353046472190609,0.0162007881543504,0.860044568237071,0.00326944456292649
"Spain",0.123697231344292,0.0080568127699321,0.0710420169486576,0.000232615138020957,0.0751503031481678,0.000475169836455347,0.224899373936049,0.000770220046728791,0.893438977923935,0.0568643408356239,0.512342602964736,0.00113916284304607,0.630571432755542,0.0186747982324248,1.53740289805153,0.00377192157684767
"Indonesia",0.185190074285427,0.0116406000427398,0.106373020231284,0.000330420689615292,0.112467157115322,0.000674845568460917,0.336730045509675,0.00109357136685536,1.47877665450058,0.0901019914519651,0.848122089744488,0.00180407081300834,1.04356467088072,0.0295503928052992,2.54464320287654,0.00597081310853269
"Kazakhstan",NaN,NaN,NaN,NaN,NaN,NaN,NaN,NaN,NaN,NaN,NaN,NaN,NaN,NaN,NaN,NaN
"Turkey",0.0868715864201192,0.00576718195465002,0.0498887725328418,0.000167193852254664,0.0527876428812947,0.00034155242786969,0.157938343846221,0.000553664132772713,0.638120361256778,0.0413848061241189,0.365903584437745,0.000829056328626057,0.45039571219252,0.0135942771753196,1.09806178714007,0.00274542841748339
"Netherlands",0.174330140122192,0.0108159775092195,0.100137660559762,0.000306151203208772,0.10586401899237,0.00062527828245432,0.316988740814445,0.00101319383314544,1.31054606618506,0.0787454026002469,0.751653709115804,0.00157627083983161,0.924820681524511,0.0258172843883015,2.25516380791486,0.00521659845705485
"Czech Republic",NaN,NaN,NaN,NaN,NaN,NaN,NaN,NaN,NaN,NaN,NaN,NaN,NaN,NaN,NaN,NaN
"Taiwan",0.355387583037905,0.0245146615633471,0.20406916428976,0.000714391726557265,0.216020803795352,0.00145948609111754,0.646072781028604,0.00236603065627862,2.40597096227265,0.161791808500741,1.37944441668949,0.00324141931358655,1.69832047518666,0.053164455938122,4.14014799494181,0.0107354231308901
"Belgium",0.320822450439427,0.0191293056209683,0.184332695121507,0.000523770690257641,0.194682315295009,0.00106933225961775,0.583452340901765,0.00173179416643846,2.39446883046228,0.136104419960361,1.37370418161621,0.00272210932907295,1.68933924379331,0.0445062755890504,4.12036306597733,0.0090003758212919
"Romania",0.828581547680153,0.0543035963449514,0.475851834221503,0.00156483846438483,0.503451268741747,0.00319663357595175,1.50644154007721,0.00518122401153572,5.9743972441126,0.380947600809512,3.42585210564777,0.00762876914552433,4.21668187181858,0.125062125375833,10.2806577548715,0.0252590684437145
"Argentina",0.180898585548927,0.0111055660029427,0.103915472563426,0.000312499068897157,0.109838634117844,0.000638203759369793,0.328941649965512,0.00103403594375603,1.36805836812807,0.0811101585699172,0.784677267206457,0.00162331513618268,0.965365927090072,0.0265799134852737,2.35413191008767,0.00537142784066509
"Venezuela",3.72300546263769,0.22234998631395,2.1392362245277,0.00603017014661002,2.25880582513244,0.0123098724481374,6.77097433825294,0.0199325010270188,28.4147468473468,1.60937331681724,16.3026177282814,0.0321780579704126,20.0458906730572,0.525831697825278,48.8957321407018,0.106363362550108
"Thailand",0.120303841737248,0.00927843563140375,0.0690627091979692,0.000274810864513732,0.0731782244825498,0.000561510041735272,0.218670591531224,0.000910526780649856,0.856803123243875,0.0644206875389296,0.491118971549549,0.00129136912074905,0.604929774882036,0.0211956900725107,1.47436062330004,0.00427867424465497
"Uzbekistan",NaN,NaN,NaN,NaN,NaN,NaN,NaN,NaN,NaN,NaN,NaN,NaN,NaN,NaN,NaN,NaN
"Egypt",1.08233961036795,0.0667658844986107,0.621766285359582,0.00186107243658534,0.657098701585247,0.00380062672456707,1.96815384415902,0.0061566745063565,8.11424467225659,0.480430357629742,4.6542693487534,0.00960903621293872,5.72546905051666,0.157278923728344,13.9629956174997,0.0317879665078492
"Malaysia",0.169212748751813,0.0138025425050155,0.0971256399120358,0.000407555065927583,0.102969993733298,0.000832730672336448,0.307542612610104,0.00135024251048715,1.28002728865893,0.100591622732345,0.733607347788121,0.00201605263609833,0.903827252201342,0.0330866071690052,2.20264726598731,0.00667924459838104
"North Korea",NaN,NaN,NaN,NaN,NaN,NaN,NaN,NaN,NaN,NaN,NaN,NaN,NaN,NaN,NaN,NaN
"Pakistan",0.254048358225877,0.0165440167584502,0.145907327867678,0.000469738673440632,0.154336867602709,0.000959499792882884,0.461900879207245,0.00155475208095302,1.82347128229413,0.114317625900017,1.04567064487271,0.00228729197113579,1.28689260013878,0.0374748184032766,3.13785060187091,0.00757053262364603
"Belarus",NaN,NaN,NaN,NaN,NaN,NaN,NaN,NaN,NaN,NaN,NaN,NaN,NaN,NaN,NaN,NaN
"United Arab Emirates",0.0562750070466503,0.00685428893123317,0.0322808484294326,0.000207721012106586,0.0343047201359504,0.000424475103842668,0.102239452574568,0.000688586477447265,0.449823453328516,0.0521546067519813,0.257663586996361,0.00104679898072877,0.317808533398012,0.0171953556621083,0.773998239591173,0.00347009489037896
"Algeria",0.0513591185353856,0.00394965996360995,0.0294882246894369,0.000117835558148751,0.0312274970553537,0.000240758267225227,0.0933616338613661,0.000390470610469354,0.397188121796516,0.0302575032214247,0.227705745926453,0.000607087091265384,0.280406300041219,0.00996527479265737,0.683452319421875,0.00201169893755854
"Hungary",0.399969108582458,0.0245695114736688,0.229760938074334,0.000687476728108017,0.24284691202424,0.00140398045150683,0.727299475648798,0.00227448274125351,2.94968565645162,0.174187225522035,1.69186406294017,0.00348460449100299,2.08138055440684,0.0570445460294003,5.07581235200786,0.0115286415537189
"Iraq",0.467547947297058,0.0338425135713928,0.26844769492565,0.000987292936462104,0.284272172472542,0.00201711660468651,0.849923974492981,0.0032700129378665,3.490601206593,0.24516537005497,2.00111141111895,0.00491072049659321,2.46410259690565,0.0805543210333994,6.00658961175441,0.0162647973717397
"Sweden",0.154209772938583,0.00951606899432261,0.0885833378438692,0.000267550440539765,0.0936363741993726,0.000546424962108664,0.280409606772508,0.000885302505635073,1.17120051973878,0.0697070705388962,0.67175465728648,0.00139469989035567,0.826451780593126,0.0228376315926716,2.01539512133672,0.00461494776480222
"Greece",0.0738999756820423,0.00521007583791779,0.0424323201361415,0.000152455193876227,0.0449262929849943,0.000311474416323212,0.134341313924991,0.000504977996268765,0.514498375418091,0.0353886800283478,0.294968193221834,0.000709087485734296,0.363189114901868,0.0116323796059995,0.885337818130571,0.00234871353753988
"Austria",0.198619665249694,0.0121204827988786,0.11409872004961,0.00033976262172977,0.120588139730426,0.000693853883640449,0.361172135969046,0.00112413182172126,1.46796065633957,0.0863628080527573,0.842005340898788,0.00172826392899285,1.03583366566028,0.0282927752862258,2.52604296245965,0.00571809950436246
"Nigeria",0.0199033362338385,0.00184341381520346,0.0114230540701978,5.59142260926846e-05,0.0121152594267695,0.00011425551016852,0.0361716952045483,0.00018535224317377,0.15550175340107,0.0141455897509589,0.0891145252940187,0.000284009733322577,0.109818070944426,0.0046650120242723,0.267572663964766,0.000941474913151147
"Bulgaria",1.09174572954333,0.0750869852699864,0.626908992208866,0.00217182735869575,0.663576850238362,0.00443697199613159,1.98475134618276,0.00719186172345551,8.45151011397155,0.56339016116679,4.84565406989498,0.0112799895978816,5.96551628393469,0.184970946073513,14.543359988085,0.0373529346635998
"Denmark",0.220156331015971,0.0136204832293477,0.126464305169841,0.000383255714235566,0.133682045204602,0.000782742294280128,0.400322642673471,0.0012681941744854,1.62588389379676,0.0970479648343223,0.932534937463514,0.00194174320724184,1.14730411344127,0.0317968217642569,2.7978126304855,0.00642523342067416
"Viet Nam",0.35472306515581,0.0283711089342459,0.203628109978426,0.000824882224480492,0.215790301992132,0.0016853691611408,0.644750783496872,0.00273197306121123,2.86443614621406,0.219005971611695,1.64180866991182,0.00438425583677068,2.02232432059446,0.0719184172197948,4.92917544813589,0.0145204593868647
"Colombia",0.113267993210028,0.00712950032022071,0.0650585072744151,0.000202479783825819,0.0687956372446409,0.000413567728486066,0.205949835111027,0.000670162412492062,0.874925619151702,0.0532951500663455,0.501772243808728,0.00106673342206731,0.617439999333907,0.0174755289166877,1.50556461431247,0.0035306470113259
"Philippines",0.099625161393463,0.00678455786032167,0.0572089762073284,0.000197393357722131,0.0605489083114247,0.000403268817638865,0.181117599661636,0.000653738005655505,0.767233164690488,0.0510076173708934,0.43990648274567,0.0010217882336038,0.541553753651834,0.0167582068625225,1.32023925767396,0.0033840135744523
"Slovakia",NaN,NaN,NaN,NaN,NaN,NaN,NaN,NaN,NaN,NaN,NaN,NaN,NaN,NaN,NaN,NaN
"Finland",0.125175324235777,0.00842098783660297,0.0718829558965376,0.00024408965895975,0.0760715393194972,0.000498655298915749,0.227571477491295,0.00080831473633733,0.962121924007263,0.0630696629187801,0.551664112420304,0.00126318976435054,0.679097087165969,0.0207141902986562,1.65560457243552,0.00418311412972802
"Kuwait",0.367386109014141,0.030093957405041,0.210935368421276,0.000858457647602638,0.2233810322578,0.00175373074860285,0.667841926363347,0.00284179506083414,2.7883343858469,0.21676258650666,1.59845908065295,0.00433549512298008,1.96826276567291,0.0710605462677277,4.79828131121483,0.014352005205105
"Serbia",NaN,NaN,NaN,NaN,NaN,NaN,NaN,NaN,NaN,NaN,NaN,NaN,NaN,NaN,NaN,NaN
"Chile",0.349312177488364,0.0219465105951223,0.200644064079201,0.000619999822197933,0.212140574866129,0.00126628036869413,0.63515189351976,0.00205176470174024,2.57989040213244,0.156410024175535,1.47963037836548,0.00313026583645891,1.8205882783577,0.0512668889722,4.43945254967413,0.0103589851486431
"Switzerland",0.0391757429015263,0.00249200790817977,0.0225009645202038,7.09570029484579e-05,0.0237961502829083,0.000144936741731206,0.0712301139014669,0.000234870084915435,0.294677409378893,0.0181533676367861,0.168992808377904,0.000363342876961099,0.207960249126837,0.00595335678798372,0.507079170631937,0.00120267723859842
"Turkmenistan",NaN,NaN,NaN,NaN,NaN,NaN,NaN,NaN,NaN,NaN,NaN,NaN,NaN,NaN,NaN,NaN
"Portugal",0.0984233937747418,0.0061831622553669,0.056532752539282,0.000176077724614543,0.0597776658059806,0.000359639070441346,0.178959762978963,0.000582813380657544,0.714678768246412,0.0435882625320577,0.409876213665839,0.000872701025989466,0.504354868739967,0.0142978201797855,1.22980522233343,0.0028886211266852
"Azerbaijan",NaN,NaN,NaN,NaN,NaN,NaN,NaN,NaN,NaN,NaN,NaN,NaN,NaN,NaN,NaN,NaN
"Israel",0.139130694414547,0.00925389794499534,0.0798994744261372,0.000266884158175583,0.0845449740326492,0.000545203949127237,0.252947634784854,0.000883690035454915,1.05274326806567,0.0680344542255162,0.603642981012507,0.00136229481361445,0.743035135438893,0.0223346551999182,1.81155168774561,0.00451074488786626
"Norway",0.0746120342761096,0.00467308227586796,0.0428568484884859,0.000132742930232247,0.0453129802190329,0.000271123421778992,0.13566627412081,0.000439349741585933,0.568137183201651,0.0345123405941982,0.325840129464244,0.00069089151085795,0.400931303031573,0.0113180431573275,0.977640117109135,0.00228669810307996
"Singapore",0.187434505862498,0.0167584364540144,0.107585573892639,0.000503824187396035,0.114056896240614,0.00102950359071738,0.34066104745424,0.00166984294798752,1.29734431286378,0.113753802236454,0.743554001775644,0.00228236507401162,0.916121772038624,0.0374800575723809,2.23235716477707,0.00756452611628089
"Libya",NaN,NaN,NaN,NaN,NaN,NaN,NaN,NaN,NaN,NaN,NaN,NaN,NaN,NaN,NaN,NaN
"Qatar",0.374355585684841,0.0312979216097129,0.214876562393839,0.00092079493339466,0.227798098957338,0.0018813831375321,0.680392095703345,0.00305039556764694,2.68444537113523,0.215620729447629,1.53850957008708,0.00432035525733414,1.89547225855908,0.070895786990987,4.61935428475955,0.0143124077356143
"Ireland",0.253840525248676,0.0155112279226807,0.14582163388637,0.000434905727627287,0.154111990080887,0.00088814608074598,0.461587951778772,0.00143893124649568,1.89648202309977,0.111785064755026,1.08780714959105,0.0022371637941158,1.33821052583866,0.0366237100050511,3.26342839386961,0.00740189122006881
"Syria",NaN,NaN,NaN,NaN,NaN,NaN,NaN,NaN,NaN,NaN,NaN,NaN,NaN,NaN,NaN,NaN
"Morocco",0.228708924445329,0.0144476922667232,0.131370745616368,0.000411831759923579,0.138894910236796,0.000841130774392915,0.415861117482824,0.00136316865800451,1.8316091452462,0.112634433268346,1.05048712097055,0.0022559408850656,1.29257241622651,0.0369579904141312,3.15176789854155,0.00746719463647734
"Peru",0.154451366915821,0.010536245092921,0.0886908328835944,0.00030414968031378,0.0938752716656481,0.000621339851441321,0.28078799619822,0.00100709946887564,1.20285507892932,0.0794085910800214,0.689663093703647,0.00159004262963264,0.849031109766338,0.0260697695741632,2.06987103331798,0.00526494417531732
"Cuba",NaN,NaN,NaN,NaN,NaN,NaN,NaN,NaN,NaN,NaN,NaN,NaN,NaN,NaN,NaN,NaN
"New Zealand",0.12626127801232,0.00758973479563474,0.0725388192051112,0.000210188985529006,0.0766365726814842,0.00042918232317864,0.229608442150366,0.000695191871363394,0.961958113791596,0.0554319176513898,0.551823956543074,0.00110894146083169,0.678727855478967,0.0181424098448265,1.65532252935275,0.00366778062821779
"Hong Kong",0.157322769489624,0.0106946027523553,0.0903411705863746,0.000311047741060797,0.0956162640315513,0.000635458061433947,0.286010873850946,0.00103013130439137,1.1884594175207,0.0788303898148772,0.681422735831262,0.00157913550677887,0.838877673367014,0.0258986095679591,2.04507784336384,0.00522979820995027
"Estonia",NaN,NaN,NaN,NaN,NaN,NaN,NaN,NaN,NaN,NaN,NaN,NaN,NaN,NaN,NaN,NaN
"Bangladesh",0.0604247644463529,0.00456093000578942,0.0346911107893084,0.000131395565308859,0.0367456460246909,0.000268429464208869,0.109837536525059,0.000435060838559652,0.525661260298411,0.0378746132989889,0.301331408673376,0.000758164034911833,0.371085889023302,0.0124303179097824,0.904566483198555,0.00251033952340149
"Trinidad and Tobago",0.830251979169165,0.0544355409062186,0.476871727812787,0.0015574442966847,0.504289446331048,0.00318112964716412,1.50959476336366,0.00515564704876019,6.28171063144829,0.401025028232034,3.60256510501015,0.00803186259652365,4.43321889130868,0.131610522091798,10.809347898026,0.0265880768769464
"Lithuania",NaN,NaN,NaN,NaN,NaN,NaN,NaN,NaN,NaN,NaN,NaN,NaN,NaN,NaN,NaN,NaN
"Oman",0.0371377097494544,0.0050197566976598,0.0213012230940749,0.00015293826540093,0.0226447715801216,0.000312528623637588,0.0674671345741668,0.000507028948914421,0.270206664188378,0.0347562712313233,0.154767546223546,0.000697877360135056,0.190926313150798,0.0114653259027082,0.46492613319079,0.00231363958164977
"Ecuador",0.0392589303113988,0.00268437401068959,0.0225440051886038,7.83881251545387e-05,0.0238607308525786,0.000160144097322078,0.071372054893014,0.000259629033313981,0.304818623914857,0.0204079502688528,0.174772813853411,0.000408957415323295,0.215160393655955,0.00670784485492718,0.524522664235204,0.00135450641532309
"Croatia",NaN,NaN,NaN,NaN,NaN,NaN,NaN,NaN,NaN,NaN,NaN,NaN,NaN,NaN,NaN,NaN
"Georgia",NaN,NaN,NaN,NaN,NaN,NaN,NaN,NaN,NaN,NaN,NaN,NaN,NaN,NaN,NaN,NaN
"Moldova",NaN,NaN,NaN,NaN,NaN,NaN,NaN,NaN,NaN,NaN,NaN,NaN,NaN,NaN,NaN,NaN
"Tunisia",0.167094573371088,0.0109645437455433,0.0959674495119262,0.000315246226795449,0.101511380063264,0.000643950690717522,0.303804890538074,0.00104372842356713,1.27040029366563,0.0812160117757051,0.728518591560652,0.00162657662116687,0.896609202098804,0.0266612398590491,2.18607308733744,0.00538532774802475
"Bosnia and Herzegovina",NaN,NaN,NaN,NaN,NaN,NaN,NaN,NaN,NaN,NaN,NaN,NaN,NaN,NaN,NaN,NaN
"Bahrain",0.113972448394553,0.00803792358016323,0.0654578628984066,0.000234643181678058,0.0692397258669968,0.000479306193143025,0.207219756418255,0.000777114752294829,0.832006918066271,0.0579780134426044,0.47712905555334,0.00116274532463854,0.587236870333861,0.019066613326518,1.43165482831161,0.00385089623519603
"Slovenia",NaN,NaN,NaN,NaN,NaN,NaN,NaN,NaN,NaN,NaN,NaN,NaN,NaN,NaN,NaN,NaN
"Luxembourg",0.601392362033816,0.0358516899032163,0.345540213117848,0.000979910381549843,0.364931233046954,0.00200057588939698,1.09370563993664,0.00323980047582478,4.6387969111437,0.263308359124064,2.66129225074347,0.00526544609769493,3.27271233122418,0.0860832504288942,7.98238615146346,0.0174087295062238
"Kyrgyzstan",NaN,NaN,NaN,NaN,NaN,NaN,NaN,NaN,NaN,NaN,NaN,NaN,NaN,NaN,NaN,NaN
"Dominican Republic",0.0850127006251915,0.00636691097937616,0.0488092573505468,0.000189310652325146,0.051693694161039,0.000386793027816214,0.154535150363989,0.000627274317682055,0.723268730388614,0.0533907639668138,0.414631597684947,0.00107094152652765,0.510613234848622,0.0175777249091566,1.24456135863227,0.00354852781435784
"Latvia",NaN,NaN,NaN,NaN,NaN,NaN,NaN,NaN,NaN,NaN,NaN,NaN,NaN,NaN,NaN,NaN
"Lebanon",0.0682293631717374,0.00443544976063039,0.0391856893931091,0.000127784085920539,0.0414514276966153,0.000261025094321762,0.124050972425488,0.00042308626260219,0.523785342996174,0.0332081563064024,0.300365106167406,0.00066517928392513,0.369674159052356,0.0109036053230244,0.90131676376876,0.00220237297288558
"Angola",0.0208134569665229,0.00167356926404955,0.0119477903809844,4.99378512329264e-05,0.0126621051592454,0.000102038260606936,0.037830475359339,0.000165484011007315,0.156546148757679,0.0123217283900148,0.0897287586347408,0.000247123477686303,0.110533170018254,0.00405707671066886,0.269376517620041,0.000818917580391248
"Zimbabwe",0.54055445777316,0.0356222291297441,0.310470452035728,0.00100280904503624,0.328351237560274,0.00204801333371384,0.982841683723476,0.00331820692551868,3.95541872707018,0.249466243188844,2.26836563759712,0.00499257879476455,2.79142294261175,0.0817489328413185,6.80646760100166,0.0165200040974767
"Jordan",0.125174429201314,0.00865778156463403,0.0718774469958844,0.000250065537750834,0.0760855886858153,0.000510859663004142,0.227560251922244,0.000828032993393523,0.904972962603237,0.060524231961304,0.51885801114935,0.00121187616609343,0.63878294126031,0.0198703410284276,1.55727793540005,0.0040128418272192
"Mongolia",0.228224143876922,0.0156096970926678,0.131052761647457,0.000451797977384045,0.138716442347014,0.000922979541380515,0.414903227636294,0.00149608599411744,1.72673544123473,0.11454228990797,0.990028512466928,0.0022939026227415,1.21882407547398,0.0376137735445726,2.97135373576327,0.00759604017181245
"Armenia",NaN,NaN,NaN,NaN,NaN,NaN,NaN,NaN,NaN,NaN,NaN,NaN,NaN,NaN,NaN,NaN
"Yemen",0.18382039418582,0.0123714808822551,0.105624630481369,0.000339132893114986,0.111521327816916,0.000692491842984666,0.334315224259176,0.00112144869810655,1.45554134988538,0.0940424502215591,0.83509940999273,0.00187912546599552,1.02679741980394,0.0307355190442156,2.50472721985947,0.00621391451611572
"North Macedonia",NaN,NaN,NaN,NaN,NaN,NaN,NaN,NaN,NaN,NaN,NaN,NaN,NaN,NaN,NaN,NaN
"Bolivia",0.143586678095351,0.0101469398013363,0.0825370947043654,0.000261213607573718,0.0870216829438916,0.000532803627582316,0.261201256637794,0.000861995136895667,1.06779471766457,0.0697527620842709,0.612907369425016,0.0013938299620081,0.753074705459197,0.0227001144671826,1.83740207810951,0.00459958675227663
"Myanmar",0.566524999888284,0.0359940386468371,0.325398097160923,0.00102142458435748,0.344092954594549,0.00208624927888198,1.03008394790938,0.00338057160546842,4.43161739417414,0.272224134498463,2.54154553996803,0.00544864277137882,3.12742117636266,0.0892567537626894,7.62588546619172,0.0180331737882054
"Sri Lanka",0.152590349420206,0.00928898901309732,0.0876623115630027,0.000258097600314293,0.0926258891566236,0.000527045744051568,0.27748284754099,0.000853745632832787,1.1374155234113,0.0664610596883938,0.652449011768141,0.00132939181453726,0.802540819696858,0.0217545731810777,1.95725673876892,0.00439741576288492
"Jamaica",0.165864737312942,0.011958976926524,0.0952323546531568,0.00035116214955993,0.100849106532253,0.000717455829097667,0.301512750753415,0.00116324331183381,1.28079571570571,0.0901086530997182,0.73426051935699,0.00180588491680129,0.904164474756056,0.0296286863533569,2.20396215300409,0.00598208990930027
"Kenya",0.0937717554991456,0.00576083783277477,0.0538671195409318,0.000161685813627371,0.0569342838405006,0.000330190803315779,0.170513863116004,0.000534961916516039,0.73190392738437,0.0433533287783217,0.419805470255823,0.000867663540525741,0.516458363910708,0.0142046227074457,1.25944794798658,0.0028707957743311
"Curaçao",NaN,NaN,NaN,NaN,NaN,NaN,NaN,NaN,NaN,NaN,NaN,NaN,NaN,NaN,NaN,NaN
"Guatemala",0.0882855920282257,0.00563081109882462,0.050706781091384,0.000160818982778785,0.053629199002288,0.000328491158707759,0.160520795991005,0.000532352277016616,0.668712736083938,0.0413749156509275,0.383490222365471,0.000828324599372884,0.471934988228659,0.0135733785650056,1.15071299765768,0.00274196788815408
"Sudan",0.108280751740692,0.00881789667515734,0.0621517149054795,0.000260222608302891,0.0658909453649928,0.000531698765433146,0.196799594951604,0.0008621208883428,0.853076144426109,0.0669068132230373,0.488914339259401,0.00134083027403507,0.602354897021246,0.0220051076504854,1.46795919699768,0.00444218815001092
"Tajikistan",NaN,NaN,NaN,NaN,NaN,NaN,NaN,NaN,NaN,NaN,NaN,NaN,NaN,NaN,NaN,NaN
"Uruguay",0.162021974796381,0.00973268120174489,0.0930864835152885,0.000268060336528828,0.0983342734315752,0.000547327123776286,0.294645167442278,0.000886465099257964,1.33870119445426,0.076827125891129,0.767963522372909,0.00153649501722847,0.944514272615356,0.0251309050747922,2.30362578837453,0.00508112921737797
"Ghana",0.0267373612036835,0.00165344580243046,0.0153588412188325,4.65939629442067e-05,0.0162350346952943,9.51573787916669e-05,0.0486182076969235,0.000154180452070387,0.199282174547668,0.0119085777469106,0.114301076691598,0.000238359794054853,0.140624421955679,0.00390304978747983,0.342921024995727,0.000788737820965947
"Côte d'Ivoire",0.10338019078382,0.00858690340909006,0.0593361940760585,0.000255160291403777,0.0629168571696735,0.000521369045803291,0.187887521105728,0.000845479330343415,0.784396993859875,0.0629884924308299,0.449535809594148,0.00126285832983878,0.553888832861875,0.0207302899904098,1.3497663391236,0.00418450931042828
"Brunei Darussalam",0.27094852447361,0.0304792439133262,0.155468542708115,0.00092134634506637,0.165034488555885,0.00188274718521566,0.492342542156831,0.00305402848673672,2.29630574610566,0.249536598722797,1.31569512136869,0.00500752004950467,1.62202869175937,0.0822505858326132,3.95119342518891,0.0165986536561242
"Panama",0.133615630598134,0.00882034373603319,0.0767344688201715,0.000255188644360409,0.0811874675495302,0.00052130478758347,0.2429249554247,0.000845016605255466,0.947389953330544,0.0610483943354905,0.543251653826179,0.00122286592738072,0.668671962994062,0.02004995444068,1.63024624317139,0.00404932600832513
"Cyprus",0.0720708997983343,0.00480209885498778,0.0413887514424667,0.00013867609755627,0.0437946885805278,0.000283292239226494,0.131029259372008,0.000459184559752984,0.557723570475602,0.036156613813622,0.319800793539072,0.000724100546349815,0.393646833609593,0.0118717680011719,0.95972308427814,0.00239764311551686
"Albania",0.14015375792081,0.00980318674970364,0.0804770806648735,0.000285094135828278,0.0851960119178983,0.000582436741492313,0.254788181179657,0.000944165321468345,1.111280479837,0.075545197306732,0.637132819926031,0.00151328467800634,0.784432994515768,0.0248184814690596,1.91227562506919,0.00501164610184611
"Gabon",0.171252841028837,0.0191048191496663,0.0982466456755393,0.000581626319143708,0.10436020236909,0.00118854028776343,0.311151675041881,0.00192823487104545,1.35350797867559,0.145308797034272,0.775378547645651,0.00291772253822415,0.956179869701379,0.0479329724769898,2.32896551867974,0.00967297069795937
"Honduras",0.111756085259234,0.00721971548818283,0.0641849963205604,0.000207222942413552,0.0678924588290426,0.000423293359926052,0.203190800628098,0.000686049256903411,0.859412602769996,0.0540095347956419,0.492836554981277,0.00108149479156763,0.606539073127975,0.0177259169199232,1.47886218020074,0.00358048529500738
"Costa Rica",0.117005323528671,0.00795091229164986,0.0671913633592374,0.000231897642953179,0.0711063965990625,0.000473749283559755,0.212718210627714,0.000768041670231209,0.870347238595679,0.0579674820707552,0.499045881019657,0.0011616331772253,0.614332157531655,0.0190521338718178,1.49766367723573,0.00384731243608302
"Zambia",0.621877388430611,0.0370902484750621,0.357358094282895,0.000996128886371683,0.377220917406128,0.00203320247058641,1.13105315360281,0.0032917086211944,4.84689445833002,0.272915442705213,2.78108421911045,0.00545585116987812,3.41914412301159,0.0891044793288047,8.34045503286801,0.0180288641134139
"Ethiopia",0.0974226739810113,0.00742063469491931,0.0559312341777723,0.000217827543729524,0.0592484384049839,0.000445069592540456,0.177088349360278,0.000721591195706796,0.731274064605745,0.0540801167813208,0.419191385016995,0.00108336240543237,0.516264758419232,0.0177768306889372,1.25836605038101,0.00358882426039944
"Senegal",0.0910866927591496,0.00649828712532768,0.0523119791822832,0.000186381357144318,0.0553414483341713,0.000380724005634578,0.165606650760994,0.00061703673358327,0.804455026007576,0.0556667756859979,0.461304032533921,0.00111454711205982,0.567772200930966,0.0182675382667564,1.38428884455784,0.00368983529247267
"El Salvador",0.105214280090644,0.00690194000771111,0.0604251545866109,0.000198592031140757,0.0639261421962659,0.000405674833999686,0.191291543489054,0.000657517644520292,0.792918921011656,0.0505802778419245,0.454684120945786,0.00101287774443047,0.559629082407853,0.0166033376318971,1.36444355968133,0.00335353329576911
"Tanzania",0.0689252141043527,0.00570409753852417,0.0395616953274942,0.000168136638408488,0.0419436523833869,0.000343542767580209,0.125270294602177,0.000557024523922787,0.543805935766536,0.0432650451750888,0.311661298224738,0.000866984322391017,0.383981885206226,0.0142279692808517,0.935774623868643,0.00287225636244191
"Cameroon",0.0184373438202871,0.0012244357568287,0.0105886350943974,3.55132000326788e-05,0.0112023123098121,7.25459268022774e-05,0.0335210840566518,0.000117601927031305,0.140291511232332,0.00912592266044919,0.0804478023643462,0.00018286235238193,0.0990183983667099,0.00299829603699095,0.241408332965939,0.00060554850032675
"Democratic Republic of the Congo",0.0371322568229416,0.00224530188732216,0.0213363298970404,6.07757928638635e-05,0.022528265559801,0.00012406158553328,0.0675321750119834,0.00020087953036448,0.290099905473174,0.0166113079311578,0.166442930281228,0.00033214406697909,0.204657691008549,0.00542688327893891,0.499199095129744,0.00109782104097863
"Afghanistan",NaN,NaN,NaN,NaN,NaN,NaN,NaN,NaN,NaN,NaN,NaN,NaN,NaN,NaN,NaN,NaN
"Nicaragua",0.0511979763231855,0.00347531045411187,0.0293999767355388,0.00010099033950554,0.0311166536230282,0.000206316748685783,0.0930772986109894,0.000334452793812614,0.380977686413405,0.0252113999792311,0.218439805955133,0.000505035853503498,0.268913599277989,0.00828241736000058,0.655579654007092,0.0016725426709801
"Mozambique",0.818405436105149,0.0510954211713972,0.470105664027387,0.00144118320237272,0.496979728047579,0.0029433998729021,1.48813091624048,0.00476907553340837,5.89159212022375,0.355140306187682,3.37909319566717,0.00710722804885796,4.15749936470637,0.116390607913501,10.1381838002977,0.0235188054803572
"Bahamas",0.477725192239321,0.0479265179916778,0.274126748778541,0.00145140946403347,0.290947993353857,0.0029658843213737,0.868100834585565,0.00481119703177985,4.01042451685778,0.390159657589424,2.29787778363953,0.00783125139149485,2.83263141908753,0.12863376439086,6.90076434784628,0.0259593825061437
"Paraguay",0.0445660268700612,0.00300791081178237,0.0255921369022075,8.69907667139989e-05,0.0270844734116944,0.000177709855793697,0.0810214702962819,0.000288054437802146,0.342951203966413,0.0224884095318737,0.196640398812554,0.000450399043378367,0.242066523489893,0.00738482916845016,0.590146689596791,0.00149141625172159
"Papua New Guinea",NaN,NaN,NaN,NaN,NaN,NaN,NaN,NaN,NaN,NaN,NaN,NaN,NaN,NaN,NaN,NaN
"Iceland",0.156656084605292,0.00946106968164763,0.0899998812874476,0.000261926547248553,0.0950886096420309,0.000534837823311772,0.284879762886397,0.000866308509702351,1.15546845929049,0.0668273658860549,0.662820181497904,0.00133665386323721,0.815263656453285,0.0218685577328677,1.98832153992027,0.00442091352866988
"New Caledonia",NaN,NaN,NaN,NaN,NaN,NaN,NaN,NaN,NaN,NaN,NaN,NaN,NaN,NaN,NaN,NaN
"Botswana",0.00439141551872844,0.000837084190392331,0.0025180586139479,2.59477008023158e-05,0.00267992198381316,5.30241499978159e-05,0.00797626595842428,8.60532586200196e-05,0.0315049967371777,0.00571116469744921,0.0180412378572869,0.00011484018083827,0.0222685250154225,0.00188745684978905,0.0542052273388236,0.000380857319765436
"Nepal",0.0272646145548139,0.00208423091942463,0.0156530132036271,6.13518105734482e-05,0.0165807784905791,0.000125353741688981,0.0495600519702355,0.000203249972889128,0.230372751165511,0.0171511657575768,0.132058801115469,0.000343697442596578,0.16263851318458,0.00563995224503428,0.396420939196483,0.00113862158650049
"Cambodia",0.0255462504567789,0.00223178335094187,0.014670853427403,6.37640011812523e-05,0.0155226281402356,0.000130271845576197,0.046445269802698,0.000211102077595487,0.201262759112248,0.0169602097042382,0.115402442838585,0.000339119526598777,0.142037032869386,0.00555948058637669,0.346348801628773,0.00112271556508358
"Equatorial Guinea",0.048078418429013,0.00317217949149986,0.027618721738902,8.89364930570882e-05,0.0291909318075849,0.00018161804141101,0.0874256017405521,0.000294244893394919,0.410667675183447,0.0261012588323171,0.23555284663446,0.000522423282174163,0.289782496278187,0.00855180041584305,0.706667682637695,0.00172842865382254
"Laos",0.0990377921184105,0.00797379308612873,0.0568522973994959,0.000234447365303201,0.0602489030289283,0.000479033465391651,0.180012175926807,0.00077666653569737,0.764611395437117,0.0594626860487988,0.438256009934868,0.00119125344033324,0.539841015012129,0.0195485034082309,1.31573716136435,0.00394633004915478
"Suriname",0.250160254083088,0.0178196438409301,0.143639544329775,0.000520667840165138,0.15207743188169,0.00106377588926542,0.4547637860378,0.00172458275309421,1.96070927292366,0.136163597850627,1.12410288507159,0.00272759946208307,1.38406983694503,0.0447460045240261,3.37395509675436,0.00903449498276207
"Mauritius",0.144810445759032,0.00957137751054089,0.0831684711625642,0.000275483223817115,0.087975112278915,0.000562742099502235,0.263287753835616,0.000912116557451955,1.17940513490272,0.0760011512032138,0.676331850110681,0.00152203413044259,0.832389416384631,0.0249498186637254,2.02949413821285,0.00503940861496998
"Benin",0.0785158363748526,0.00618745056634743,0.0450722782602239,0.00018221648251126,0.0477632163645646,0.000372286338388955,0.142712014499769,0.000603633407154364,0.67843173815444,0.0517329838000099,0.388868671773801,0.00103701744251066,0.479001311749637,0.0170154767090896,1.16742523093988,0.0034353553722152
"Malta",0.0994947993844639,0.00622781057158187,0.057150174965991,0.000176618191633582,0.0604223860157402,0.000360730899167553,0.180911837171661,0.000584542601592115,0.755412643336917,0.0458274605509595,0.433252944370532,0.000917368058161811,0.533084573916795,0.0150268911619665,1.29990041172343,0.00303615786332992
"Guyana",NaN,NaN,NaN,NaN,NaN,NaN,NaN,NaN,NaN,NaN,NaN,NaN,NaN,NaN,NaN,NaN
"Uganda",0.0612491199270926,0.00432748609576058,0.0351692736216752,0.000126048727161548,0.0372326892348109,0.000257525840821646,0.111345396924792,0.000417471977642019,0.471999812661297,0.0324510134692133,0.270609209282466,0.000649929446956924,0.333178293471885,0.0106607702671502,0.81221193522954,0.00215255907504048
"Montenegro",NaN,NaN,NaN,NaN,NaN,NaN,NaN,NaN,NaN,NaN,NaN,NaN,NaN,NaN,NaN,NaN
"Madagascar",0.0546081891654776,0.00359710352322614,0.0313619234968676,0.000103819294307916,0.0331784889700828,0.000212081783336157,0.0992841550294824,0.000343763393056509,0.455095253342569,0.0292460513113332,0.260967111332066,0.000585744619676812,0.321201100625249,0.00960298335330288,0.783117548070391,0.00193950035267522
"Kosovo",NaN,NaN,NaN,NaN,NaN,NaN,NaN,NaN,NaN,NaN,NaN,NaN,NaN,NaN,NaN,NaN
"Guinea",0.165811132311985,0.0124182755824626,0.0952003959862308,0.000355370447499339,0.100819194800873,0.000725962677515433,0.301413806148852,0.00117646245286647,1.37480655900491,0.0979654186991909,0.788133934003826,0.0019602954013404,0.97048228695124,0.0321310847772965,2.36580345605967,0.00648960529056959
"Haiti",0.0327617292277247,0.0020028562043752,0.0188208876717702,5.57800017209256e-05,0.0198887966748795,0.000113903585931576,0.0595755033365244,0.000184516604129794,0.24712228574331,0.0145035068366041,0.141751858047571,0.000290192804492977,0.174370604559938,0.00474892431685299,0.425244394622423,0.000959938852204411
"Congo",0.0465373975282801,0.0042348195780882,0.026707945623064,0.000127793446663569,0.0283306864531631,0.000261125971434049,0.0845735605086132,0.000423581294854452,0.390633134489622,0.0346512607217038,0.223852397825314,0.000695556710547337,0.275871423354064,0.0114226799493453,0.672175582289489,0.00230547668750165
"Mauritania",0.0203778329395524,0.00183677139313378,0.0116942529318277,5.4804665589066e-05,0.0124072675835659,0.000111986783482109,0.0370319783032635,0.000181614796298945,0.165926090534961,0.014382548325378,0.0950779480031683,0.000288386018358121,0.11718113995258,0.00473486163450852,0.285519183649135,0.000955669876216218
"Namibia",0,NaN,0,0,0,0,0,0,0,NaN,0,0,0,0,0,0
"Togo",0.0385172116619122,0.002920783576954,0.0221124959284012,8.64774713961704e-05,0.0234263813174928,0.000176693622952169,0.0700127577398427,0.00028651938315756,0.280666261174197,0.0207951117736395,0.160884754441064,0.000416876464605338,0.198153119733397,0.0068420846267722,0.48296090934813,0.00138120582809866
"Aruba",1.3212817650405,0.0986183224314173,0.758663098905301,0.00280206947621512,0.803242427998711,0.00572363392677332,2.40193976821749,0.0092743770367695,9.58680657929462,0.678753133982971,5.49619988441101,0.0135805188398107,6.76703565159765,0.222509395903936,16.4971842018752,0.0449492252581414
"Lesotho",0,NaN,0,0,0,0,0,0,0,NaN,0,0,0,0,0,0
"Burkina Faso",0.0256311337771121,0.00203471079005996,0.0147131971001356,5.94406803418835e-05,0.0155932915452497,0.000121441899069639,0.046586912685951,0.000196878066040792,0.217097813010944,0.0165217935314213,0.124432628909152,0.000330977856351524,0.15327962310333,0.00542944280013755,0.373581187020349,0.00109625730873238
"Macao",0.0440159935054073,0.00332720605903807,0.0252687933510878,9.74135935326209e-05,0.0267721889828981,0.000199029727457365,0.0800069981822361,0.000322672220030455,0.314327474659033,0.0229405742458937,0.180175005658577,0.000459563539579591,0.221914096792236,0.00753976419196867,0.540893321526286,0.00152225559271195
"Occupied Palestinian Territory",NaN,NaN,NaN,NaN,NaN,NaN,NaN,NaN,NaN,NaN,NaN,NaN,NaN,NaN,NaN,NaN
"Barbados",0.26377632229961,0.0176632363210146,0.151481448652219,0.000510284187517519,0.160285180266232,0.00104244720622399,0.479562337980379,0.00168970076920975,2.0621221802046,0.134447020901425,1.1824295019451,0.00269230510385884,1.45546624907414,0.0441434994447865,3.54847078959455,0.00891501268551739
"Liberia",0.135341433253593,0.0112788291023387,0.0776828553623344,0.000335325077349419,0.0823619637236073,0.000685185585374492,0.245979480674836,0.00111113347756637,1.07568256739371,0.0868688185027307,0.616486186184085,0.00174145530720568,0.759563018591608,0.0285885045557238,1.85099849740543,0.00577048787050764
"Fiji",0.10478233243921,0.00686948226592568,0.0601777921747324,0.000198077745943869,0.0636616700167127,0.000404624921381745,0.190507535126185,0.000655847911825661,0.72248757299899,0.0461857591822531,0.414302451896516,0.000925048045255791,0.509920429338012,0.0151646253129393,1.24323983776244,0.0030628924310929
"Sint Maarten (Dutch part)",NaN,NaN,NaN,NaN,NaN,NaN,NaN,NaN,NaN,NaN,NaN,NaN,NaN,NaN,NaN,NaN
"Mali",0.140483817683522,0.0108286045062536,0.0806498852103951,0.000313700317800235,0.0854455368387012,0.000640883260571252,0.25535603100147,0.00103882358842107,1.13763235913473,0.0838443493501927,0.652103041715814,0.00167887755489072,0.80314629779235,0.0275317488080707,1.95764773789604,0.00555962970748976
"Malawi",0.106354207971074,0.00796963549600098,0.0610657342445154,0.000227265244762177,0.0646601089117416,0.000464222234667086,0.193336780756964,0.00075226588215511,0.74637350207343,0.0531500061287461,0.427894304838326,0.00106378737132435,0.526859556617754,0.0174313132886353,1.28436664476421,0.00352122008867744
"Niger",0.0103413221380141,0.000872040056004664,0.00593532338044071,2.59138991129899e-05,0.00629425500998188,5.29502808950307e-05,0.0187943880236198,8.58667597934284e-05,0.0859195385923002,0.00699151494617933,0.0492386498195495,0.000140167074778366,0.060671984766179,0.00230093478156092,0.147847981191172,0.000464449309170473
"Swaziland",0.176460587203778,0.017651857680305,0.101262915609145,0.000524214406325316,0.107447927136756,0.00107116890507236,0.320670918865432,0.00173701263200407,1.44547427486555,0.138236016364737,0.828253908553663,0.00277066783319372,1.02085240932894,0.0454847956503985,2.48731650671404,0.00918075689502929
"South Sudan",NaN,NaN,NaN,NaN,NaN,NaN,NaN,NaN,NaN,NaN,NaN,NaN,NaN,NaN,NaN,NaN
"Sierra Leone",0.164189285236556,0.0114178137853327,0.0943012211223613,0.00032498852808847,0.099739251374828,0.00066383491724453,0.298527383212478,0.00107571813608744,1.41390400660285,0.095044564433073,0.810831648890578,0.00190198969721011,0.997843136020703,0.031165031226882,2.43303723489728,0.00629562164539975
"Somalia",NaN,NaN,NaN,NaN,NaN,NaN,NaN,NaN,NaN,NaN,NaN,NaN,NaN,NaN,NaN,NaN
"Faeroe Islands",NaN,NaN,NaN,NaN,NaN,NaN,NaN,NaN,NaN,NaN,NaN,NaN,NaN,NaN,NaN,NaN
"Greenland",NaN,NaN,NaN,NaN,NaN,NaN,NaN,NaN,NaN,NaN,NaN,NaN,NaN,NaN,NaN,NaN
"Bermuda",0.137473303141965,0.0088982626903645,0.0789580155015635,0.000255362844477966,0.0835077171425969,0.000521599349933712,0.249954176781735,0.000845399473326754,1.07157248986728,0.0675918049960943,0.61452600398254,0.00135393590588324,0.75625707476004,0.0221884439550845,1.84393439085925,0.00448231497456804
"French Polynesia",NaN,NaN,NaN,NaN,NaN,NaN,NaN,NaN,NaN,NaN,NaN,NaN,NaN,NaN,NaN,NaN
"Rwanda",0.060718294891204,0.00466586188892737,0.0348679614131684,0.000130221368669987,0.036899704566416,0.000265942738964809,0.110387218694028,0.000430788506250596,0.518129830822134,0.0373985403579424,0.297086038932909,0.000747920386758095,0.365694960436676,0.0122426743155239,0.891608493096817,0.00247421379069061
"Chad",0.0227308651742026,0.00175064964027284,0.0130495212828255,5.07027373843984e-05,0.0138253210632379,0.000103586773070484,0.0413177531765445,0.000167904718579495,0.175110187844421,0.0128957195589019,0.100375041442722,0.000258180700821367,0.123623512651085,0.00423405242510666,0.301332009439455,0.000854978649089812
"Bonaire, Saint Eustatius and Saba",NaN,NaN,NaN,NaN,NaN,NaN,NaN,NaN,NaN,NaN,NaN,NaN,NaN,NaN,NaN,NaN
"Maldives",0.00231595403754412,0.000343087918387831,0.00132827589578597,1.04434990633707e-05,0.0014124430356516,2.13412580843453e-05,0.00420714318119478,3.46221628929175e-05,0.0192375254925719,0.00269882155908988,0.0110181964553733,5.41855662240802e-05,0.0135941361394053,0.000890189468801918,0.0331002438829372,0.000179635339541991
"Antigua and Barbuda",NaN,NaN,NaN,NaN,NaN,NaN,NaN,NaN,NaN,NaN,NaN,NaN,NaN,NaN,NaN,NaN
"Djibouti",0.142566169567794,0.0100284245603754,0.0818627414068989,0.000292470420476023,0.086661165951154,0.000597519078182788,0.259174601345328,0.000968668675569973,1.0951973476392,0.0751064642045008,0.627914752084443,0.00150469064441254,0.773084531863123,0.0246806035743159,1.88459275897004,0.00498356959070711
"Belize",0.177163696463162,0.0121177389468107,0.101734214291303,0.000351550585726195,0.107676104793306,0.000718205116320881,0.322080770304878,0.0011642099896583,1.38041185534221,0.0918915822756265,0.791475915234674,0.0018403383962016,0.974363477191214,0.0301805637969121,2.37539617360075,0.00609454352290097
"Eritrea",NaN,NaN,NaN,NaN,NaN,NaN,NaN,NaN,NaN,NaN,NaN,NaN,NaN,NaN,NaN,NaN
"Bhutan",0.00101817271712189,0.000134935856159704,0.00058402413620216,4.07669209280478e-06,0.000620750272032385,8.33066565709297e-06,0.00184974374313111,1.35130768215044e-05,0.00832042123880098,0.00104395732522966,0.00476588512051419,2.09475306374279e-05,0.0058788188829212,0.000344071885102894,0.0143165597129676,6.94351165799307e-05
"Seychelles",0.0321285186915668,0.003518560877563,0.0184325426084555,0.000106871834623548,0.0195770584681082,0.000218388870324047,0.0583759549981369,0.000354286554834504,0.242054347182769,0.025504735647869,0.13866919587977,0.000512036512047603,0.170993335714061,0.00841127625080327,0.416500509954475,0.00169743181112051
"Andorra",NaN,NaN,NaN,NaN,NaN,NaN,NaN,NaN,NaN,NaN,NaN,NaN,NaN,NaN,NaN,NaN
"Gambia",0.0484459437780937,0.00317532298448606,0.0278230613940222,9.1588420263802e-05,0.0294340107558916,0.000187092954293169,0.0880807591843673,0.000303256448253528,0.380870145580832,0.0243462559837215,0.218405567994432,0.000487640874614676,0.268812576250655,0.00799412638622623,0.655392292497408,0.00161461721070143
"Cape Verde",0.0277138059093011,0.0019886096194321,0.0159263200296141,5.20806644019641e-05,0.0168086219687963,0.000106239637097016,0.0504064757294928,0.000171966678420211,0.197376853360265,0.013070467738845,0.113259369939317,0.000261578214427753,0.139241182763074,0.00426397530019608,0.339630007378404,0.000863712803950595
"Central African Republic",0.0188862686533412,0.00148648087190251,0.0108426153647517,4.29763056321636e-05,0.0114862798417292,8.78016346835582e-05,0.0343299107535427,0.00014231278362573,0.143895736873388,0.0108265267219876,0.0824843614549507,0.000216714536670859,0.101584822408478,0.00355388471401463,0.247618026756734,0.000717633787086356
"Burundi",0.0185835139801614,0.0014147337803866,0.0106688871293708,4.09587321094634e-05,0.0113019432560102,8.36759251127532e-05,0.0337797115551032,0.000135631987804681,0.15698869375262,0.011441545060793,0.0899907028555056,0.000229120941169591,0.110828780082526,0.00375708860893288,0.27014659831983,0.000758718033933744
"Saint Lucia",0.104063422170858,0.00778968592615356,0.0597453694324533,0.000229993672227487,0.0632825208013345,0.000469924995551346,0.189162376278786,0.000761975810341905,0.817469626672985,0.0598292093457925,0.468617746055825,0.00119918346555159,0.577117178944264,0.0196800448654264,1.40667395501887,0.0039729301422193
"Solomon Islands",NaN,NaN,NaN,NaN,NaN,NaN,NaN,NaN,NaN,NaN,NaN,NaN,NaN,NaN,NaN,NaN
"Guinea-Bissau",0.0237974326809109,0.00173611411448223,0.0136634022072498,5.06323023195467e-05,0.0144694336173028,0.000103444043536364,0.0432594622181801,0.000167696831839858,0.178683632010725,0.0126353059936702,0.102435512511341,0.000253109579512669,0.12613808552671,0.00415175318628824,0.307477297994123,0.000838312157419056
"Grenada",0.082490449527942,0.00552624804315251,0.0473733474333778,0.000159263426012462,0.0501235661859589,0.000325352725164482,0.149974434964489,0.000527337504058681,0.660727019955623,0.0430410313967914,0.378869023868929,0.000861748573058762,0.466338857017287,0.0141282097781389,1.13697317898065,0.00285333772492989
"Samoa",NaN,NaN,NaN,NaN,NaN,NaN,NaN,NaN,NaN,NaN,NaN,NaN,NaN,NaN,NaN,NaN
"Saint Vincent and the Grenadines",0.0368682964878861,0.00250455876046479,0.0211718419754043,7.27420320503204e-05,0.0224058620991881,0.000148605658810099,0.0670271853890659,0.000240898548129004,0.29805715339559,0.0197613523858246,0.170900679628448,0.000395867420470602,0.210380762331006,0.00649188200673039,0.512890018227316,0.00131098739140216
"Saint Kitts and Nevis",NaN,NaN,NaN,NaN,NaN,NaN,NaN,NaN,NaN,NaN,NaN,NaN,NaN,NaN,NaN,NaN
"Liechtenstein",NaN,NaN,NaN,NaN,NaN,NaN,NaN,NaN,NaN,NaN,NaN,NaN,NaN,NaN,NaN,NaN
"Palau",NaN,NaN,NaN,NaN,NaN,NaN,NaN,NaN,NaN,NaN,NaN,NaN,NaN,NaN,NaN,NaN
"British Virgin Islands",NaN,NaN,NaN,NaN,NaN,NaN,NaN,NaN,NaN,NaN,NaN,NaN,NaN,NaN,NaN,NaN
"Timor-Leste",NaN,NaN,NaN,NaN,NaN,NaN,NaN,NaN,NaN,NaN,NaN,NaN,NaN,NaN,NaN,NaN
"Nauru",NaN,NaN,NaN,NaN,NaN,NaN,NaN,NaN,NaN,NaN,NaN,NaN,NaN,NaN,NaN,NaN
"Comoros",0.0112146627216675,0.000883459227774574,0.00643768064051568,2.5863793656005e-05,0.00682253014806757,5.28430217724357e-05,0.0203837773764191,8.56700762725928e-05,0.0835715094031652,0.0063282475360291,0.0479007465749365,0.000126775783334295,0.0590045825686998,0.00207989459584743,0.143809199065859,0.000419926449005096
"Dominica",0.0674729182120303,0.00465666958854695,0.0387446687862558,0.000134749741137072,0.041011107015698,0.000275282630281121,0.122662978834137,0.000446211841382307,0.538154516830398,0.0360051339525404,0.308550543159387,0.00072101736890871,0.379860401145179,0.0118228826179113,0.926052606186628,0.00238758520153379
"Vanuatu",NaN,NaN,NaN,NaN,NaN,NaN,NaN,NaN,NaN,NaN,NaN,NaN,NaN,NaN,NaN,NaN
"Martinique",NaN,NaN,NaN,NaN,NaN,NaN,NaN,NaN,NaN,NaN,NaN,NaN,NaN,NaN,NaN,NaN
"Tonga",NaN,NaN,NaN,NaN,NaN,NaN,NaN,NaN,NaN,NaN,NaN,NaN,NaN,NaN,NaN,NaN
"Réunion",NaN,NaN,NaN,NaN,NaN,NaN,NaN,NaN,NaN,NaN,NaN,NaN,NaN,NaN,NaN,NaN
"Saint Pierre and Miquelon",NaN,NaN,NaN,NaN,NaN,NaN,NaN,NaN,NaN,NaN,NaN,NaN,NaN,NaN,NaN,NaN
"Turks and Caicos Islands",NaN,NaN,NaN,NaN,NaN,NaN,NaN,NaN,NaN,NaN,NaN,NaN,NaN,NaN,NaN,NaN
"Micronesia (Federated States of)",NaN,NaN,NaN,NaN,NaN,NaN,NaN,NaN,NaN,NaN,NaN,NaN,NaN,NaN,NaN,NaN
"Anguilla",0,NaN,0,0,0,0,0,0,0,NaN,0,0,0,0,0,0
"Marshall Islands",NaN,NaN,NaN,NaN,NaN,NaN,NaN,NaN,NaN,NaN,NaN,NaN,NaN,NaN,NaN,NaN
"Sao Tome and Principe",0.0679412876325292,0.00438030919691608,0.0390239390883506,0.000123508632345706,0.0412653917680055,0.00025225320363538,0.123534532041231,0.00040870750440716,0.554504339947949,0.0343589176826922,0.318009412881609,0.000687494604779923,0.39131081398978,0.0112589534552698,0.954192792972457,0.0022750167245517
"Kiribati",NaN,NaN,NaN,NaN,NaN,NaN,NaN,NaN,NaN,NaN,NaN,NaN,NaN,NaN,NaN,NaN
"Cook Islands",NaN,NaN,NaN,NaN,NaN,NaN,NaN,NaN,NaN,NaN,NaN,NaN,NaN,NaN,NaN,NaN
"Montserrat",0.0553394919432778,0.00498058074314128,0.0317586497985993,0.000147843435245283,0.0336913357959836,0.000302092979582005,0.100568490235251,0.000489873533144995,0.436166011959416,0.0376296358212389,0.249935012295968,0.000754293688427807,0.308021362277084,0.0123820908635507,0.750541661305195,0.00249932310870658
"French Guiana",NaN,NaN,NaN,NaN,NaN,NaN,NaN,NaN,NaN,NaN,NaN,NaN,NaN,NaN,NaN,NaN
"Wallis and Futuna Islands",NaN,NaN,NaN,NaN,NaN,NaN,NaN,NaN,NaN,NaN,NaN,NaN,NaN,NaN,NaN,NaN
"Saint Helena",NaN,NaN,NaN,NaN,NaN,NaN,NaN,NaN,NaN,NaN,NaN,NaN,NaN,NaN,NaN,NaN
"Tuvalu",NaN,NaN,NaN,NaN,NaN,NaN,NaN,NaN,NaN,NaN,NaN,NaN,NaN,NaN,NaN,NaN
"Niue",NaN,NaN,NaN,NaN,NaN,NaN,NaN,NaN,NaN,NaN,NaN,NaN,NaN,NaN,NaN,NaN
