1.500000,0.050000,361.997946
1.500000,0.049000,366.854265
1.500000,0.048000,371.821122
1.500000,0.047000,376.896289
1.500000,0.046000,382.083048
1.500000,0.045000,387.384680
1.500000,0.044000,392.804566
1.500000,0.043000,398.346205
1.500000,0.042000,404.013222
1.500000,0.041000,409.809365
1.500000,0.040000,415.738515
1.500000,0.039000,421.804686
1.500000,0.038000,428.012032
1.500000,0.037000,434.364855
1.500000,0.036000,440.867602
1.500000,0.035000,447.524877
1.500000,0.034000,454.341442
1.500000,0.033000,461.322226
1.500000,0.032000,468.472326
1.500000,0.031000,475.797013
1.500000,0.030000,483.301743
1.500000,0.029000,490.992153
1.500000,0.028000,498.874075
1.500000,0.027000,506.953541
1.500000,0.026000,515.236783
1.500000,0.025000,523.730250

1.495000,0.050000,362.502350
1.495000,0.049000,367.374000
1.495000,0.048000,372.349848
1.495000,0.047000,377.439927
1.495000,0.046000,382.638410
1.495000,0.045000,387.952120
1.495000,0.044000,393.384454
1.495000,0.043000,398.938927
1.495000,0.042000,404.619175
1.495000,0.041000,410.428964
1.495000,0.040000,416.372187
1.495000,0.039000,422.452877
1.495000,0.038000,428.675205
1.495000,0.037000,435.043488
1.495000,0.036000,441.562192
1.495000,0.035000,448.235941
1.495000,0.034000,455.069516
1.495000,0.033000,462.067864
1.495000,0.032000,469.236104
1.495000,0.031000,476.579530
1.495000,0.030000,484.103617
1.495000,0.029000,491.814028
1.495000,0.028000,499.716617
1.495000,0.027000,507.817442
1.495000,0.026000,516.122759
1.495000,0.025000,524.639045

1.490000,0.050000,363.014064
1.490000,0.049000,367.895824
1.490000,0.048000,372.883591
1.490000,0.047000,377.982268
1.490000,0.046000,383.195153
1.490000,0.045000,388.520151
1.490000,0.044000,393.965806
1.490000,0.043000,399.533154
1.490000,0.042000,405.226678
1.490000,0.041000,411.050158
1.490000,0.040000,417.007503
1.490000,0.039000,423.102762
1.490000,0.038000,429.340122
1.490000,0.037000,435.723919
1.490000,0.036000,442.258637
1.490000,0.035000,448.948917
1.490000,0.034000,455.799560
1.490000,0.033000,462.815535
1.490000,0.032000,470.001980
1.490000,0.031000,477.364211
1.490000,0.030000,484.907726
1.490000,0.029000,492.638211
1.490000,0.028000,500.561543
1.490000,0.027000,508.683804
1.490000,0.026000,517.011279
1.490000,0.025000,525.550466

1.485000,0.050000,363.527060
1.485000,0.049000,368.419357
1.485000,0.048000,373.421257
1.485000,0.047000,378.530086
1.485000,0.046000,383.753283
1.485000,0.045000,389.091269
1.485000,0.044000,394.548625
1.485000,0.043000,400.128891
1.485000,0.042000,405.835736
1.485000,0.041000,411.672953
1.485000,0.040000,417.644468
1.485000,0.039000,423.754346
1.485000,0.038000,430.006790
1.485000,0.037000,436.406155
1.485000,0.036000,442.956942
1.485000,0.035000,449.663811
1.485000,0.034000,456.531583
1.485000,0.033000,463.565248
1.485000,0.032000,470.769963
1.485000,0.031000,478.151067
1.485000,0.030000,485.714080
1.485000,0.029000,493.464710
1.485000,0.028000,501.408862
1.485000,0.027000,509.552638
1.485000,0.026000,517.902351
1.485000,0.025000,526.464526

1.480000,0.050000,364.042752
1.480000,0.049000,368.944519
1.480000,0.048000,373.958032
1.480000,0.047000,379.078871
1.480000,0.046000,384.312737
1.480000,0.045000,389.662850
1.480000,0.044000,395.132917
1.480000,0.043000,400.726145
1.480000,0.042000,406.446355
1.480000,0.041000,412.297355
1.480000,0.040000,418.283089
1.480000,0.039000,424.407635
1.480000,0.038000,430.675216
1.480000,0.037000,437.090202
1.480000,0.036000,443.657114
1.480000,0.035000,450.380630
1.480000,0.034000,457.265593
1.480000,0.033000,464.317009
1.480000,0.032000,471.540060
1.480000,0.031000,478.940105
1.480000,0.030000,486.522686
1.480000,0.029000,494.293536
1.480000,0.028000,502.258582
1.480000,0.027000,510.423953
1.480000,0.026000,518.795987
1.480000,0.025000,527.381235

1.475000,0.050000,364.557749
1.475000,0.049000,369.470471
1.475000,0.048000,374.495551
1.475000,0.047000,379.627982
1.475000,0.046000,384.873722
1.475000,0.045000,390.236144
1.475000,0.044000,395.718687
1.475000,0.043000,401.324920
1.475000,0.042000,407.058540
1.475000,0.041000,412.923371
1.475000,0.040000,418.923370
1.475000,0.039000,425.062635
1.475000,0.038000,431.345405
1.475000,0.037000,437.776066
1.475000,0.036000,444.359160
1.475000,0.035000,451.099383
1.475000,0.034000,458.001595
1.475000,0.033000,465.070826
1.475000,0.032000,472.312278
1.475000,0.031000,479.731332
1.475000,0.030000,487.333552
1.475000,0.029000,495.124695
1.475000,0.028000,503.110713
1.475000,0.027000,511.297757
1.475000,0.026000,519.692194
1.475000,0.025000,528.300601

1.470000,0.050000,365.073944
1.470000,0.049000,369.998842
1.470000,0.048000,375.034396
1.470000,0.047000,380.178043
1.470000,0.046000,385.436051
1.470000,0.045000,390.810742
1.470000,0.044000,396.305941
1.470000,0.043000,401.925222
1.470000,0.042000,407.672297
1.470000,0.041000,413.551004
1.470000,0.040000,419.565319
1.470000,0.039000,425.719353
1.470000,0.038000,432.017364
1.470000,0.037000,438.463756
1.470000,0.036000,445.063087
1.470000,0.035000,451.820074
1.470000,0.034000,458.739598
1.470000,0.033000,465.826708
1.470000,0.032000,473.086627
1.470000,0.031000,480.524758
1.470000,0.030000,488.146689
1.470000,0.029000,495.958198
1.470000,0.028000,503.965263
1.470000,0.027000,512.174062
1.470000,0.026000,520.590984
1.470000,0.025000,529.222636

1.465000,0.050000,365.592454
1.465000,0.049000,370.525675
1.465000,0.048000,375.574567
1.465000,0.047000,380.730143
1.465000,0.046000,385.999765
1.465000,0.045000,391.386097
1.465000,0.044000,396.894683
1.465000,0.043000,402.527056
1.465000,0.042000,408.287631
1.465000,0.041000,414.180263
1.465000,0.040000,420.208941
1.465000,0.039000,426.377795
1.465000,0.038000,432.691099
1.465000,0.037000,439.153276
1.465000,0.036000,445.768902
1.465000,0.035000,452.542713
1.465000,0.034000,459.479609
1.465000,0.033000,466.584661
1.465000,0.032000,473.863113
1.465000,0.031000,481.320390
1.465000,0.030000,488.962103
1.465000,0.029000,496.794053
1.465000,0.028000,504.822243
1.465000,0.027000,513.052875
1.465000,0.026000,521.492366
1.465000,0.025000,530.147350

1.460000,0.050000,366.111169
1.460000,0.049000,371.058840
1.460000,0.048000,376.116066
1.460000,0.047000,381.283302
1.460000,0.046000,386.564900
1.460000,0.045000,391.964280
1.460000,0.044000,397.484918
1.460000,0.043000,403.130427
1.460000,0.042000,408.904548
1.460000,0.041000,414.811151
1.460000,0.040000,420.854242
1.460000,0.039000,427.037967
1.460000,0.038000,433.366617
1.460000,0.037000,439.844634
1.460000,0.036000,446.476611
1.460000,0.035000,453.267305
1.460000,0.034000,460.221636
1.460000,0.033000,467.344694
1.460000,0.032000,474.641745
1.460000,0.031000,482.118237
1.460000,0.030000,489.779803
1.460000,0.029000,497.632269
1.460000,0.028000,505.681661
1.460000,0.027000,513.934208
1.460000,0.026000,522.396351
1.460000,0.025000,531.074753

1.455000,0.050000,366.631678
1.455000,0.049000,371.590213
1.455000,0.048000,376.658907
1.455000,0.047000,381.837806
1.455000,0.046000,387.131451
1.455000,0.045000,392.543232
1.455000,0.044000,398.076652
1.455000,0.043000,403.735342
1.455000,0.042000,409.523054
1.455000,0.041000,415.443675
1.455000,0.040000,421.501228
1.455000,0.039000,427.699875
1.455000,0.038000,434.043925
1.455000,0.037000,440.537836
1.455000,0.036000,447.186222
1.455000,0.035000,453.993859
1.455000,0.034000,460.965686
1.455000,0.033000,468.106814
1.455000,0.032000,475.422531
1.455000,0.031000,482.918307
1.455000,0.030000,490.599798
1.455000,0.029000,498.472855
1.455000,0.028000,506.543527
1.455000,0.027000,514.818069
1.455000,0.026000,523.302948
1.455000,0.025000,532.004855

1.450000,0.050000,367.152913
1.450000,0.049000,372.120676
1.450000,0.048000,377.200031
1.450000,0.047000,382.393705
1.450000,0.046000,387.699427
1.450000,0.045000,393.123645
1.450000,0.044000,398.669891
1.450000,0.043000,404.341804
1.450000,0.042000,410.143153
1.450000,0.041000,416.077841
1.450000,0.040000,422.149905
1.450000,0.039000,428.363526
1.450000,0.038000,434.723028
1.450000,0.037000,441.232889
1.450000,0.036000,447.897742
1.450000,0.035000,454.722381
1.450000,0.034000,461.711765
1.450000,0.033000,468.871028
1.450000,0.032000,476.205479
1.450000,0.031000,483.720609
1.450000,0.030000,491.422098
1.450000,0.029000,499.315820
1.450000,0.028000,507.407849
1.450000,0.027000,515.704468
1.450000,0.026000,524.212167
1.450000,0.025000,532.937666

1.445000,0.050000,367.677100
1.445000,0.049000,372.656015
1.445000,0.048000,377.748626
1.445000,0.047000,382.950952
1.445000,0.046000,388.268820
1.445000,0.045000,393.705525
1.445000,0.044000,399.264639
1.445000,0.043000,404.949821
1.445000,0.042000,410.764853
1.445000,0.041000,416.713655
1.445000,0.040000,422.800280
1.445000,0.039000,429.028925
1.445000,0.038000,435.403934
1.445000,0.037000,441.929800
1.445000,0.036000,448.611177
1.445000,0.035000,455.452878
1.445000,0.034000,462.459883
1.445000,0.033000,469.637346
1.445000,0.032000,476.990597
1.445000,0.031000,484.525150
1.445000,0.030000,492.246709
1.445000,0.029000,500.161173
1.445000,0.028000,508.274638
1.445000,0.027000,516.593414
1.445000,0.026000,525.124019
1.445000,0.025000,533.873198

1.440000,0.050000,368.201757
1.440000,0.049000,373.191025
1.440000,0.048000,378.289637
1.440000,0.047000,383.505457
1.440000,0.046000,388.838450
1.440000,0.045000,394.288877
1.440000,0.044000,399.860902
1.440000,0.043000,405.559396
1.440000,0.042000,411.388158
1.440000,0.041000,417.351122
1.440000,0.040000,423.452358
1.440000,0.039000,429.696079
1.440000,0.038000,436.086648
1.440000,0.037000,442.628576
1.440000,0.036000,449.326535
1.440000,0.035000,456.185358
1.440000,0.034000,463.210046
1.440000,0.033000,470.405774
1.440000,0.032000,477.777892
1.440000,0.031000,485.331940
1.440000,0.030000,493.073642
1.440000,0.029000,501.008922
1.440000,0.028000,509.143903
1.440000,0.027000,517.484918
1.440000,0.026000,526.038513
1.440000,0.025000,534.811461

1.435000,0.050000,368.726706
1.435000,0.049000,373.729068
1.435000,0.048000,378.842069
1.435000,0.047000,384.068616
1.435000,0.046000,389.411912
1.435000,0.045000,394.873146
1.435000,0.044000,400.458685
1.435000,0.043000,406.170537
1.435000,0.042000,412.013075
1.435000,0.041000,417.990248
1.435000,0.040000,424.106145
1.435000,0.039000,430.364995
1.435000,0.038000,436.771178
1.435000,0.037000,443.329224
1.435000,0.036000,450.043823
1.435000,0.035000,456.919829
1.435000,0.034000,463.962263
1.435000,0.033000,471.176320
1.435000,0.032000,478.567374
1.435000,0.031000,486.140986
1.435000,0.030000,493.902905
1.435000,0.029000,501.859078
1.435000,0.028000,510.015653
1.435000,0.027000,518.378989
1.435000,0.026000,526.955661
1.435000,0.025000,535.752465

1.430000,0.050000,369.253095
1.430000,0.049000,374.265419
1.430000,0.048000,379.393358
1.430000,0.047000,384.631216
1.430000,0.046000,389.985616
1.430000,0.045000,395.460017
1.430000,0.044000,401.057994
1.430000,0.043000,406.783248
1.430000,0.042000,412.639608
1.430000,0.041000,418.631040
1.430000,0.040000,424.761648
1.430000,0.039000,431.035679
1.430000,0.038000,437.457529
1.430000,0.037000,444.031749
1.430000,0.036000,450.763048
1.430000,0.035000,457.656297
1.430000,0.034000,464.716540
1.430000,0.033000,471.948992
1.430000,0.032000,479.359051
1.430000,0.031000,486.952298
1.430000,0.030000,494.734507
1.430000,0.029000,502.711649
1.430000,0.028000,510.889898
1.430000,0.027000,519.275637
1.430000,0.026000,527.875471
1.430000,0.025000,536.696221

1.425000,0.050000,369.781294
1.425000,0.049000,374.808123
1.425000,0.048000,379.944328
1.425000,0.047000,385.193839
1.425000,0.046000,390.560765
1.425000,0.045000,396.047815
1.425000,0.044000,401.658833
1.425000,0.043000,407.397534
1.425000,0.042000,413.267764
1.425000,0.041000,419.273504
1.425000,0.040000,425.418873
1.425000,0.039000,431.708137
1.425000,0.038000,438.145710
1.425000,0.037000,444.736160
1.425000,0.036000,451.484216
1.425000,0.035000,458.394770
1.425000,0.034000,465.472885
1.425000,0.033000,472.723799
1.425000,0.032000,480.152930
1.425000,0.031000,487.765883
1.425000,0.030000,495.568457
1.425000,0.029000,503.566644
1.425000,0.028000,511.766647
1.425000,0.027000,520.174873
1.425000,0.026000,528.797953
1.425000,0.025000,537.642741

1.420000,0.050000,370.310791
1.420000,0.049000,375.348817
1.420000,0.048000,380.496672
1.420000,0.047000,385.758380
1.420000,0.046000,391.137365
1.420000,0.045000,396.637107
1.420000,0.044000,402.261209
1.420000,0.043000,408.013403
1.420000,0.042000,413.897549
1.420000,0.041000,419.917644
1.420000,0.040000,426.077826
1.420000,0.039000,432.382375
1.420000,0.038000,438.835725
1.420000,0.037000,445.442463
1.420000,0.036000,452.207336
1.420000,0.035000,459.135256
1.420000,0.034000,466.231307
1.420000,0.033000,473.500748
1.420000,0.032000,480.949020
1.420000,0.031000,488.581751
1.420000,0.030000,496.404763
1.420000,0.029000,504.424073
1.420000,0.028000,512.645909
1.420000,0.027000,521.076706
1.420000,0.026000,529.723119
1.420000,0.025000,538.592033

1.415000,0.050000,370.841589
1.415000,0.049000,375.890955
1.415000,0.048000,381.049561
1.415000,0.047000,386.324083
1.415000,0.046000,391.715420
1.415000,0.045000,397.227896
1.415000,0.044000,402.865127
1.415000,0.043000,408.630858
1.415000,0.042000,414.528968
1.415000,0.041000,420.563468
1.415000,0.040000,426.738513
1.415000,0.039000,433.058401
1.415000,0.038000,439.527583
1.415000,0.037000,446.150665
1.415000,0.036000,452.932413
1.415000,0.035000,459.877761
1.415000,0.034000,466.991812
1.415000,0.033000,474.279847
1.415000,0.032000,481.747329
1.415000,0.031000,489.399910
1.415000,0.030000,497.243434
1.415000,0.029000,505.283945
1.415000,0.028000,513.527695
1.415000,0.027000,521.981145
1.415000,0.026000,530.650980
1.415000,0.025000,539.544110

1.410000,0.050000,371.373694
1.410000,0.049000,376.434389
1.410000,0.048000,381.605484
1.410000,0.047000,386.891213
1.410000,0.046000,392.294937
1.410000,0.045000,397.819291
1.410000,0.044000,403.470591
1.410000,0.043000,409.249907
1.410000,0.042000,415.162027
1.410000,0.041000,421.210982
1.410000,0.040000,427.400941
1.410000,0.039000,433.736220
1.410000,0.038000,440.221290
1.410000,0.037000,446.860773
1.410000,0.036000,453.659457
1.410000,0.035000,460.622294
1.410000,0.034000,467.754409
1.410000,0.033000,475.061104
1.410000,0.032000,482.547866
1.410000,0.031000,490.220368
1.410000,0.030000,498.084480
1.410000,0.029000,506.146270
1.410000,0.028000,514.412014
1.410000,0.027000,522.888202
1.410000,0.026000,531.581544
1.410000,0.025000,540.498981

1.405000,0.050000,371.907157
1.405000,0.049000,376.979177
1.405000,0.048000,382.161859
1.405000,0.047000,387.459753
1.405000,0.046000,392.875919
1.405000,0.045000,398.413102
1.405000,0.044000,404.077609
1.405000,0.043000,409.870554
1.405000,0.042000,415.796733
1.405000,0.041000,421.860191
1.405000,0.040000,428.065115
1.405000,0.039000,434.415840
1.405000,0.038000,440.916852
1.405000,0.037000,447.572794
1.405000,0.036000,454.388473
1.405000,0.035000,461.368861
1.405000,0.034000,468.519105
1.405000,0.033000,475.844528
1.405000,0.032000,483.350639
1.405000,0.031000,491.043135
1.405000,0.030000,498.927910
1.405000,0.029000,507.011056
1.405000,0.028000,515.298876
1.405000,0.027000,523.797886
1.405000,0.026000,532.514823
1.405000,0.025000,541.456658

1.400000,0.050000,372.441887
1.400000,0.049000,377.525282
1.400000,0.048000,382.719538
1.400000,0.047000,388.029730
1.400000,0.046000,393.458372
1.400000,0.045000,399.009303
1.400000,0.044000,404.686184
1.400000,0.043000,410.492805
1.400000,0.042000,416.433090
1.400000,0.041000,422.511102
1.400000,0.040000,428.731043
1.400000,0.039000,435.097266
1.400000,0.038000,441.614276
1.400000,0.037000,448.286736
1.400000,0.036000,455.119469
1.400000,0.035000,462.117471
1.400000,0.034000,469.285908
1.400000,0.033000,476.630126
1.400000,0.032000,484.155656
1.400000,0.031000,491.868219
1.400000,0.030000,499.773732
1.400000,0.029000,507.878313
1.400000,0.028000,516.188290
1.400000,0.027000,524.710207
1.400000,0.026000,533.450828
1.400000,0.025000,542.417151

1.395000,0.050000,372.977937
1.395000,0.049000,378.072443
1.395000,0.048000,383.279107
1.395000,0.047000,388.601143
1.395000,0.046000,394.042302
1.395000,0.045000,399.606137
1.395000,0.044000,405.296323
1.395000,0.043000,411.116666
1.395000,0.042000,417.071106
1.395000,0.041000,423.163720
1.395000,0.040000,429.398730
1.395000,0.039000,435.780506
1.395000,0.038000,442.313570
1.395000,0.037000,449.002604
1.395000,0.036000,455.852453
1.395000,0.035000,462.868131
1.395000,0.034000,470.054827
1.395000,0.033000,477.417907
1.395000,0.032000,484.962927
1.395000,0.031000,492.695629
1.395000,0.030000,500.621956
1.395000,0.029000,508.748051
1.395000,0.028000,517.080267
1.395000,0.027000,525.625175
1.395000,0.026000,534.389569
1.395000,0.025000,543.380472

1.390000,0.050000,373.515310
1.390000,0.049000,378.621345
1.390000,0.048000,383.839775
1.390000,0.047000,389.173998
1.390000,0.046000,394.627713
1.390000,0.045000,400.204495
1.390000,0.044000,405.908031
1.390000,0.043000,411.742143
1.390000,0.042000,417.710785
1.390000,0.041000,423.818053
1.390000,0.040000,430.068183
1.390000,0.039000,436.465565
1.390000,0.038000,443.014739
1.390000,0.037000,449.720407
1.390000,0.036000,456.587431
1.390000,0.035000,463.620849
1.390000,0.034000,470.825868
1.390000,0.033000,478.207879
1.390000,0.032000,485.772458
1.390000,0.031000,493.525374
1.390000,0.030000,501.472590
1.390000,0.029000,509.620278
1.390000,0.028000,517.974816
1.390000,0.027000,526.542801
1.390000,0.026000,535.331056
1.390000,0.025000,544.346632

1.385000,0.050000,374.054925
1.385000,0.049000,379.171822
1.385000,0.048000,384.401847
1.385000,0.047000,389.748292
1.385000,0.046000,395.214610
1.385000,0.045000,400.804383
1.385000,0.044000,406.521314
1.385000,0.043000,412.369241
1.385000,0.042000,418.352134
1.385000,0.041000,424.474105
1.385000,0.040000,430.739409
1.385000,0.039000,437.152451
1.385000,0.038000,443.717792
1.385000,0.037000,450.440151
1.385000,0.036000,457.324412
1.385000,0.035000,464.375632
1.385000,0.034000,471.599040
1.385000,0.033000,479.000050
1.385000,0.032000,486.584260
1.385000,0.031000,494.357462
1.385000,0.030000,502.325645
1.385000,0.029000,510.495005
1.385000,0.028000,518.871947
1.385000,0.027000,527.463095
1.385000,0.026000,536.275299
1.385000,0.025000,545.315641

1.380000,0.050000,374.594613
1.380000,0.049000,379.723397
1.380000,0.048000,384.965328
1.380000,0.047000,390.324038
1.380000,0.046000,395.803000
1.380000,0.045000,401.405806
1.380000,0.044000,407.136178
1.380000,0.043000,412.997966
1.380000,0.042000,418.995159
1.380000,0.041000,425.131884
1.380000,0.040000,431.412413
1.380000,0.039000,437.841171
1.380000,0.038000,444.422734
1.380000,0.037000,451.161843
1.380000,0.036000,458.063402
1.380000,0.035000,465.132488
1.380000,0.034000,472.374352
1.380000,0.033000,479.794429
1.380000,0.032000,487.398340
1.380000,0.031000,495.191902
1.380000,0.030000,503.181129
1.380000,0.029000,511.372241
1.380000,0.028000,519.771670
1.380000,0.027000,528.386067
1.380000,0.026000,537.222310
1.380000,0.025000,546.287512

1.375000,0.050000,375.135980
1.375000,0.049000,380.276353
1.375000,0.048000,385.529285
1.375000,0.047000,390.901240
1.375000,0.046000,396.392886
1.375000,0.045000,402.008770
1.375000,0.044000,407.752627
1.375000,0.043000,413.628325
1.375000,0.042000,419.639866
1.375000,0.041000,425.791396
1.375000,0.040000,432.087203
1.375000,0.039000,438.531730
1.375000,0.038000,445.129573
1.375000,0.037000,451.885491
1.375000,0.036000,458.804410
1.375000,0.035000,465.891424
1.375000,0.034000,473.151810
1.375000,0.033000,480.591023
1.375000,0.032000,488.214708
1.375000,0.031000,496.028704
1.375000,0.030000,504.039052
1.375000,0.029000,512.251996
1.375000,0.028000,520.673995
1.375000,0.027000,529.311727
1.375000,0.026000,538.172100
1.375000,0.025000,547.262254

1.370000,0.050000,375.678689
1.370000,0.049000,380.830436
1.370000,0.048000,386.096540
1.370000,0.047000,391.479902
1.370000,0.046000,396.984275
1.370000,0.045000,402.613280
1.370000,0.044000,408.370668
1.370000,0.043000,414.260322
1.370000,0.042000,420.286261
1.370000,0.041000,426.452646
1.370000,0.040000,432.763784
1.370000,0.039000,439.224136
1.370000,0.038000,445.838316
1.370000,0.037000,452.611103
1.370000,0.036000,459.547441
1.370000,0.035000,466.652450
1.370000,0.034000,473.931423
1.370000,0.033000,481.389841
1.370000,0.032000,489.033371
1.370000,0.031000,496.867876
1.370000,0.030000,504.899423
1.370000,0.029000,513.134279
1.370000,0.028000,521.578932
1.370000,0.027000,530.240087
1.370000,0.026000,539.124678
1.370000,0.025000,548.239880

1.365000,0.050000,376.222720
1.365000,0.049000,381.386169
1.365000,0.048000,386.664289
1.365000,0.047000,392.060029
1.365000,0.046000,397.577171
1.365000,0.045000,403.219342
1.365000,0.044000,408.990307
1.365000,0.043000,414.893965
1.365000,0.042000,420.934350
1.365000,0.041000,427.115642
1.365000,0.040000,433.442164
1.365000,0.039000,439.918395
1.365000,0.038000,446.548969
1.365000,0.037000,453.338684
1.365000,0.036000,460.292505
1.365000,0.035000,467.415571
1.365000,0.034000,474.713199
1.365000,0.033000,482.190891
1.365000,0.032000,489.854339
1.365000,0.031000,497.709428
1.365000,0.030000,505.762250
1.365000,0.029000,514.019100
1.365000,0.028000,522.486491
1.365000,0.027000,531.171156
1.365000,0.026000,540.080057
1.365000,0.025000,549.220399

1.360000,0.050000,376.768158
1.360000,0.049000,381.943518
1.360000,0.048000,387.233448
1.360000,0.047000,392.641627
1.360000,0.046000,398.171580
1.360000,0.045000,403.826961
1.360000,0.044000,409.611549
1.360000,0.043000,415.529258
1.360000,0.042000,421.584139
1.360000,0.041000,427.780389
1.360000,0.040000,434.122349
1.360000,0.039000,440.614515
1.360000,0.038000,447.261541
1.360000,0.037000,454.068243
1.360000,0.036000,461.039609
1.360000,0.035000,468.180797
1.360000,0.034000,475.497147
1.360000,0.033000,482.994183
1.360000,0.032000,490.677620
1.360000,0.031000,498.553368
1.360000,0.030000,506.627544
1.360000,0.029000,514.906469
1.360000,0.028000,523.396682
1.360000,0.027000,532.104945
1.360000,0.026000,541.038247
1.360000,0.025000,550.203823

1.355000,0.050000,377.314898
1.355000,0.049000,382.502023
1.355000,0.048000,387.802937
1.355000,0.047000,393.224699
1.355000,0.046000,398.767508
1.355000,0.045000,404.436143
1.355000,0.044000,410.234399
1.355000,0.043000,416.166207
1.355000,0.042000,422.235635
1.355000,0.041000,428.446894
1.355000,0.040000,434.804345
1.355000,0.039000,441.312501
1.355000,0.038000,447.976037
1.355000,0.037000,454.799787
1.355000,0.036000,461.788760
1.355000,0.035000,468.948135
1.355000,0.034000,476.283274
1.355000,0.033000,483.799723
1.355000,0.032000,491.503222
1.355000,0.031000,499.399706
1.355000,0.030000,507.495315
1.355000,0.029000,515.796396
1.355000,0.028000,524.309516
1.355000,0.027000,533.041464
1.355000,0.026000,541.999259
1.355000,0.025000,551.190164

1.350000,0.050000,377.863048
1.350000,0.049000,383.061927
1.350000,0.048000,388.376094
1.350000,0.047000,393.809254
1.350000,0.046000,399.364958
1.350000,0.045000,405.046893
1.350000,0.044000,410.858865
1.350000,0.043000,416.804820
1.350000,0.042000,422.888843
1.350000,0.041000,429.115163
1.350000,0.040000,435.488159
1.350000,0.039000,442.012362
1.350000,0.038000,448.692465
1.350000,0.037000,455.533324
1.350000,0.036000,462.539966
1.350000,0.035000,469.717593
1.350000,0.034000,477.071588
1.350000,0.033000,484.607522
1.350000,0.032000,492.331156
1.350000,0.031000,500.248451
1.350000,0.030000,508.365570
1.350000,0.029000,516.688891
1.350000,0.028000,525.225002
1.350000,0.027000,533.980724
1.350000,0.026000,542.963105
1.350000,0.025000,552.179434

1.345000,0.050000,378.412219
1.345000,0.049000,383.623235
1.345000,0.048000,388.949583
1.345000,0.047000,394.395293
1.345000,0.046000,399.963940
1.345000,0.045000,405.659217
1.345000,0.044000,411.484950
1.345000,0.043000,417.445101
1.345000,0.042000,423.543770
1.345000,0.041000,429.785203
1.345000,0.040000,436.173798
1.345000,0.039000,442.714104
1.345000,0.038000,449.410832
1.345000,0.037000,456.268860
1.345000,0.036000,463.293234
1.345000,0.035000,470.489179
1.345000,0.034000,477.862099
1.345000,0.033000,485.417587
1.345000,0.032000,493.161430
1.345000,0.031000,501.099612
1.345000,0.030000,509.238321
1.345000,0.029000,517.583962
1.345000,0.028000,526.143151
1.345000,0.027000,534.922736
1.345000,0.026000,543.929794
1.345000,0.025000,553.171644

1.340000,0.050000,378.963100
1.340000,0.049000,384.185954
1.340000,0.048000,389.524518
1.340000,0.047000,394.982824
1.340000,0.046000,400.564455
1.340000,0.045000,406.273120
1.340000,0.044000,412.112662
1.340000,0.043000,418.087056
1.340000,0.042000,424.200421
1.340000,0.041000,430.457021
1.340000,0.040000,436.861268
1.340000,0.039000,443.417733
1.340000,0.038000,450.131146
1.340000,0.037000,457.006403
1.340000,0.036000,464.048573
1.340000,0.035000,471.262900
1.340000,0.034000,478.654813
1.340000,0.033000,486.229927
1.340000,0.032000,493.994052
1.340000,0.031000,501.953197
1.340000,0.030000,510.113577
1.340000,0.029000,518.481621
1.340000,0.028000,527.063974
1.340000,0.027000,535.867509
1.340000,0.026000,544.899338
1.340000,0.025000,554.166806

1.335000,0.050000,379.515471
1.335000,0.049000,384.750083
1.335000,0.048000,390.100595
1.335000,0.047000,395.571852
1.335000,0.046000,401.166510
1.335000,0.045000,406.888609
1.335000,0.044000,412.742006
1.335000,0.043000,418.730693
1.335000,0.042000,424.858922
1.335000,0.041000,431.130622
1.335000,0.040000,437.550576
1.335000,0.039000,444.123257
1.335000,0.038000,450.853413
1.335000,0.037000,457.745960
1.335000,0.036000,464.805989
1.335000,0.035000,472.038766
1.335000,0.034000,479.449740
1.335000,0.033000,487.044551
1.335000,0.032000,494.829032
1.335000,0.031000,502.809217
1.335000,0.030000,510.991347
1.335000,0.029000,519.381877
1.335000,0.028000,527.987480
1.335000,0.027000,536.815057
1.335000,0.026000,545.871747
1.335000,0.025000,555.164930

1.330000,0.050000,380.069325
1.330000,0.049000,385.315634
1.330000,0.048000,390.678759
1.330000,0.047000,396.162381
1.330000,0.046000,401.770111
1.330000,0.045000,407.505689
1.330000,0.044000,413.372987
1.330000,0.043000,419.376016
1.330000,0.042000,425.518925
1.330000,0.041000,431.806013
1.330000,0.040000,438.241730
1.330000,0.039000,444.830682
1.330000,0.038000,451.577640
1.330000,0.037000,458.487540
1.330000,0.036000,465.565492
1.330000,0.035000,472.816784
1.330000,0.034000,480.246888
1.330000,0.033000,487.861467
1.330000,0.032000,495.666378
1.330000,0.031000,503.667681
1.330000,0.030000,511.871641
1.330000,0.029000,520.284740
1.330000,0.028000,528.913680
1.330000,0.027000,537.765388
1.330000,0.026000,546.847033
1.330000,0.025000,556.166030

1.325000,0.050000,380.624515
1.325000,0.049000,385.881789
1.325000,0.048000,391.258075
1.325000,0.047000,396.754417
1.325000,0.046000,402.375262
1.325000,0.045000,408.124365
1.325000,0.044000,414.005613
1.325000,0.043000,420.023031
1.325000,0.042000,426.180953
1.325000,0.041000,432.483201
1.325000,0.040000,438.934735
1.325000,0.039000,445.540017
1.325000,0.038000,452.303836
1.325000,0.037000,459.231150
1.325000,0.036000,466.327088
1.325000,0.035000,473.596961
1.325000,0.034000,481.046265
1.325000,0.033000,488.680684
1.325000,0.032000,496.506100
1.325000,0.031000,504.528598
1.325000,0.030000,512.754469
1.325000,0.029000,521.190221
1.325000,0.028000,529.842583
1.325000,0.027000,538.718513
1.325000,0.026000,547.825209
1.325000,0.025000,557.170115

1.320000,0.050000,381.180597
1.320000,0.049000,386.451012
1.320000,0.048000,391.838860
1.320000,0.047000,397.347966
1.320000,0.046000,402.981970
1.320000,0.045000,408.744643
1.320000,0.044000,414.639888
1.320000,0.043000,420.671746
1.320000,0.042000,426.844403
1.320000,0.041000,433.162192
1.320000,0.040000,439.629598
1.320000,0.039000,446.251267
1.320000,0.038000,453.032007
1.320000,0.037000,459.976796
1.320000,0.036000,467.090785
1.320000,0.035000,474.379307
1.320000,0.034000,481.847880
1.320000,0.033000,489.502211
1.320000,0.032000,497.348207
1.320000,0.031000,505.391977
1.320000,0.030000,513.639840
1.320000,0.029000,522.098329
1.320000,0.028000,530.774201
1.320000,0.027000,539.674445
1.320000,0.026000,548.806284
1.320000,0.025000,558.177197

1.315000,0.050000,381.738687
1.315000,0.049000,387.020544
1.315000,0.048000,392.421123
1.315000,0.047000,397.942746
1.315000,0.046000,403.590240
1.315000,0.045000,409.366529
1.315000,0.044000,415.275819
1.315000,0.043000,421.322276
1.315000,0.042000,427.509774
1.315000,0.041000,433.842993
1.315000,0.040000,440.326327
1.315000,0.039000,446.964440
1.315000,0.038000,453.762161
1.315000,0.037000,460.724487
1.315000,0.036000,467.856592
1.315000,0.035000,475.163830
1.315000,0.034000,482.651740
1.315000,0.033000,490.326056
1.315000,0.032000,498.192708
1.315000,0.031000,506.257829
1.315000,0.030000,514.527764
1.315000,0.029000,523.009075
1.315000,0.028000,531.708545
1.315000,0.027000,540.633193
1.315000,0.026000,549.790271
1.315000,0.025000,559.187289

1.310000,0.050000,382.297870
1.310000,0.049000,387.592124
1.310000,0.048000,393.004860
1.310000,0.047000,398.539329
1.310000,0.046000,404.200078
1.310000,0.045000,409.990029
1.310000,0.044000,415.913411
1.310000,0.043000,421.974298
1.310000,0.042000,428.176908
1.310000,0.041000,434.525610
1.310000,0.040000,441.024928
1.310000,0.039000,447.679543
1.310000,0.038000,454.494305
1.310000,0.037000,461.474231
1.310000,0.036000,468.624516
1.310000,0.035000,475.950537
1.310000,0.034000,483.457856
1.310000,0.033000,491.152229
1.310000,0.032000,499.039611
1.310000,0.031000,507.126162
1.310000,0.030000,515.418251
1.310000,0.029000,523.922469
1.310000,0.028000,532.645625
1.310000,0.027000,541.594768
1.310000,0.026000,550.777180
1.310000,0.025000,560.200402

1.305000,0.050000,382.858456
1.305000,0.049000,388.164559
1.305000,0.048000,393.590087
1.305000,0.047000,399.137740
1.305000,0.046000,404.811489
1.305000,0.045000,410.615149
1.305000,0.044000,416.552671
1.305000,0.043000,422.628147
1.305000,0.042000,428.845811
1.305000,0.041000,435.210051
1.305000,0.040000,441.725408
1.305000,0.039000,448.396584
1.305000,0.038000,455.228446
1.305000,0.037000,462.226035
1.305000,0.036000,469.394566
1.305000,0.035000,476.739437
1.305000,0.034000,484.266234
1.305000,0.033000,491.980738
1.305000,0.032000,499.888926
1.305000,0.031000,507.996986
1.305000,0.030000,516.311312
1.305000,0.029000,524.838521
1.305000,0.028000,533.585452
1.305000,0.027000,542.559181
1.305000,0.026000,551.767024
1.305000,0.025000,561.216548

1.300000,0.050000,383.420452
1.300000,0.049000,388.739015
1.300000,0.048000,394.176804
1.300000,0.047000,399.737392
1.300000,0.046000,405.424479
1.300000,0.045000,411.241894
1.300000,0.044000,417.193605
1.300000,0.043000,423.283719
1.300000,0.042000,429.516490
1.300000,0.041000,435.896322
1.300000,0.040000,442.427774
1.300000,0.039000,449.115568
1.300000,0.038000,455.964592
1.300000,0.037000,462.979907
1.300000,0.036000,470.166749
1.300000,0.035000,477.530538
1.300000,0.034000,485.076884
1.300000,0.033000,492.811592
1.300000,0.032000,500.740663
1.300000,0.031000,508.870310
1.300000,0.030000,517.206955
1.300000,0.029000,525.757241
1.300000,0.028000,534.528035
1.300000,0.027000,543.526444
1.300000,0.026000,552.759813
1.300000,0.025000,562.235740

1.295000,0.050000,383.984048
1.295000,0.049000,389.314208
1.295000,0.048000,394.765018
1.295000,0.047000,400.338584
1.295000,0.046000,406.039053
1.295000,0.045000,411.870270
1.295000,0.044000,417.836218
1.295000,0.043000,423.941022
1.295000,0.042000,430.188951
1.295000,0.041000,436.584429
1.295000,0.040000,443.132033
1.295000,0.039000,449.836504
1.295000,0.038000,456.702751
1.295000,0.037000,463.735854
1.295000,0.036000,470.941072
1.295000,0.035000,478.323849
1.295000,0.034000,485.889815
1.295000,0.033000,493.644800
1.295000,0.032000,501.594831
1.295000,0.031000,509.746145
1.295000,0.030000,518.105191
1.295000,0.029000,526.678639
1.295000,0.028000,535.473387
1.295000,0.027000,544.496567
1.295000,0.026000,553.755559
1.295000,0.025000,563.257990

1.290000,0.050000,384.548690
1.290000,0.049000,389.891635
1.290000,0.048000,395.354732
1.290000,0.047000,400.941321
1.290000,0.046000,406.655217
1.290000,0.045000,412.500283
1.290000,0.044000,418.480518
1.290000,0.043000,424.600061
1.290000,0.042000,430.863202
1.290000,0.041000,437.274379
1.290000,0.040000,443.838192
1.290000,0.039000,450.559399
1.290000,0.038000,457.442930
1.290000,0.037000,464.493885
1.290000,0.036000,471.717546
1.290000,0.035000,479.119377
1.290000,0.034000,486.705035
1.290000,0.033000,494.480371
1.290000,0.032000,502.451438
1.290000,0.031000,510.624499
1.290000,0.030000,519.006029
1.290000,0.029000,527.602727
1.290000,0.028000,536.421518
1.290000,0.027000,545.469563
1.290000,0.026000,554.754273
1.290000,0.025000,564.283309

1.285000,0.050000,385.114942
1.285000,0.049000,390.470270
1.285000,0.048000,395.945253
1.285000,0.047000,401.545608
1.285000,0.046000,407.272977
1.285000,0.045000,413.131940
1.285000,0.044000,419.126509
1.285000,0.043000,425.260843
1.285000,0.042000,431.539247
1.285000,0.041000,437.966180
1.285000,0.040000,444.546258
1.285000,0.039000,451.284260
1.285000,0.038000,458.185135
1.285000,0.037000,465.254007
1.285000,0.036000,472.496176
1.285000,0.035000,479.917132
1.285000,0.034000,487.522552
1.285000,0.033000,495.318314
1.285000,0.032000,503.310495
1.285000,0.031000,511.505383
1.285000,0.030000,519.909481
1.285000,0.029000,528.529514
1.285000,0.028000,537.372438
1.285000,0.027000,546.445442
1.285000,0.026000,555.755967
1.285000,0.025000,565.311709

1.280000,0.050000,385.682623
1.280000,0.049000,391.050287
1.280000,0.048000,396.538687
1.280000,0.047000,402.150445
1.280000,0.046000,407.892340
1.280000,0.045000,413.765245
1.280000,0.044000,419.774198
1.280000,0.043000,425.923374
1.280000,0.042000,432.217095
1.280000,0.041000,438.659838
1.280000,0.040000,445.256238
1.280000,0.039000,452.011094
1.280000,0.038000,458.929376
1.280000,0.037000,466.016228
1.280000,0.036000,473.276972
1.280000,0.035000,480.717121
1.280000,0.034000,488.342376
1.280000,0.033000,496.158638
1.280000,0.032000,504.172010
1.280000,0.031000,512.388806
1.280000,0.030000,520.815556
1.280000,0.029000,529.459012
1.280000,0.028000,538.326158
1.280000,0.027000,547.424216
1.280000,0.026000,556.760654
1.280000,0.025000,566.343203

1.275000,0.050000,386.251737
1.275000,0.049000,391.631780
1.275000,0.048000,397.132937
1.275000,0.047000,402.758856
1.275000,0.046000,408.513309
1.275000,0.045000,414.400205
1.275000,0.044000,420.423591
1.275000,0.043000,426.587660
1.275000,0.042000,432.896751
1.275000,0.041000,439.355359
1.275000,0.040000,445.968139
1.275000,0.039000,452.739910
1.275000,0.038000,459.675660
1.275000,0.037000,466.780556
1.275000,0.036000,474.059942
1.275000,0.035000,481.519354
1.275000,0.034000,489.164516
1.275000,0.033000,497.001353
1.275000,0.032000,505.035994
1.275000,0.031000,513.274779
1.275000,0.030000,521.724264
1.275000,0.029000,530.391230
1.275000,0.028000,539.282690
1.275000,0.027000,548.405895
1.275000,0.026000,557.768344
1.275000,0.025000,567.377801

1.270000,0.050000,386.822292
1.270000,0.049000,392.214735
1.270000,0.048000,397.728711
1.270000,0.047000,403.367828
1.270000,0.046000,409.135891
1.270000,0.045000,415.036826
1.270000,0.044000,421.074695
1.270000,0.043000,427.253708
1.270000,0.042000,433.578222
1.270000,0.041000,440.052751
1.270000,0.040000,446.681969
1.270000,0.039000,453.470713
1.270000,0.038000,460.423994
1.270000,0.037000,467.546998
1.270000,0.036000,474.845094
1.270000,0.035000,482.323838
1.270000,0.034000,489.988980
1.270000,0.033000,497.846467
1.270000,0.032000,505.902456
1.270000,0.031000,514.163310
1.270000,0.030000,522.635615
1.270000,0.029000,531.326179
1.270000,0.028000,540.242044
1.270000,0.027000,549.390492
1.270000,0.026000,558.779050
1.270000,0.025000,568.415517

1.265000,0.050000,387.394289
1.265000,0.049000,392.799210
1.265000,0.048000,398.326013
1.265000,0.047000,403.978372
1.265000,0.046000,409.760093
1.265000,0.045000,415.675114
1.265000,0.044000,421.727516
1.265000,0.043000,427.921524
1.265000,0.042000,434.261516
1.265000,0.041000,440.752021
1.265000,0.040000,447.397734
1.265000,0.039000,454.203512
1.265000,0.038000,461.174386
1.265000,0.037000,468.315564
1.265000,0.036000,475.632437
1.265000,0.035000,483.130583
1.265000,0.034000,490.815776
1.265000,0.033000,498.693990
1.265000,0.032000,506.771404
1.265000,0.031000,515.054410
1.265000,0.030000,523.549620
1.265000,0.029000,532.263871
1.265000,0.028000,541.204231
1.265000,0.027000,550.378016
1.265000,0.026000,559.792784
1.265000,0.025000,569.456364

1.260000,0.050000,387.967736
1.260000,0.049000,393.385158
1.260000,0.048000,398.924848
1.260000,0.047000,404.590495
1.260000,0.046000,410.385919
1.260000,0.045000,416.315074
1.260000,0.044000,422.382059
1.260000,0.043000,428.591115
1.260000,0.042000,434.946637
1.260000,0.041000,441.453176
1.260000,0.040000,448.115441
1.260000,0.039000,454.938314
1.260000,0.038000,461.926844
1.260000,0.037000,469.086261
1.260000,0.036000,476.421977
1.260000,0.035000,483.939596
1.260000,0.034000,491.644915
1.260000,0.033000,499.543930
1.260000,0.032000,507.642849
1.260000,0.031000,515.948089
1.260000,0.030000,524.466289
1.260000,0.029000,533.204315
1.260000,0.028000,542.169263
1.260000,0.027000,551.368480
1.260000,0.026000,560.809557
1.260000,0.025000,570.500353

1.255000,0.050000,388.542637
1.255000,0.049000,393.972602
1.255000,0.048000,399.524928
1.255000,0.047000,405.204202
1.255000,0.046000,411.013375
1.255000,0.045000,416.956714
1.255000,0.044000,423.038331
1.255000,0.043000,429.262488
1.255000,0.042000,435.633595
1.255000,0.041000,442.156221
1.255000,0.040000,448.835099
1.255000,0.039000,455.675126
1.255000,0.038000,462.681375
1.255000,0.037000,469.859096
1.255000,0.036000,477.213725
1.255000,0.035000,484.750887
1.255000,0.034000,492.476404
1.255000,0.033000,500.396298
1.255000,0.032000,508.516801
1.255000,0.031000,516.844357
1.255000,0.030000,525.385632
1.255000,0.029000,534.147521
1.255000,0.028000,543.137151
1.255000,0.027000,552.361895
1.255000,0.026000,561.829382
1.255000,0.025000,571.548764

1.250000,0.050000,389.118464
1.250000,0.049000,394.561549
1.250000,0.048000,400.127142
1.250000,0.047000,405.819499
1.250000,0.046000,411.642469
1.250000,0.045000,417.600039
1.250000,0.044000,423.696339
1.250000,0.043000,429.935648
1.250000,0.042000,436.322394
1.250000,0.041000,442.861166
1.250000,0.040000,449.556714
1.250000,0.039000,456.413956
1.250000,0.038000,463.437987
1.250000,0.037000,470.634078
1.250000,0.036000,478.007688
1.250000,0.035000,485.564465
1.250000,0.034000,493.310254
1.250000,0.033000,501.251103
1.250000,0.032000,509.393269
1.250000,0.031000,517.743224
1.250000,0.030000,526.307660
1.250000,0.029000,535.093502
1.250000,0.028000,544.107905
1.250000,0.027000,553.358274
1.250000,0.026000,562.852270
1.250000,0.025000,572.597822

1.245000,0.050000,389.696822
1.245000,0.049000,395.151555
1.245000,0.048000,400.730612
1.245000,0.047000,406.436392
1.245000,0.046000,412.273204
1.245000,0.045000,418.245055
1.245000,0.044000,424.356089
1.245000,0.043000,430.610602
1.245000,0.042000,437.013043
1.245000,0.041000,443.568016
1.245000,0.040000,450.280293
1.245000,0.039000,457.154812
1.245000,0.038000,464.196689
1.245000,0.037000,471.411216
1.245000,0.036000,478.803875
1.245000,0.035000,486.380337
1.245000,0.034000,494.146472
1.245000,0.033000,502.108353
1.245000,0.032000,510.272262
1.245000,0.031000,518.644699
1.245000,0.030000,527.232384
1.245000,0.029000,536.042267
1.245000,0.028000,545.081538
1.245000,0.027000,554.357628
1.245000,0.026000,563.878232
1.245000,0.025000,573.651314

1.240000,0.050000,390.276116
1.240000,0.049000,395.743963
1.240000,0.048000,401.335081
1.240000,0.047000,407.054885
1.240000,0.046000,412.905589
1.240000,0.045000,418.891768
1.240000,0.044000,425.017587
1.240000,0.043000,431.287358
1.240000,0.042000,437.705547
1.240000,0.041000,444.276779
1.240000,0.040000,451.005844
1.240000,0.039000,457.897702
1.240000,0.038000,464.957487
1.240000,0.037000,472.190517
1.240000,0.036000,479.602293
1.240000,0.035000,487.198513
1.240000,0.034000,494.985068
1.240000,0.033000,502.968059
1.240000,0.032000,511.153791
1.240000,0.031000,519.548793
1.240000,0.030000,528.159813
1.240000,0.029000,536.993828
1.240000,0.028000,546.058060
1.240000,0.027000,555.359969
1.240000,0.026000,564.907281
1.240000,0.025000,574.708000

1.235000,0.050000,390.856884
1.235000,0.049000,396.337444
1.235000,0.048000,401.942224
1.235000,0.047000,407.674985
1.235000,0.046000,413.539627
1.235000,0.045000,419.540185
1.235000,0.044000,425.680840
1.235000,0.043000,431.965921
1.235000,0.042000,438.399913
1.235000,0.041000,444.987461
1.235000,0.040000,451.733374
1.235000,0.039000,458.642632
1.235000,0.038000,465.720390
1.235000,0.037000,472.971989
1.235000,0.036000,480.402953
1.235000,0.035000,488.019001
1.235000,0.034000,495.826052
1.235000,0.033000,503.830229
1.235000,0.032000,512.037866
1.235000,0.031000,520.455517
1.235000,0.030000,529.089958
1.235000,0.029000,537.948196
1.235000,0.028000,547.037482
1.235000,0.027000,556.365308
1.235000,0.026000,565.939431
1.235000,0.025000,575.767890

1.230000,0.050000,391.439134
1.230000,0.049000,396.932448
1.230000,0.048000,402.550377
1.230000,0.047000,408.296699
1.230000,0.046000,414.175326
1.230000,0.045000,420.190312
1.230000,0.044000,426.345853
1.230000,0.043000,432.646298
1.230000,0.042000,439.096150
1.230000,0.041000,445.700071
1.230000,0.040000,452.462891
1.230000,0.039000,459.389610
1.230000,0.038000,466.485407
1.230000,0.037000,473.755641
1.230000,0.036000,481.205861
1.230000,0.035000,488.841811
1.230000,0.034000,496.669431
1.230000,0.033000,504.694873
1.230000,0.032000,512.924496
1.230000,0.031000,521.364880
1.230000,0.030000,530.022830
1.230000,0.029000,538.905382
1.230000,0.028000,548.019815
1.230000,0.027000,557.373658
1.230000,0.026000,566.974693
1.230000,0.025000,576.830997

1.225000,0.050000,392.022869
1.225000,0.049000,397.528980
1.225000,0.048000,403.160103
1.225000,0.047000,408.920030
1.225000,0.046000,414.812691
1.225000,0.045000,420.842154
1.225000,0.044000,427.012634
1.225000,0.043000,433.328496
1.225000,0.042000,439.794262
1.225000,0.041000,446.414614
1.225000,0.040000,453.194401
1.225000,0.039000,460.138645
1.225000,0.038000,467.252544
1.225000,0.037000,474.541481
1.225000,0.036000,482.011027
1.225000,0.035000,489.666950
1.225000,0.034000,497.515217
1.225000,0.033000,505.562001
1.225000,0.032000,513.813691
1.225000,0.031000,522.276892
1.225000,0.030000,530.958439
1.225000,0.029000,539.865396
1.225000,0.028000,549.005073
1.225000,0.027000,558.385029
1.225000,0.026000,568.013080
1.225000,0.025000,577.897335

1.220000,0.050000,392.608094
1.220000,0.049000,398.127046
1.220000,0.048000,403.771407
1.220000,0.047000,409.544987
1.220000,0.046000,415.451729
1.220000,0.045000,421.495719
1.220000,0.044000,427.681189
1.220000,0.043000,434.012522
1.220000,0.042000,440.494258
1.220000,0.041000,447.131099
1.220000,0.040000,453.927913
1.220000,0.039000,460.889743
1.220000,0.038000,468.021809
1.220000,0.037000,475.329517
1.220000,0.036000,482.818460
1.220000,0.035000,490.494429
1.220000,0.034000,498.363417
1.220000,0.033000,506.431623
1.220000,0.032000,514.705461
1.220000,0.031000,523.191564
1.220000,0.030000,531.896796
1.220000,0.029000,540.828250
1.220000,0.028000,549.993265
1.220000,0.027000,559.399433
1.220000,0.026000,569.054603
1.220000,0.025000,578.966916

1.215000,0.050000,393.194815
1.215000,0.049000,398.726650
1.215000,0.048000,404.384295
1.215000,0.047000,410.171573
1.215000,0.046000,416.092445
1.215000,0.045000,422.151012
1.215000,0.044000,428.351525
1.215000,0.043000,434.698383
1.215000,0.042000,441.196145
1.215000,0.041000,447.849532
1.215000,0.040000,454.663434
1.215000,0.039000,461.642914
1.215000,0.038000,468.793212
1.215000,0.037000,476.119758
1.215000,0.036000,483.628167
1.215000,0.035000,491.324256
1.215000,0.034000,499.214041
1.215000,0.033000,507.303747
1.215000,0.032000,515.599816
1.215000,0.031000,524.108907
1.215000,0.030000,532.837911
1.215000,0.029000,541.793955
1.215000,0.028000,550.984404
1.215000,0.027000,560.416883
1.215000,0.026000,570.099286
1.215000,0.025000,580.039755

1.210000,0.050000,393.783037
1.210000,0.049000,399.327345
1.210000,0.048000,404.998772
1.210000,0.047000,410.799796
1.210000,0.046000,416.734845
1.210000,0.045000,422.808040
1.210000,0.044000,429.023647
1.210000,0.043000,435.386084
1.210000,0.042000,441.899929
1.210000,0.041000,448.569922
1.210000,0.040000,455.400972
1.210000,0.039000,462.398163
1.210000,0.038000,469.566760
1.210000,0.037000,476.912211
1.210000,0.036000,484.440159
1.210000,0.035000,492.156440
1.210000,0.034000,500.067099
1.210000,0.033000,508.178385
1.210000,0.032000,516.496766
1.210000,0.031000,525.028931
1.210000,0.030000,533.781797
1.210000,0.029000,542.762522
1.210000,0.028000,551.978501
1.210000,0.027000,561.437391
1.210000,0.026000,571.147120
1.210000,0.025000,581.115862

1.205000,0.050000,394.372765
1.205000,0.049000,399.930498
1.205000,0.048000,405.614845
1.205000,0.047000,411.429661
1.205000,0.046000,417.378937
1.205000,0.045000,423.466810
1.205000,0.044000,429.697563
1.205000,0.043000,436.075633
1.205000,0.042000,442.605617
1.205000,0.041000,449.292274
1.205000,0.040000,456.140533
1.205000,0.039000,463.155500
1.205000,0.038000,470.342461
1.205000,0.037000,477.706886
1.205000,0.036000,485.254442
1.205000,0.035000,492.990991
1.205000,0.034000,500.922599
1.205000,0.033000,509.055545
1.205000,0.032000,517.396321
1.205000,0.031000,525.951645
1.205000,0.030000,534.728463
1.205000,0.029000,543.733961
1.205000,0.028000,552.975568
1.205000,0.027000,562.460969
1.205000,0.026000,572.198128
1.205000,0.025000,582.195253

1.200000,0.050000,394.964006
1.200000,0.049000,400.534753
1.200000,0.048000,406.232520
1.200000,0.047000,412.061173
1.200000,0.046000,418.024725
1.200000,0.045000,424.125945
1.200000,0.044000,430.373279
1.200000,0.043000,436.767038
1.200000,0.042000,443.313217
1.200000,0.041000,450.016597
1.200000,0.040000,456.882127
1.200000,0.039000,463.914933
1.200000,0.038000,471.120323
1.200000,0.037000,478.503791
1.200000,0.036000,486.071027
1.200000,0.035000,493.827916
1.200000,0.034000,501.780552
1.200000,0.033000,509.935237
1.200000,0.032000,518.298491
1.200000,0.031000,526.877061
1.200000,0.030000,535.677921
1.200000,0.029000,544.708285
1.200000,0.028000,553.975616
1.200000,0.027000,563.487629
1.200000,0.026000,573.252321
1.200000,0.025000,583.277939

1.195000,0.050000,395.556764
1.195000,0.049000,401.140577
1.195000,0.048000,406.851799
1.195000,0.047000,412.694340
1.195000,0.046000,418.672217
1.195000,0.045000,424.789598
1.195000,0.044000,431.050802
1.195000,0.043000,437.460304
1.195000,0.042000,444.022736
1.195000,0.041000,450.742897
1.195000,0.040000,457.625759
1.195000,0.039000,464.676468
1.195000,0.038000,471.900354
1.195000,0.037000,479.302935
1.195000,0.036000,486.889922
1.195000,0.035000,494.667226
1.195000,0.034000,502.640966
1.195000,0.033000,510.817471
1.195000,0.032000,519.203287
1.195000,0.031000,527.805189
1.195000,0.030000,536.630180
1.195000,0.029000,545.685505
1.195000,0.028000,554.978658
1.195000,0.027000,564.517383
1.195000,0.026000,574.309703
1.195000,0.025000,584.363933

1.190000,0.050000,396.151044
1.190000,0.049000,401.747952
1.190000,0.048000,407.472692
1.190000,0.047000,413.329167
1.190000,0.046000,419.321417
1.190000,0.045000,425.453629
1.190000,0.044000,431.730139
1.190000,0.043000,438.155438
1.190000,0.042000,444.734180
1.190000,0.041000,451.471183
1.190000,0.040000,458.371439
1.190000,0.039000,465.440115
1.190000,0.038000,472.682564
1.190000,0.037000,480.104325
1.190000,0.036000,487.711135
1.190000,0.035000,495.508930
1.190000,0.034000,503.503851
1.190000,0.033000,511.702256
1.190000,0.032000,520.110719
1.190000,0.031000,528.736040
1.190000,0.030000,537.585254
1.190000,0.029000,546.665633
1.190000,0.028000,555.984703
1.190000,0.027000,565.550244
1.190000,0.026000,575.370319
1.190000,0.025000,585.453248

1.185000,0.050000,396.746853
1.185000,0.049000,402.356351
1.185000,0.048000,408.095204
1.185000,0.047000,413.965660
1.185000,0.046000,419.972334
1.185000,0.045000,426.119428
1.185000,0.044000,432.411296
1.185000,0.043000,438.852448
1.185000,0.042000,445.447558
1.185000,0.041000,452.201462
1.185000,0.040000,459.119173
1.185000,0.039000,466.205881
1.185000,0.038000,473.466959
1.185000,0.037000,480.907971
1.185000,0.036000,488.534677
1.185000,0.035000,496.353036
1.185000,0.034000,504.369218
1.185000,0.033000,512.589604
1.185000,0.032000,521.020796
1.185000,0.031000,529.669624
1.185000,0.030000,538.543151
1.185000,0.029000,547.648679
1.185000,0.028000,556.993765
1.185000,0.027000,566.586224
1.185000,0.026000,576.434149
1.185000,0.025000,586.545898

1.180000,0.050000,397.344797
1.180000,0.049000,402.967440
1.180000,0.048000,408.719339
1.180000,0.047000,414.603825
1.180000,0.046000,420.624972
1.180000,0.045000,426.786999
1.180000,0.044000,433.094280
1.180000,0.043000,439.551341
1.180000,0.042000,446.162875
1.180000,0.041000,452.933741
1.180000,0.040000,459.868970
1.180000,0.039000,466.973774
1.180000,0.038000,474.253549
1.180000,0.037000,481.713881
1.180000,0.036000,489.360555
1.180000,0.035000,497.199554
1.180000,0.034000,505.237074
1.180000,0.033000,513.479523
1.180000,0.032000,521.933530
1.180000,0.031000,530.605952
1.180000,0.030000,539.503883
1.180000,0.029000,548.634655
1.180000,0.028000,558.005856
1.180000,0.027000,567.625336
1.180000,0.026000,577.501217
1.180000,0.025000,587.641895

1.175000,0.050000,397.943076
1.175000,0.049000,403.579557
1.175000,0.048000,409.345105
1.175000,0.047000,415.243669
1.175000,0.046000,421.279338
1.175000,0.045000,427.456351
1.175000,0.044000,433.779097
1.175000,0.043000,440.252123
1.175000,0.042000,446.880141
1.175000,0.041000,453.668027
1.175000,0.040000,460.620837
1.175000,0.039000,467.743802
1.175000,0.038000,475.042341
1.175000,0.037000,482.522064
1.175000,0.036000,490.188778
1.175000,0.035000,498.048494
1.175000,0.034000,506.107431
1.175000,0.033000,514.372024
1.175000,0.032000,522.848931
1.175000,0.031000,531.545035
1.175000,0.030000,540.467462
1.175000,0.029000,549.623574
1.175000,0.028000,559.020988
1.175000,0.027000,568.667588
1.175000,0.026000,578.571536
1.175000,0.025000,588.741254

1.170000,0.050000,398.543501
1.170000,0.049000,404.193264
1.170000,0.048000,409.972507
1.170000,0.047000,415.885196
1.170000,0.046000,421.935439
1.170000,0.045000,428.127489
1.170000,0.044000,434.465755
1.170000,0.043000,440.954802
1.170000,0.042000,447.599361
1.170000,0.041000,454.404329
1.170000,0.040000,461.374782
1.170000,0.039000,468.515973
1.170000,0.038000,475.833345
1.170000,0.037000,483.332529
1.170000,0.036000,491.019357
1.170000,0.035000,498.899864
1.170000,0.034000,506.980297
1.170000,0.033000,515.267116
1.170000,0.032000,523.767008
1.170000,0.031000,532.486884
1.170000,0.030000,541.433898
1.170000,0.029000,550.615446
1.170000,0.028000,560.039173
1.170000,0.027000,569.712998
1.170000,0.026000,579.645117
1.170000,0.025000,589.843968

1.165000,0.050000,399.145479
1.165000,0.049000,404.808566
1.165000,0.048000,410.601551
1.165000,0.047000,416.528415
1.165000,0.046000,422.593280
1.165000,0.045000,428.800420
1.165000,0.044000,435.154260
1.165000,0.043000,441.659385
1.165000,0.042000,448.320543
1.165000,0.041000,455.142654
1.165000,0.040000,462.130813
1.165000,0.039000,469.290296
1.165000,0.038000,476.626568
1.165000,0.037000,484.145283
1.165000,0.036000,491.852299
1.165000,0.035000,499.753675
1.165000,0.034000,507.855683
1.165000,0.033000,516.164811
1.165000,0.032000,524.687772
1.165000,0.031000,533.431510
1.165000,0.030000,542.403203
1.165000,0.029000,551.610282
1.165000,0.028000,561.060423
1.165000,0.027000,570.761575
1.165000,0.026000,580.721975
1.165000,0.025000,590.950090

1.160000,0.050000,399.749010
1.160000,0.049000,405.425468
1.160000,0.048000,411.232243
1.160000,0.047000,417.173329
1.160000,0.046000,423.252869
1.160000,0.045000,429.475151
1.160000,0.044000,435.844620
1.160000,0.043000,442.365878
1.160000,0.042000,449.043694
1.160000,0.041000,455.883009
1.160000,0.040000,462.888938
1.160000,0.039000,470.066779
1.160000,0.038000,477.422019
1.160000,0.037000,484.960337
1.160000,0.036000,492.687614
1.160000,0.035000,500.609935
1.160000,0.034000,508.733598
1.160000,0.033000,517.065118
1.160000,0.032000,525.611235
1.160000,0.031000,534.378923
1.160000,0.030000,543.375389
1.160000,0.029000,552.608094
1.160000,0.028000,562.084750
1.160000,0.027000,571.813334
1.160000,0.026000,581.802121
1.160000,0.025000,592.059615

1.155000,0.050000,400.354103
1.155000,0.049000,406.043978
1.155000,0.048000,411.864588
1.155000,0.047000,417.819947
1.155000,0.046000,423.914212
1.155000,0.045000,430.151689
1.155000,0.044000,436.536840
1.155000,0.043000,443.074289
1.155000,0.042000,449.768823
1.155000,0.041000,456.625402
1.155000,0.040000,463.649164
1.155000,0.039000,470.845429
1.155000,0.038000,478.219706
1.155000,0.037000,485.777698
1.155000,0.036000,493.525311
1.155000,0.035000,501.468654
1.155000,0.034000,509.614052
1.155000,0.033000,517.968046
1.155000,0.032000,526.537406
1.155000,0.031000,535.329133
1.155000,0.030000,544.350466
1.155000,0.029000,553.608895
1.155000,0.028000,563.112166
1.155000,0.027000,572.868287
1.155000,0.026000,582.885570
1.155000,0.025000,593.172556

1.150000,0.050000,400.960763
1.150000,0.049000,406.664100
1.150000,0.048000,412.498594
1.150000,0.047000,418.468274
1.150000,0.046000,424.577314
1.150000,0.045000,430.830039
1.150000,0.044000,437.230929
1.150000,0.043000,443.784625
1.150000,0.042000,450.495936
1.150000,0.041000,457.369841
1.150000,0.040000,464.411501
1.150000,0.039000,471.626256
1.150000,0.038000,479.019639
1.150000,0.037000,486.597377
1.150000,0.036000,494.365399
1.150000,0.035000,502.329842
1.150000,0.034000,510.497054
1.150000,0.033000,518.873608
1.150000,0.032000,527.466297
1.150000,0.031000,536.282153
1.150000,0.030000,545.328446
1.150000,0.029000,554.612696
1.150000,0.028000,564.142682
1.150000,0.027000,573.926457
1.150000,0.026000,583.972334
1.150000,0.025000,594.289084

1.145000,0.050000,401.568996
1.145000,0.049000,407.285840
1.145000,0.048000,413.134265
1.145000,0.047000,419.118316
1.145000,0.046000,425.242183
1.145000,0.045000,431.510209
1.145000,0.044000,437.926892
1.145000,0.043000,444.496893
1.145000,0.042000,451.225040
1.145000,0.041000,458.116334
1.145000,0.040000,465.175955
1.145000,0.039000,472.409267
1.145000,0.038000,479.821825
1.145000,0.037000,487.419381
1.145000,0.036000,495.207888
1.145000,0.035000,503.193507
1.145000,0.034000,511.382616
1.145000,0.033000,519.781811
1.145000,0.032000,528.397917
1.145000,0.031000,537.237993
1.145000,0.030000,546.309341
1.145000,0.029000,555.619509
1.145000,0.028000,565.176312
1.145000,0.027000,574.987836
1.145000,0.026000,585.062427
1.145000,0.025000,595.408743

1.140000,0.050000,402.178806
1.140000,0.049000,407.909205
1.140000,0.048000,413.771609
1.140000,0.047000,419.770080
1.140000,0.046000,425.908826
1.140000,0.045000,432.192206
1.140000,0.044000,438.624738
1.140000,0.043000,445.211101
1.140000,0.042000,451.956144
1.140000,0.041000,458.864888
1.140000,0.040000,465.942535
1.140000,0.039000,473.194471
1.140000,0.038000,480.626274
1.140000,0.037000,488.243720
1.140000,0.036000,496.052786
1.140000,0.035000,504.059661
1.140000,0.034000,512.270746
1.140000,0.033000,520.692668
1.140000,0.032000,529.332278
1.140000,0.031000,538.196665
1.140000,0.030000,547.293162
1.140000,0.029000,556.629347
1.140000,0.028000,566.213067
1.140000,0.027000,576.052447
1.140000,0.026000,586.155862
1.140000,0.025000,596.532753

1.135000,0.050000,402.790200
1.135000,0.049000,408.534200
1.135000,0.048000,414.410631
1.135000,0.047000,420.423572
1.135000,0.046000,426.577247
1.135000,0.045000,432.876036
1.135000,0.044000,439.324472
1.135000,0.043000,445.927256
1.135000,0.042000,452.689255
1.135000,0.041000,459.615511
1.135000,0.040000,466.711248
1.135000,0.039000,473.981875
1.135000,0.038000,481.432994
1.135000,0.037000,489.070402
1.135000,0.036000,496.900103
1.135000,0.035000,504.928312
1.135000,0.034000,513.161456
1.135000,0.033000,521.606188
1.135000,0.032000,530.269390
1.135000,0.031000,539.158179
1.135000,0.030000,548.279919
1.135000,0.029000,557.642221
1.135000,0.028000,567.252962
1.135000,0.027000,577.120302
1.135000,0.026000,587.252653
1.135000,0.025000,597.661840

1.130000,0.050000,403.403184
1.130000,0.049000,409.160831
1.130000,0.048000,415.051337
1.130000,0.047000,421.078798
1.130000,0.046000,427.247455
1.130000,0.045000,433.561705
1.130000,0.044000,440.026102
1.130000,0.043000,446.645364
1.130000,0.042000,453.424379
1.130000,0.041000,460.368211
1.130000,0.040000,467.482104
1.130000,0.039000,474.771490
1.130000,0.038000,482.241993
1.130000,0.037000,489.899437
1.130000,0.036000,497.749849
1.130000,0.035000,505.799469
1.130000,0.034000,514.054754
1.130000,0.033000,522.522382
1.130000,0.032000,531.209265
1.130000,0.031000,540.122548
1.130000,0.030000,549.269625
1.130000,0.029000,558.658143
1.130000,0.028000,568.296007
1.130000,0.027000,578.191414
1.130000,0.026000,588.352813
1.130000,0.025000,598.788969

1.125000,0.050000,404.017764
1.125000,0.049000,409.789104
1.125000,0.048000,415.693734
1.125000,0.047000,421.735765
1.125000,0.046000,427.919456
1.125000,0.045000,434.249222
1.125000,0.044000,440.729636
1.125000,0.043000,447.365434
1.125000,0.042000,454.161526
1.125000,0.041000,461.122996
1.125000,0.040000,468.255110
1.125000,0.039000,475.563323
1.125000,0.038000,483.053281
1.125000,0.037000,490.730833
1.125000,0.036000,498.602033
1.125000,0.035000,506.673144
1.125000,0.034000,514.950651
1.125000,0.033000,523.441260
1.125000,0.032000,532.151911
1.125000,0.031000,541.089781
1.125000,0.030000,550.262292
1.125000,0.029000,559.677125
1.125000,0.028000,569.342215
1.125000,0.027000,579.265797
1.125000,0.026000,589.456356
1.125000,0.025000,599.922948

1.120000,0.050000,404.633945
1.120000,0.049000,410.419025
1.120000,0.048000,416.337827
1.120000,0.047000,422.394478
1.120000,0.046000,428.593257
1.120000,0.045000,434.938593
1.120000,0.044000,441.435079
1.120000,0.043000,448.087473
1.120000,0.042000,454.900703
1.120000,0.041000,461.879874
1.120000,0.040000,469.030274
1.120000,0.039000,476.357382
1.120000,0.038000,483.866866
1.120000,0.037000,491.564601
1.120000,0.036000,499.456664
1.120000,0.035000,507.549345
1.120000,0.034000,515.849157
1.120000,0.033000,524.362833
1.120000,0.032000,533.097342
1.120000,0.031000,542.059890
1.120000,0.030000,551.257932
1.120000,0.029000,560.699178
1.120000,0.028000,570.391600
1.120000,0.027000,580.343463
1.120000,0.026000,590.563294
1.120000,0.025000,601.060789

1.115000,0.050000,405.251743
1.115000,0.049000,411.050600
1.115000,0.048000,416.983623
1.115000,0.047000,423.054946
1.115000,0.046000,429.268863
1.115000,0.045000,435.629824
1.115000,0.044000,442.142440
1.115000,0.043000,448.811488
1.115000,0.042000,455.641917
1.115000,0.041000,462.638852
1.115000,0.040000,469.807605
1.115000,0.039000,477.153676
1.115000,0.038000,484.682758
1.115000,0.037000,492.400748
1.115000,0.036000,500.313751
1.115000,0.035000,508.428083
1.115000,0.034000,516.750283
1.115000,0.033000,525.287111
1.115000,0.032000,534.045567
1.115000,0.031000,543.032888
1.115000,0.030000,552.256555
1.115000,0.029000,561.724315
1.115000,0.028000,571.444174
1.115000,0.027000,581.424427
1.115000,0.026000,591.673640
1.115000,0.025000,602.200700

1.110000,0.050000,405.871132
1.110000,0.049000,411.683835
1.110000,0.048000,417.631128
1.110000,0.047000,423.717173
1.110000,0.046000,429.946282
1.110000,0.045000,436.322923
1.110000,0.044000,442.851726
1.110000,0.043000,449.537487
1.110000,0.042000,456.385175
1.110000,0.041000,463.399939
1.110000,0.040000,470.587111
1.110000,0.039000,477.952213
1.110000,0.038000,485.500964
1.110000,0.037000,493.239285
1.110000,0.036000,501.173305
1.110000,0.035000,509.309368
1.110000,0.034000,517.654037
1.110000,0.033000,526.214106
1.110000,0.032000,534.996598
1.110000,0.031000,544.008784
1.110000,0.030000,553.258175
1.110000,0.029000,562.752549
1.110000,0.028000,572.499949
1.110000,0.027000,582.508701
1.110000,0.026000,592.787408
1.110000,0.025000,603.344998

1.105000,0.050000,406.492150
1.105000,0.049000,412.318736
1.105000,0.048000,418.280348
1.105000,0.047000,424.381167
1.105000,0.046000,430.625521
1.105000,0.045000,437.017897
1.105000,0.044000,443.562943
1.105000,0.043000,450.265476
1.105000,0.042000,457.130487
1.105000,0.041000,464.163143
1.105000,0.040000,471.368800
1.105000,0.039000,478.753003
1.105000,0.038000,486.321495
1.105000,0.037000,494.080220
1.105000,0.036000,502.035335
1.105000,0.035000,510.193208
1.105000,0.034000,518.560432
1.105000,0.033000,527.143827
1.105000,0.032000,535.950447
1.105000,0.031000,544.987590
1.105000,0.030000,554.262803
1.105000,0.029000,563.783892
1.105000,0.028000,573.558937
1.105000,0.027000,583.596298
1.105000,0.026000,593.907369
1.105000,0.025000,604.492859

