T, year, m_scc, sd_ssc, m_sccp, sd_sccp, m_mu, sd_mu, m_EInd_GtC, sd_EInd_GtC, m_Catm, sd_Catm, m_Temp, sd_Temp, m_I, sd_I, m_K, sd_K, m_C, sd_C, m_Qg, sd_Qg, m_Qn, sd_Qn
0.000000,1950.000000,0.339497,0.008299,30.134561,0.736662,0.000000,0.000000,1.608696,0.000000,304.617990,0.000000,0.183409,0.000000,2.491813,0.000000,21.601461,0.000000,8.493731,0.000000,10.986416,0.000000,10.985544,0.000000
1.000000,1951.000000,0.355837,0.008795,29.801050,0.736588,0.000000,0.000000,1.734960,0.000000,305.120882,0.000000,0.184873,0.000000,2.837861,0.000000,23.294471,0.000000,8.762535,0.000000,11.601332,0.000000,11.600396,0.000000
2.000000,1952.000000,0.384701,0.009613,29.484172,0.736725,0.000000,0.000000,1.758056,0.000000,305.741005,0.000000,0.185194,0.000000,2.770802,0.000000,25.270923,0.000000,9.267054,0.000000,12.038830,0.000000,12.037856,0.000000
3.000000,1953.000000,0.410924,0.010378,29.178021,0.736926,0.000000,0.000000,1.806908,0.000000,306.326738,0.000000,0.185319,0.000000,2.905620,0.000000,27.107229,0.000000,9.697275,0.000000,12.603917,0.000000,12.602895,0.000000
4.000000,1954.000000,0.427839,0.010920,28.879278,0.737121,0.000000,0.000000,1.845267,0.000000,306.916650,0.000000,0.185880,0.000000,2.984381,0.000000,29.010448,0.000000,9.930818,0.000000,12.916252,0.000000,12.915199,0.000000
5.000000,1955.000000,0.452350,0.011667,28.587082,0.737321,0.000000,0.000000,2.022447,0.000000,307.529996,0.000000,0.186833,0.000000,3.318917,0.000000,30.922049,0.000000,10.300397,0.000000,13.620437,0.000000,13.619314,0.000000
6.000000,1956.000000,0.475725,0.012398,28.302309,0.737570,0.000000,0.000000,2.152897,0.000000,308.222284,0.000000,0.188198,0.000000,3.498889,0.000000,33.097497,0.000000,10.636545,0.000000,14.136616,0.000000,14.135434,0.000000
7.000000,1957.000000,0.501471,0.013203,28.023950,0.737844,0.000000,0.000000,2.223767,0.000000,308.959069,0.000000,0.190018,0.000000,3.638381,0.000000,35.372470,0.000000,11.005893,0.000000,14.645522,0.000000,14.644274,0.000000
8.000000,1958.000000,0.527683,0.014038,27.749900,0.738238,0.000000,0.000000,2.286623,0.000000,309.703387,0.000000,0.192506,0.000000,3.634924,0.000000,37.702809,0.000000,11.373228,0.000000,15.009464,0.000000,15.008152,0.000000
9.000000,1959.000000,0.549486,0.014774,27.479292,0.738839,0.000000,0.000000,2.415000,0.000000,310.472609,0.000000,0.196278,0.000000,3.993022,0.000000,39.943517,0.000000,11.652695,0.000000,15.647139,0.000000,15.645717,0.000000
10.000000,1960.000000,0.585175,0.015899,27.209023,0.739269,0.000000,0.000000,2.548000,0.000000,311.219128,0.000000,0.201620,0.000000,4.217586,0.000000,42.459463,0.000000,12.167213,0.000000,16.386371,0.000000,16.384799,0.000000
11.000000,1961.000000,0.618377,0.016974,26.938563,0.739456,0.000000,0.000000,2.553000,0.000000,312.008981,0.000000,0.207366,0.000000,4.284725,0.000000,45.106936,0.000000,12.625883,0.000000,16.912323,0.000000,16.910607,0.000000
12.000000,1962.000000,0.663582,0.018405,26.669439,0.739691,0.000000,0.000000,2.644000,0.000000,312.797013,0.000000,0.212406,0.000000,4.425191,0.000000,47.723647,0.000000,13.273858,0.000000,17.700934,0.000000,17.699049,0.000000
13.000000,1963.000000,0.707504,0.019833,26.400378,0.740074,0.000000,0.000000,2.794000,0.000000,313.603576,0.000000,0.217373,0.000000,4.681333,0.000000,50.384061,0.000000,13.885143,0.000000,18.568546,0.000000,18.566476,0.000000
14.000000,1964.000000,0.752620,0.021330,26.129735,0.740527,0.000000,0.000000,2.939000,0.000000,314.461689,0.000000,0.223011,0.000000,5.150394,0.000000,53.202236,0.000000,14.504523,0.000000,19.657224,0.000000,19.654917,0.000000
15.000000,1965.000000,0.798774,0.022892,25.857289,0.741033,0.000000,0.000000,3.076000,0.000000,315.357963,0.000000,0.229466,0.000000,5.481758,0.000000,56.385259,0.000000,15.131073,0.000000,20.615393,0.000000,20.612831,0.000000
16.000000,1966.000000,0.848400,0.024592,25.582200,0.741537,0.000000,0.000000,3.219000,0.000000,316.291265,0.000000,0.236808,0.000000,5.760383,0.000000,59.781941,0.000000,15.804038,0.000000,21.567276,0.000000,21.564422,0.000000
17.000000,1967.000000,0.905797,0.026564,25.302612,0.742034,0.000000,0.000000,3.322000,0.000000,317.272244,0.000000,0.244877,0.000000,5.755866,0.000000,63.331642,0.000000,16.587828,0.000000,22.346856,0.000000,22.343694,0.000000
18.000000,1968.000000,0.967042,0.028706,25.015652,0.742564,0.000000,0.000000,3.503000,0.000000,318.266608,0.000000,0.253588,0.000000,6.079803,0.000000,66.745561,0.000000,17.418489,0.000000,23.501858,0.000000,23.498292,0.000000
19.000000,1969.000000,1.029170,0.030944,24.720709,0.743274,0.000000,0.000000,3.737000,0.000000,319.288065,0.000000,0.263302,0.000000,6.550904,0.000000,70.357172,0.000000,18.248178,0.000000,24.803140,0.000000,24.799082,0.000000
20.000000,1970.000000,1.071578,0.032661,24.418422,0.744264,0.000000,0.000000,4.047000,0.000000,320.391673,0.000000,0.274828,0.000000,6.936924,0.000000,74.306331,0.000000,18.774389,0.000000,25.715897,0.000000,25.711313,0.000000
21.000000,1971.000000,1.142001,0.035306,24.106240,0.745276,0.000000,0.000000,4.210000,0.000000,321.577109,0.000000,0.288693,0.000000,7.178966,0.000000,78.495474,0.000000,19.698179,0.000000,26.882432,0.000000,26.877145,0.000000
22.000000,1972.000000,1.216990,0.038180,23.780096,0.746042,0.000000,0.000000,4.406000,0.000000,322.729860,0.000000,0.304011,0.000000,7.574509,0.000000,82.771748,0.000000,20.674344,0.000000,28.255016,0.000000,28.248853,0.000000
23.000000,1973.000000,1.289462,0.041076,23.443930,0.746814,0.000000,0.000000,4.640000,0.000000,323.942069,0.000000,0.319493,0.000000,8.376771,0.000000,87.285432,0.000000,21.599090,0.000000,29.983084,0.000000,29.975861,0.000000
24.000000,1974.000000,1.338120,0.043307,23.102410,0.747688,0.000000,0.000000,4.620000,0.000000,325.221962,0.000000,0.334850,0.000000,8.594051,0.000000,92.434467,0.000000,22.176482,0.000000,30.778677,0.000000,30.770533,0.000000
25.000000,1975.000000,1.405138,0.046224,22.752477,0.748483,0.000000,0.000000,4.613000,0.000000,326.451573,0.000000,0.350132,0.000000,8.181560,0.000000,97.610375,0.000000,22.996009,0.000000,31.186593,0.000000,31.177570,0.000000
26.000000,1976.000000,1.464121,0.048986,22.393395,0.749229,0.000000,0.000000,4.858000,0.000000,327.658767,0.000000,0.365040,0.000000,9.030611,0.000000,102.182391,0.000000,23.694032,0.000000,32.734938,0.000000,32.724644,0.000000
27.000000,1977.000000,1.535649,0.052293,22.031445,0.750232,0.000000,0.000000,4.991000,0.000000,328.997595,0.000000,0.379563,0.000000,9.503246,0.000000,107.434390,0.000000,24.545321,0.000000,34.060148,0.000000,34.048568,0.000000
28.000000,1978.000000,1.615844,0.056040,21.667425,0.751461,0.000000,0.000000,5.174000,0.000000,330.352452,0.000000,0.394481,0.000000,9.933870,0.000000,112.964809,0.000000,25.496121,0.000000,35.443007,0.000000,35.429991,0.000000
29.000000,1979.000000,1.704696,0.060242,21.300937,0.752745,0.000000,0.000000,5.312000,0.000000,331.757345,0.000000,0.410440,0.000000,10.314767,0.000000,118.721342,0.000000,26.548201,0.000000,36.877629,0.000000,36.862968,0.000000
30.000000,1980.000000,1.767301,0.063655,20.932182,0.753945,0.000000,0.000000,5.286000,0.000000,333.178389,0.000000,0.426884,0.000000,10.440035,0.000000,124.645901,0.000000,27.254648,0.000000,37.710902,0.000000,37.694684,0.000000
31.000000,1981.000000,1.830123,0.067202,20.562716,0.755064,0.000000,0.000000,5.142000,0.000000,334.539157,0.000000,0.442837,0.000000,10.459808,0.000000,130.476643,0.000000,27.962208,0.000000,38.439806,0.000000,38.422016,0.000000
32.000000,1982.000000,1.898342,0.071089,20.192466,0.756166,0.000000,0.000000,5.104000,0.000000,335.833460,0.000000,0.457826,0.000000,9.973862,0.000000,136.111542,0.000000,28.736681,0.000000,38.729701,0.000000,38.710543,0.000000
33.000000,1983.000000,1.984709,0.075845,19.821378,0.757470,0.000000,0.000000,5.152000,0.000000,337.182040,0.000000,0.471925,0.000000,10.044064,0.000000,141.052122,0.000000,29.739221,0.000000,39.804206,0.000000,39.783285,0.000000
34.000000,1984.000000,2.076436,0.081029,19.449923,0.758998,0.000000,0.000000,5.302000,0.000000,338.551546,0.000000,0.485867,0.000000,10.769984,0.000000,145.880205,0.000000,30.809037,0.000000,41.602199,0.000000,41.579022,0.000000
35.000000,1985.000000,2.192196,0.087409,19.078074,0.760693,0.000000,0.000000,5.490000,0.000000,339.988094,0.000000,0.500400,0.000000,10.874338,0.000000,151.255671,0.000000,32.176101,0.000000,43.075894,0.000000,43.050439,0.000000
36.000000,1986.000000,2.297189,0.093645,18.703629,0.762457,0.000000,0.000000,5.568000,0.000000,341.489750,0.000000,0.515657,0.000000,11.154341,0.000000,156.536710,0.000000,33.417579,0.000000,44.599908,0.000000,44.571920,0.000000
37.000000,1987.000000,2.402862,0.100216,18.325723,0.764311,0.000000,0.000000,5.749000,0.000000,342.998528,0.000000,0.531335,0.000000,11.652963,0.000000,161.902464,0.000000,34.676236,0.000000,46.360087,0.000000,46.329199,0.000000
38.000000,1988.000000,2.493546,0.106486,17.946756,0.766413,0.000000,0.000000,5.968000,0.000000,344.570658,0.000000,0.547484,0.000000,12.590696,0.000000,167.568419,0.000000,35.754538,0.000000,48.379457,0.000000,48.345235,0.000000
39.000000,1989.000000,2.591117,0.113374,17.569270,0.768743,0.000000,0.000000,6.057000,0.000000,346.224139,0.000000,0.564590,0.000000,13.130736,0.000000,173.962586,0.000000,36.900315,0.000000,50.068717,0.000000,50.031051,0.000000
40.000000,1990.000000,2.709687,0.121529,17.192866,0.771094,0.000000,0.000000,6.195000,0.000000,347.883229,0.000000,0.582691,0.000000,13.324528,0.000000,180.660342,0.000000,38.270135,0.000000,51.636039,0.000000,51.594664,0.000000
41.000000,1991.000000,2.775559,0.127643,16.817784,0.773422,0.000000,0.000000,6.324000,0.000000,349.578165,0.000000,0.600948,0.000000,13.105666,0.000000,187.304214,0.000000,38.993477,0.000000,52.143584,0.000000,52.099143,0.000000
42.000000,1992.000000,2.857632,0.134819,16.445847,0.775890,0.000000,0.000000,6.126000,0.000000,351.335100,0.000000,0.618449,0.000000,12.981029,0.000000,193.483538,0.000000,39.882692,0.000000,52.911481,0.000000,52.863720,0.000000
43.000000,1993.000000,2.947639,0.142742,16.075857,0.778486,0.000000,0.000000,6.191000,0.000000,352.928872,0.000000,0.635200,0.000000,12.916332,0.000000,199.309720,0.000000,40.845125,0.000000,53.812699,0.000000,53.761458,0.000000
44.000000,1994.000000,3.042833,0.151347,15.709156,0.781353,0.000000,0.000000,6.235000,0.000000,354.559214,0.000000,0.651692,0.000000,13.384996,0.000000,204.855758,0.000000,41.851428,0.000000,55.291843,0.000000,55.236424,0.000000
45.000000,1995.000000,3.161079,0.161587,15.347079,0.784505,0.000000,0.000000,6.368000,0.000000,356.198693,0.000000,0.668460,0.000000,13.907533,0.000000,210.665372,0.000000,43.105827,0.000000,57.073546,0.000000,57.013360,0.000000
46.000000,1996.000000,3.325437,0.174768,14.989440,0.787770,0.000000,0.000000,6.564000,0.000000,357.884070,0.000000,0.685921,0.000000,14.314754,0.000000,216.782690,0.000000,44.862928,0.000000,59.243463,0.000000,59.177682,0.000000
47.000000,1997.000000,3.494602,0.188870,14.636302,0.791038,0.000000,0.000000,6.602000,0.000000,359.633057,0.000000,0.703372,0.000000,14.783141,0.000000,223.081015,0.000000,46.647154,0.000000,61.502103,0.000000,61.430295,0.000000
48.000000,1998.000000,3.617099,0.201106,14.288926,0.794447,0.000000,0.000000,6.581000,0.000000,361.359348,0.000000,0.719720,0.000000,14.828610,0.000000,229.614821,0.000000,47.888298,0.000000,62.793672,0.000000,62.716909,0.000000
49.000000,1999.000000,3.789907,0.216845,13.947556,0.798030,0.000000,0.000000,6.668000,0.000000,363.059965,0.000000,0.735018,0.000000,15.207720,0.000000,235.952481,0.000000,49.660838,0.000000,64.951371,0.000000,64.868558,0.000000
50.000000,2000.000000,3.992498,0.235151,13.612975,0.801780,0.000000,0.000000,6.856000,0.000000,364.778755,0.000000,0.749516,0.000000,16.137382,0.000000,242.434891,0.000000,51.725396,0.000000,67.952869,0.000000,67.862778,0.000000
51.000000,2001.000000,4.179313,0.253484,13.286034,0.805825,0.000000,0.000000,6.914000,0.000000,366.558373,0.000000,0.763376,0.000000,15.911887,0.000000,249.607249,0.000000,53.582950,0.000000,69.590543,0.000000,69.494837,0.000000
52.000000,2002.000000,4.383891,0.273942,12.964304,0.810117,0.000000,0.000000,7.072000,0.000000,368.336109,0.000000,0.777363,0.000000,15.934189,0.000000,256.288885,0.000000,55.603149,0.000000,71.639506,0.000000,71.537339,0.000000
53.000000,2003.000000,4.579902,0.295009,12.646280,0.814595,0.000000,0.000000,7.417000,0.000000,370.219569,0.000000,0.791991,0.000000,16.636136,0.000000,262.745742,0.000000,57.513960,0.000000,74.260024,0.000000,74.150096,0.000000
54.000000,2004.000000,4.829330,0.320829,12.332338,0.819280,0.000000,0.000000,7.770000,0.000000,372.232212,0.000000,0.807215,0.000000,18.009584,0.000000,269.665777,0.000000,59.963730,0.000000,78.093403,0.000000,77.973314,0.000000
55.000000,2005.000000,5.088288,0.348820,12.023278,0.824238,0.000000,0.000000,8.027000,0.000000,374.375726,0.000000,0.823177,0.000000,19.041169,0.000000,277.703363,0.000000,62.486794,0.000000,81.658550,0.000000,81.527963,0.000000
56.000000,2006.000000,5.382504,0.380962,11.718804,0.829433,0.000000,0.000000,8.290000,0.000000,376.566369,0.000000,0.840429,0.000000,20.357006,0.000000,286.475311,0.000000,65.345510,0.000000,85.845613,0.000000,85.702516,0.000000
57.000000,2007.000000,5.682310,0.415413,11.418943,0.834797,0.000000,0.000000,8.541000,0.000000,378.823931,0.000000,0.859403,0.000000,21.634762,0.000000,296.238718,0.000000,68.234139,0.000000,90.025819,0.000000,89.868901,0.000000
58.000000,2008.000000,5.871471,0.443511,11.124114,0.840278,0.000000,0.000000,8.719000,0.000000,381.145680,0.000000,0.880103,0.000000,22.021964,0.000000,306.918839,0.000000,69.998398,0.000000,92.188885,0.000000,92.020362,0.000000
59.000000,2009.000000,6.053294,0.472651,10.831954,0.845776,0.016887,0.000000,8.587000,0.000000,383.499557,0.000000,0.902344,0.000000,19.829354,0.000000,317.591220,0.000000,71.695847,0.000000,91.701584,0.000000,91.525201,0.000000
60.000000,2010.000000,6.327034,0.510937,10.539860,0.851142,0.000000,0.000000,9.043000,0.000000,385.746644,0.000000,0.925636,0.000000,21.959281,0.000000,325.676337,0.000000,74.317309,0.000000,96.471660,0.000000,96.276589,0.000000
61.000000,2011.000000,6.574663,0.549322,10.250202,0.856419,0.000000,0.000000,9.337000,0.000000,388.188655,0.000000,0.949337,0.000000,23.202455,0.000000,335.592400,0.000000,76.686918,0.000000,100.102284,0.000000,99.889374,0.000000
62.000000,2012.000000,6.775020,0.585797,9.963928,0.861524,0.000000,0.000000,9.487000,0.000000,390.727728,0.000000,0.973139,0.000000,23.733207,0.000000,346.384950,0.000000,78.603587,0.000000,102.566021,0.000000,102.336794,0.000000
63.000000,2013.000000,7.050756,0.630921,9.681190,0.866299,0.016497,0.000000,9.549000,0.000000,393.291703,0.000000,0.997081,0.000000,24.453159,0.000000,357.309154,0.000000,81.254868,0.000000,105.956803,0.000000,105.708027,0.000000
64.000000,2014.000000,7.321206,0.677846,9.402162,0.870514,0.035240,0.000000,9.619000,0.000000,395.846772,0.000000,1.021222,0.000000,25.479560,0.000000,368.549342,0.000000,83.858002,0.000000,109.608630,0.000000,109.337562,0.000000
65.000000,2015.000000,7.573387,0.725065,9.127458,0.873849,0.060748,0.000000,9.610000,0.000000,398.406479,0.000000,1.045562,0.000000,26.241027,0.000000,380.400279,0.000000,86.288005,0.000000,112.825567,0.000000,112.529032,0.000000
66.000000,2016.000000,7.900153,0.781206,8.856785,0.875802,0.083843,0.000000,9.613000,0.000000,400.938415,0.000000,1.070089,0.000000,26.294847,0.000000,392.574446,0.000000,89.428872,0.000000,116.050190,0.000000,115.723719,0.000000
67.000000,2017.000000,8.137318,0.829461,8.590269,0.875632,0.094099,0.000000,9.742000,0.000000,403.455998,0.000000,1.094781,0.000000,27.618539,0.000000,404.352243,0.000000,91.729174,0.000001,119.703999,0.000000,119.347713,0.000001
68.000000,2018.000000,8.329336,0.872082,8.329336,0.872082,0.097604,0.000000,9.940000,0.000000,406.022073,0.000000,1.119670,0.000000,28.780309,0.000000,417.018200,0.000000,93.603296,0.000001,122.766660,0.000000,122.383605,0.000001
69.000000,2019.000000,8.735377,0.672665,8.074714,0.866056,0.083204,0.005121,10.338073,0.057745,408.663598,0.000000,1.144036,0.000000,27.624561,2.633359,430.377551,0.000000,97.665460,2.635147,125.691686,0.000000,125.290021,0.002185
70.000000,2020.000000,9.049007,0.717704,7.826140,0.859235,0.085311,0.005391,10.435347,0.052064,411.462038,0.022059,1.167945,0.000158,28.278976,2.573234,442.087138,2.633359,100.307312,2.391793,129.016074,0.529923,128.586288,0.526221
71.000000,2021.000000,9.370412,0.763232,7.583161,0.851642,0.087451,0.005662,10.531177,0.149544,414.260926,0.019836,1.192062,0.000605,28.940038,2.527515,454.018130,5.105015,102.994390,2.225706,132.393959,1.088495,131.934427,1.082511
72.000000,2022.000000,9.699631,0.809405,7.345745,0.843328,0.089624,0.005933,10.625521,0.249398,417.069115,0.096729,1.216334,0.001314,29.608030,2.498241,466.168986,7.430453,105.726694,2.162784,135.825661,1.678322,135.334724,1.669677
73.000000,2023.000000,10.036715,0.856422,7.113867,0.834332,0.091829,0.006205,10.718335,0.349401,419.891511,0.219834,1.240725,0.002270,30.283204,2.487364,478.538506,9.626000,108.504234,2.222440,139.311485,2.301738,138.787438,2.290000
74.000000,2024.000000,10.381720,0.904518,6.887503,0.824694,0.094067,0.006480,10.809577,0.449250,422.730876,0.383348,1.265217,0.003458,30.965781,2.496607,491.125787,11.708893,111.327031,2.407907,142.851727,2.960824,142.292811,2.945516
75.000000,2025.000000,10.734707,0.953957,6.666627,0.814450,0.096338,0.006760,10.899204,0.548819,425.588777,0.585299,1.289794,0.004869,31.655960,2.527327,503.930178,13.697315,114.195111,2.706606,146.446674,3.657443,145.851071,3.638042
76.000000,2026.000000,11.095740,1.005028,6.451205,0.803637,0.098642,0.007044,10.987174,0.648026,428.466108,0.824450,1.314447,0.006496,32.353920,2.580410,516.951253,15.610391,117.108513,3.099411,150.096606,4.393262,149.462433,4.369203
77.000000,2027.000000,11.464881,1.058038,6.241201,0.792294,0.100979,0.007334,11.073444,0.746803,431.363366,1.099914,1.339172,0.008332,33.059826,2.656232,530.188781,17.468134,120.067280,3.568768,153.801800,5.169779,153.127106,5.140453
78.000000,2028.000000,11.842194,1.113308,6.036571,0.780458,0.103349,0.007632,11.157975,0.845085,434.280806,1.410998,1.363962,0.010370,33.773827,2.754672,543.642703,19.291330,123.071466,4.101630,157.562528,5.988343,156.845294,5.953099
79.000000,2029.000000,12.227744,1.171165,5.837266,0.768169,0.105752,0.007939,11.240727,0.942815,437.218532,1.757122,1.388813,0.012605,34.496062,2.875191,557.313112,21.101374,126.121132,4.689213,161.379062,6.850176,160.617194,6.808319
80.000000,2030.000000,12.621594,1.231944,5.643232,0.755466,0.108188,0.008256,11.321662,1.039934,440.176546,2.137777,1.413724,0.015034,35.226659,3.016944,571.200237,22.920037,129.216345,5.325877,165.251672,7.756390,164.443004,7.707179
81.000000,2031.000000,13.023807,1.295977,5.454409,0.742388,0.110657,0.008583,11.400743,1.136389,443.154777,2.552498,1.438690,0.017650,35.965737,3.178890,585.304425,24.769189,132.357182,6.008097,169.180630,8.708005,168.322919,8.650653
82.000000,2032.000000,13.434446,1.363595,5.270733,0.728975,0.113159,0.008923,11.477935,1.232126,446.153101,3.000845,1.463710,0.020449,36.713409,3.359906,599.626131,26.670491,135.543725,6.733723,173.166210,9.705962,172.257134,9.639631
83.000000,2033.000000,13.853574,1.435120,5.092135,0.715266,0.115695,0.009277,11.553205,1.327094,449.171349,3.482399,1.488781,0.023428,37.469780,3.558865,614.165905,28.645059,138.776064,7.501494,177.208685,10.751131,176.245844,10.674935
84.000000,2034.000000,14.281252,1.510866,4.918543,0.701297,0.118265,0.009644,11.626519,1.421242,452.209317,3.996752,1.513900,0.026582,38.234950,3.774692,628.924383,30.713148,142.054294,8.310720,181.308334,11.844329,180.289244,11.757328
85.000000,2035.000000,14.717543,1.591135,4.749880,0.687108,0.120868,0.010027,11.697846,1.514523,455.266771,4.543503,1.539065,0.029906,39.009013,4.006406,643.902275,32.893859,145.378519,9.161085,185.465436,12.986323,184.387533,12.887523
86.000000,2036.000000,15.162508,1.676214,4.586067,0.672733,0.123504,0.010426,11.767158,1.606891,458.343447,5.122255,1.564273,0.033397,39.792062,4.253131,659.100362,35.204903,148.748847,10.052518,189.680275,14.177838,188.540909,14.066190
87.000000,2037.000000,15.616208,1.766378,4.427023,0.658207,0.126175,0.010841,11.834425,1.698300,461.439058,5.732614,1.589521,0.037050,40.584181,4.514099,674.519485,37.662431,152.165393,10.985109,193.953139,15.419568,192.749574,15.293962
88.000000,2038.000000,16.078703,1.861886,4.272662,0.643565,0.128879,0.011274,11.899621,1.788707,464.553295,6.374187,1.614808,0.040860,41.385455,4.788652,690.160543,40.280931,155.628276,11.959054,198.284318,16.712176,197.013731,16.571443
89.000000,2039.000000,16.550056,1.962982,4.122898,0.628839,0.131618,0.011726,11.962721,1.878070,467.685826,7.046580,1.640131,0.044825,42.195965,5.076231,706.024483,43.073209,159.137622,12.974619,202.674108,18.056303,201.333587,17.899209
90.000000,2040.000000,17.030326,2.069895,3.977643,0.614059,0.134390,0.012196,12.023699,1.966351,470.836299,7.749399,1.665485,0.048940,43.015788,5.376365,722.112298,46.050423,162.693561,14.032116,207.122806,19.452567,205.709348,19.277817
91.000000,2041.000000,17.519574,2.182841,3.836807,0.599255,0.137197,0.012686,12.082534,2.053511,474.004344,8.482245,1.690870,0.053200,43.844999,5.688662,738.425022,49.222173,166.296228,15.131888,211.630714,20.901574,210.141227,20.707801
92.000000,2042.000000,18.017860,2.302022,3.700298,0.584454,0.140039,0.013195,12.139204,2.139512,477.189576,9.244719,1.716281,0.057602,44.683673,6.012798,754.963729,52.596634,169.945763,16.274294,216.198140,22.403912,214.629436,22.189683
93.000000,2043.000000,18.525245,2.427628,3.568026,0.569683,0.142914,0.013725,12.193688,2.224321,480.391588,10.036419,1.741717,0.062142,45.531881,6.348507,771.729522,56.180701,173.642310,17.459706,220.825393,23.960159,219.174192,23.723970
94.000000,2044.000000,19.041789,2.559839,3.439895,0.554966,0.145825,0.014275,12.245966,2.307903,483.609962,10.856939,1.767173,0.066815,46.389693,6.695574,788.723540,59.980157,177.386017,18.688504,225.512786,25.570886,223.775711,25.311158
95.000000,2045.000000,19.567553,2.698824,3.315814,0.540326,0.148770,0.014847,12.296022,2.390226,486.844263,11.705867,1.792648,0.071619,47.257179,7.053828,805.946947,63.999826,181.177036,19.961067,230.260637,27.236653,228.434215,26.951732
96.000000,2046.000000,20.102596,2.844744,3.195689,0.525784,0.151751,0.015440,12.343837,2.471261,490.094043,12.582791,1.818137,0.076549,48.134404,7.423131,823.400933,68.243732,185.015522,21.277778,235.069266,28.958014,233.149926,28.646169
97.000000,2047.000000,20.646979,2.997751,3.079426,0.511360,0.154766,0.016054,12.389395,2.550977,493.358837,13.487293,1.843639,0.081601,49.021436,7.803380,841.086712,72.715237,188.901633,22.639019,239.938997,30.735521,237.923069,30.394942
98.000000,2048.000000,21.200763,3.157994,2.966932,0.497073,0.157817,0.016690,12.432682,2.629348,496.638171,14.418950,1.869149,0.086772,49.918338,8.194495,859.005518,77.417167,192.835532,24.045168,244.870157,32.569718,242.753870,32.198512
99.000000,2049.000000,21.764007,3.325612,2.858112,0.482938,0.160903,0.017349,12.473683,2.706347,499.931557,15.377337,1.894665,0.092057,50.825176,8.596420,877.158605,82.351917,196.817384,25.496605,249.863075,34.461148,247.642559,34.057340
100.000000,2050.000000,22.336771,3.500744,2.752874,0.468972,0.164025,0.018029,12.512385,2.781949,503.238494,16.362022,1.920184,0.097454,51.742010,9.009117,895.547245,87.521548,200.847355,26.993704,254.918084,36.410351,252.589365,35.971879
101.000000,2051.000000,22.919115,3.683521,2.651125,0.455188,0.167182,0.018732,12.548776,2.856130,506.558471,17.372571,1.945702,0.102959,52.668905,9.432566,914.172724,92.927861,204.925616,28.536837,260.035519,38.417863,257.594520,37.942579
102.000000,2052.000000,23.511099,3.874075,2.552775,0.441599,0.170376,0.019457,12.582844,2.928870,509.890966,18.408545,1.971217,0.108568,53.605919,9.866757,933.036344,98.572463,209.052338,30.126376,265.215718,40.484220,262.658257,39.969887
103.000000,2053.000000,24.112782,4.072533,2.457731,0.428216,0.173606,0.020205,12.614579,3.000145,513.235445,19.469499,1.996726,0.114278,54.553114,10.311695,952.139419,104.456818,213.227697,31.762686,270.459020,42.609956,267.780811,42.054246
104.000000,2054.000000,24.724223,4.279021,2.365904,0.415048,0.176872,0.020976,12.643970,3.069938,516.591364,20.554985,2.022225,0.120085,55.510549,10.767395,971.483274,110.582287,217.451868,33.446134,275.765766,44.795603,272.962417,44.196096
105.000000,2055.000000,25.345480,4.493663,2.277204,0.402106,0.180174,0.021769,12.671009,3.138229,519.958171,21.664552,2.047712,0.125986,56.478281,11.233877,991.069245,116.950168,221.725029,35.177082,281.136301,47.041695,278.203311,46.395875
106.000000,2056.000000,25.976611,4.716584,2.191545,0.389395,0.183514,0.022586,12.695687,3.205000,523.335300,22.797743,2.073183,0.131978,57.456370,11.711172,1010.898678,123.561713,226.047360,36.955890,286.570969,49.348761,283.503730,48.654017
107.000000,2057.000000,26.617674,4.947907,2.108839,0.376924,0.186890,0.023425,12.717996,3.270237,526.722181,23.954096,2.098635,0.138057,58.444871,12.199316,1030.972925,130.418157,230.419042,38.782915,292.070116,51.717332,288.863913,50.970956
108.000000,2058.000000,27.268725,5.187754,2.029000,0.364697,0.190303,0.024288,12.737930,3.333923,530.118231,25.133146,2.124066,0.144221,59.443842,12.698349,1051.293345,137.520730,234.840255,40.658514,297.634090,54.147937,294.284097,53.347121
109.000000,2059.000000,27.929818,5.436249,1.951945,0.352720,0.193754,0.025173,12.755481,3.396046,533.522860,26.334426,2.149473,0.150466,60.453337,13.208318,1071.861305,144.870666,239.311184,42.583039,303.263239,56.641106,299.764522,55.782942
110.000000,2060.000000,28.601009,5.693515,1.877591,0.340995,0.197242,0.026082,12.770644,3.456591,536.935468,27.557460,2.174852,0.156789,61.473411,13.729271,1092.678176,152.469219,243.832013,44.556843,308.957912,59.197366,305.305424,58.278844
111.000000,2061.000000,29.282349,5.959675,1.805858,0.329526,0.200768,0.027014,12.783414,3.515548,540.355447,28.801772,2.200201,0.163186,62.504119,14.261261,1113.745332,160.317664,248.402925,46.580275,314.718460,61.817246,310.907045,60.835252
112.000000,2062.000000,29.973891,6.234854,1.736664,0.318314,0.204332,0.027969,12.793786,3.572905,543.782181,30.066882,2.225516,0.169656,63.545513,14.804345,1135.064151,168.417303,253.024107,48.653681,320.545233,64.501273,316.569621,63.452589
113.000000,2063.000000,30.675683,6.519177,1.669932,0.307362,0.207934,0.028948,12.801756,3.628654,547.215046,31.352303,2.250796,0.176195,64.597647,15.358579,1156.636014,176.769467,257.695744,50.777410,326.438580,67.249973,322.293391,66.131276
114.000000,2064.000000,31.387774,6.812770,1.605586,0.296669,0.211575,0.029950,12.807321,3.682784,550.653409,32.657547,2.276037,0.182800,65.660572,15.924024,1178.462302,185.375520,262.418021,52.951803,332.398852,70.063872,328.078593,68.871731
115.000000,2065.000000,32.110207,7.115759,1.543551,0.286237,0.215254,0.030975,12.810477,3.735290,554.096631,33.982122,2.301237,0.189469,66.734339,16.500742,1200.544399,194.236859,267.191126,55.177205,338.426400,72.943495,333.925465,71.674371
116.000000,2066.000000,32.843026,7.428272,1.483752,0.276063,0.218971,0.032023,12.811222,3.786163,557.544064,35.325531,2.326393,0.196198,67.818998,17.088797,1222.883686,203.354914,272.015244,57.453954,344.521574,75.889366,339.834243,74.539612
117.000000,2067.000000,33.586271,7.750437,1.426119,0.266148,0.222728,0.033095,12.809554,3.835398,560.995051,36.687274,2.351501,0.202986,68.914600,17.688252,1245.481546,212.731147,276.890563,59.782391,350.684721,78.902009,345.805163,77.467868
118.000000,2068.000000,34.339978,8.082385,1.370581,0.256489,0.226524,0.034190,12.805472,3.882991,564.448931,38.066848,2.376560,0.209828,70.021193,18.299174,1268.339360,222.367053,281.817267,62.162853,356.916192,81.981946,351.838460,80.459551
119.000000,2069.000000,35.104180,8.424245,1.317070,0.247085,0.230360,0.035308,12.798974,3.928937,567.905033,39.463747,2.401567,0.216723,71.138825,18.921629,1291.458505,232.264155,286.795544,64.595675,363.216334,85.129699,357.934369,83.515070
120.000000,2070.000000,35.878906,8.776150,1.265519,0.237934,0.234235,0.036450,12.790059,3.973234,571.362679,40.877460,2.426519,0.223668,72.267543,19.555684,1314.840357,242.424010,291.825578,67.081192,369.585492,88.345787,364.093121,86.634834
121.000000,2071.000000,36.664180,9.138232,1.215863,0.229031,0.238150,0.037614,12.778729,4.015880,574.821185,42.307473,2.451414,0.230661,73.407393,20.201406,1338.486286,252.848200,296.907557,69.619736,376.024013,91.630729,370.314950,89.819249
122.000000,2072.000000,37.460023,9.510626,1.168039,0.220375,0.242106,0.038802,12.764983,4.056873,578.279859,43.753270,2.476250,0.237698,74.558422,20.858866,1362.397662,263.538336,302.041663,72.211640,382.532240,94.985044,376.600085,93.068722
123.000000,2073.000000,38.266449,9.893466,1.121985,0.211962,0.246101,0.040014,12.748822,4.096213,581.738001,45.214330,2.501023,0.244778,75.720672,21.528129,1386.575844,274.496051,307.228083,74.857232,389.110515,98.409247,382.948755,96.383654
124.000000,2074.000000,39.083468,10.286890,1.077640,0.203788,0.250137,0.041248,12.730248,4.133900,585.194908,46.690130,2.525731,0.251898,76.894187,22.209267,1411.022189,285.723004,312.467001,77.556843,395.759179,101.903853,389.361188,99.764448
125.000000,2075.000000,39.911081,10.691034,1.034947,0.195849,0.254214,0.042505,12.709261,4.169938,588.649865,48.180144,2.550372,0.259056,78.079010,22.902346,1435.738045,297.220877,317.758599,80.310798,402.478569,105.469376,395.837608,103.211504
126.000000,2076.000000,40.749284,11.106038,0.993848,0.188142,0.258331,0.043785,12.685866,4.204326,592.102155,49.683842,2.574944,0.266249,79.275180,23.607435,1460.724754,308.991369,323.103061,83.119426,409.269022,109.106326,402.378242,106.725219
127.000000,2077.000000,41.598065,11.532041,0.954288,0.180662,0.262490,0.045088,12.660064,4.237069,595.551051,51.200691,2.599444,0.273476,80.482739,24.324604,1485.983647,321.036200,328.500570,85.983050,416.130871,112.815213,408.983309,110.305991
128.000000,2078.000000,42.457405,11.969183,0.916213,0.173404,0.266689,0.046414,12.631859,4.268171,598.995820,52.730157,2.623870,0.280733,81.701723,25.053921,1511.516048,333.357106,333.951308,88.901995,423.064447,116.596545,415.653031,113.954215
129.000000,2079.000000,43.327273,12.417608,0.879571,0.166364,0.270931,0.047762,12.601254,4.297637,602.435726,54.271700,2.648219,0.288019,82.932170,25.795452,1537.323269,345.955837,339.455455,91.876584,430.070078,120.450827,422.387625,117.670283
130.000000,2080.000000,44.207631,12.877459,0.844312,0.159538,0.275213,0.049132,12.568254,4.325471,605.870022,55.824779,2.672490,0.295331,84.174114,26.549265,1563.406608,358.834160,345.013194,94.907139,437.148091,124.378563,429.187308,121.454588
131.000000,2081.000000,45.098431,13.348879,0.810386,0.152921,0.279538,0.050525,12.532864,4.351680,609.297958,57.388850,2.696680,0.302668,85.427589,27.315428,1589.767353,371.993850,350.624704,97.993983,444.298806,128.380253,436.052293,125.307520
132.000000,2082.000000,45.999610,13.832014,0.777746,0.146507,0.283904,0.051940,12.495089,4.376271,612.718776,58.963367,2.720786,0.310027,86.692624,28.094005,1616.406776,385.436693,356.290166,101.137436,451.522542,132.456395,442.982790,129.229466
133.000000,2083.000000,46.911095,14.327011,0.746346,0.140293,0.288312,0.053377,12.454935,4.399253,616.131715,60.547779,2.744808,0.317406,87.969249,28.885062,1643.326132,399.164485,362.009761,104.337819,458.819614,136.607487,449.979009,133.220815
134.000000,2084.000000,47.832801,14.834017,0.716140,0.134273,0.292763,0.054835,12.412408,4.420632,619.536006,62.141533,2.768742,0.324803,89.257489,29.688661,1670.526659,413.179025,367.783667,107.595452,466.190334,140.834020,457.041155,137.281950
135.000000,2085.000000,48.764625,15.353179,0.687086,0.128442,0.297255,0.056315,12.367516,4.440419,622.930875,63.744075,2.792587,0.332216,90.557367,30.504865,1698.009576,427.482120,373.612064,110.910655,473.635006,145.136484,464.169431,141.413255
136.000000,2086.000000,49.706452,15.884649,0.659141,0.122796,0.301790,0.057816,12.320267,4.458623,626.315543,65.354847,2.816341,0.339643,91.868904,31.333735,1725.776077,442.075577,379.495133,114.283749,481.153934,149.515366,471.364037,145.615112
137.000000,2087.000000,50.658147,16.428576,0.632265,0.117330,0.306367,0.059337,12.270667,4.475254,629.689226,66.973287,2.840001,0.347082,93.192114,32.175329,1753.827334,456.961203,385.433054,117.715053,488.747415,153.971150,478.625168,149.887901
138.000000,2088.000000,51.619561,16.985112,0.606418,0.112040,0.310986,0.060879,12.218727,4.490323,633.051134,68.598832,2.863565,0.354532,94.527011,33.029704,1782.164492,472.140804,391.426007,121.204887,496.415741,158.504314,485.953018,154.231999
139.000000,2089.000000,52.590523,17.554411,0.581563,0.106919,0.315647,0.062442,12.164456,4.503841,636.400475,70.230917,2.887032,0.361989,95.873601,33.896913,1810.788664,487.616182,397.474175,124.753575,504.159197,163.115335,493.347775,158.647782
140.000000,2090.000000,53.570844,18.136629,0.557663,0.101965,0.320351,0.064024,12.107863,4.515819,639.736450,71.868971,2.910399,0.369454,97.231884,34.777005,1839.700930,503.389128,403.577741,128.361439,511.978065,167.804684,500.809625,163.135623
141.000000,2091.000000,54.560314,18.731923,0.534682,0.097172,0.325097,0.065626,12.048960,4.526270,643.058256,73.512424,2.933665,0.376922,98.601858,35.670029,1868.902329,519.461423,409.736889,132.028802,519.872618,172.572827,508.338747,167.695895
142.000000,2092.000000,55.558702,19.340459,0.512586,0.092536,0.329885,0.067246,11.987757,4.535205,646.365088,75.160700,2.956827,0.384394,99.983511,36.576027,1898.393861,535.834835,415.951805,135.755991,527.843122,177.420227,515.935316,172.328966
143.000000,2093.000000,56.565755,19.962405,0.491341,0.088053,0.334716,0.068886,11.924266,4.542636,649.656136,76.813221,2.979885,0.391867,101.376822,37.495036,1928.176475,552.511113,422.222679,139.543333,535.889836,182.347339,523.599502,177.035201
144.000000,2094.000000,57.581198,20.597935,0.470917,0.083719,0.339588,0.070544,11.858498,4.548576,652.930586,78.469406,3.002835,0.399338,102.781765,38.427090,1958.251067,569.491981,428.549703,143.391158,544.013011,187.354615,531.331467,181.814963
145.000000,2095.000000,58.604739,21.247243,0.451281,0.079530,0.344503,0.072220,11.790464,4.553035,656.187621,80.128670,3.025676,0.406807,104.198299,39.372212,1988.618470,586.779138,434.933071,147.299799,552.212888,192.442497,539.131370,186.668610
146.000000,2096.000000,59.636067,21.910534,0.432405,0.075482,0.349459,0.073913,11.720176,4.556025,659.426421,81.790424,3.048406,0.414272,105.626374,40.330421,2019.279447,604.374246,441.372983,151.269593,560.489697,197.611422,546.999357,191.596497
147.000000,2097.000000,60.674859,22.588045,0.414260,0.071571,0.354457,0.075624,11.647645,4.557554,662.646162,83.454074,3.071024,0.421731,107.065925,41.301726,2050.234684,622.278928,447.869644,155.300882,568.843660,202.861821,554.935569,196.598973
148.000000,2098.000000,61.720785,23.280046,0.396818,0.067796,0.359497,0.077353,11.572877,4.557633,665.846015,85.119022,3.093527,0.429182,108.516870,42.286122,2081.484776,640.494758,454.423265,159.394010,577.274983,208.194111,562.940135,201.676381
149.000000,2099.000000,62.773521,23.986863,0.380053,0.064153,0.364579,0.079099,11.495881,4.556267,669.025148,86.784662,3.115914,0.436624,109.979111,43.283595,2113.030212,659.023249,461.034062,163.549329,585.783860,213.608705,571.013173,206.829056
150.000000,2100.000000,63.835406,24.707638,0.363960,0.060654,0.369704,0.080862,11.416645,4.553452,672.182723,88.450381,3.138183,0.444055,111.452524,44.294114,2144.871368,677.865846,467.702260,167.767198,594.370472,219.106000,579.154784,212.057325
151.000000,2101.000000,64.900599,25.444563,0.348473,0.057260,0.374871,0.082644,11.335180,4.549193,675.317889,90.115555,3.161203,0.450913,112.931116,45.319661,2177.008478,697.023914,474.427707,172.048111,603.034978,224.686385,587.358824,217.363699
152.000000,2102.000000,65.967343,26.199425,0.333559,0.053965,0.380080,0.084445,11.251475,4.543501,678.430383,91.779461,3.184196,0.457253,114.420539,46.361503,2209.435780,716.501094,481.210721,176.392651,611.776936,230.350421,595.631260,222.750030
153.000000,2103.000000,67.041527,26.971295,0.319240,0.050800,0.385335,0.086265,11.165484,4.536379,681.519286,93.441267,3.205865,0.463590,115.930441,47.419022,2242.153373,736.302066,488.052289,180.801349,620.596495,236.098812,603.982730,228.216205
154.000000,2104.000000,68.123690,27.760787,0.305496,0.047761,0.390638,0.088104,11.077171,4.527825,684.582736,95.100130,3.226474,0.469917,117.459260,48.492013,2275.171000,756.430348,494.953202,185.274696,629.494767,241.932212,612.412462,233.762508
155.000000,2105.000000,69.214225,28.568508,0.292305,0.044843,0.395994,0.089962,10.986509,4.517840,687.619128,96.755251,3.246224,0.476228,119.005769,49.580325,2308.496484,776.889161,501.914097,189.813145,638.472668,247.851228,620.919866,239.389242
156.000000,2106.000000,70.313395,29.395063,0.279647,0.042044,0.401403,0.091839,10.893470,4.506425,690.627048,98.405856,3.265274,0.482520,120.569007,50.683852,2342.136130,797.681482,508.935491,194.417128,647.530956,253.856426,629.504498,245.096731
157.000000,2107.000000,71.421369,30.241067,0.267503,0.039359,0.406868,0.093734,10.798030,4.493584,693.605217,100.051194,3.283744,0.488789,122.148230,51.802523,2376.095051,818.810089,516.017804,199.087051,656.670261,259.948343,638.166034,250.885311
158.000000,2108.000000,72.538228,31.107136,0.255852,0.036786,0.412391,0.095649,10.700168,4.479320,696.552451,101.690525,3.301728,0.495033,123.742862,52.936295,2410.377425,840.277604,523.161383,203.823310,665.891119,266.127489,646.904245,256.755333
159.000000,2109.000000,73.663999,31.993920,0.244676,0.034322,0.417974,0.097583,10.599862,4.463636,699.467637,103.323116,3.319299,0.501250,125.352463,54.085151,2444.986699,862.086521,530.366519,208.626284,675.193983,272.394353,655.718982,262.707159
160.000000,2110.000000,74.798628,32.902053,0.233954,0.031967,0.423618,0.099536,10.497092,4.446538,702.349708,104.948236,3.336513,0.507437,126.976700,55.249089,2479.925755,884.239236,537.633458,213.496348,684.579247,278.749405,664.610158,268.741161
161.000000,2111.000000,75.942029,33.832218,0.223670,0.029719,0.429324,0.101509,10.391838,4.428031,705.197626,106.565153,3.353412,0.513591,128.615328,56.428125,2515.197033,906.738060,544.962410,218.433868,694.047259,285.193101,673.577738,274.857722
162.000000,2112.000000,77.094061,34.785094,0.213805,0.027579,0.435094,0.103500,10.284082,4.408121,708.010371,108.173130,3.370029,0.519712,130.268166,57.622288,2550.802638,929.585243,552.353561,223.439204,703.598323,291.725884,682.621728,281.057231
163.000000,2113.000000,78.254522,35.761383,0.204343,0.025548,0.440929,0.105511,10.173804,4.386817,710.786933,109.771425,3.386391,0.525798,131.935090,58.831613,2586.744418,952.782986,559.807079,228.512720,713.232720,298.348187,691.742169,287.340087
164.000000,2114.000000,79.423195,36.761825,0.195266,0.023626,0.446831,0.107542,10.060985,4.364126,713.526303,111.359284,3.402515,0.531845,133.616018,60.056145,2623.024028,976.333446,567.323111,233.654774,722.950701,305.060433,700.939130,293.706692
165.000000,2115.000000,80.599807,37.787172,0.186560,0.021818,0.452800,0.109593,9.945607,4.340059,716.227471,112.935946,3.418417,0.537853,135.310901,61.295936,2659.642978,1000.238752,574.901800,238.865723,732.752503,311.863036,710.212701,300.157457
166.000000,2116.000000,81.784053,38.838209,0.178208,0.020129,0.458838,0.111665,9.827648,4.314627,718.889419,114.500637,3.434108,0.543820,137.019716,62.551034,2696.602676,1024.501005,582.543280,244.145936,742.638347,318.756406,719.562995,306.692798
167.000000,2117.000000,82.975571,39.915730,0.170197,0.018565,0.464947,0.113757,9.707091,4.287843,721.511121,116.052571,3.449595,0.549744,138.742489,63.821554,2733.904451,1049.122284,590.247650,249.495720,752.608440,325.740941,728.990138,313.313137
168.000000,2118.000000,84.173887,41.020618,0.162512,0.017135,0.471127,0.115870,9.583914,4.259723,724.091540,117.590950,3.464884,0.555623,140.479167,65.107415,2771.549614,1074.104705,598.015105,254.915586,762.662987,332.817043,738.494272,320.018904
169.000000,2119.000000,85.378741,42.153694,0.155139,0.015850,0.477380,0.118005,9.458098,4.230286,726.629630,119.114959,3.479980,0.561455,142.229854,66.408823,2809.539371,1099.450224,605.845690,260.405751,772.802175,339.985091,748.075544,326.810523
170.000000,2120.000000,86.589567,43.315895,0.148066,0.014722,0.483707,0.120163,9.329623,4.199551,729.124328,120.623770,3.494886,0.567238,143.994569,67.725798,2847.874988,1125.160940,613.739550,265.966638,783.026193,347.245474,757.734119,333.688437
171.000000,2121.000000,87.805836,44.508165,0.141281,0.013765,0.490109,0.122342,9.198468,4.167545,731.574560,122.116539,3.509602,0.572971,145.773366,69.058410,2886.557703,1151.238888,621.696800,271.598619,793.335226,354.598571,767.470166,340.653087
172.000000,2122.000000,89.026969,45.731491,0.134771,0.012994,0.496588,0.124546,9.064612,4.134293,733.979240,123.592407,3.524130,0.578652,147.566311,70.406742,2925.588763,1177.686104,629.717554,277.302063,803.729451,362.044757,777.283864,347.704925
173.000000,2123.000000,90.252345,46.986922,0.128524,0.012420,0.503145,0.126773,8.928035,4.099830,736.337267,125.050499,3.538470,0.584279,149.373467,71.770855,2964.969434,1204.504630,637.801933,283.077362,814.209047,369.584402,787.175400,354.844404
174.000000,2124.000000,91.481389,48.275555,0.122531,0.012049,0.509781,0.129025,8.788716,4.064193,738.647527,126.489920,3.552622,0.589850,151.194913,73.150834,3004.701000,1231.696497,645.950051,288.924892,824.774187,377.217873,797.144963,362.071986
175.000000,2125.000000,92.713155,49.598510,0.116780,0.011879,0.516498,0.131303,8.646630,4.027427,740.908893,127.909760,3.566585,0.595363,153.030720,74.546745,3044.784774,1259.263745,654.162032,294.845056,835.425045,384.945531,807.192752,369.388138
176.000000,2126.000000,93.946953,50.957005,0.111260,0.011902,0.523296,0.133607,8.501758,3.989580,743.120222,129.309092,3.580358,0.600816,154.880969,75.958659,3085.222094,1287.208405,662.437999,300.838257,846.161791,392.767733,817.318968,376.793334
177.000000,2127.000000,95.181922,52.352306,0.105963,0.012100,0.530178,0.135939,8.354077,3.950713,745.280360,130.686970,3.593939,0.606207,156.745745,77.386654,3126.014327,1315.532504,670.778075,306.904896,856.984596,400.684831,827.523820,384.288054
178.000000,2128.000000,96.417138,53.785754,0.100879,0.012448,0.537144,0.138300,8.203567,3.910890,747.388142,132.042429,3.607327,0.611535,158.625137,78.830810,3167.162875,1344.238074,679.182382,313.045382,867.893627,408.697173,837.807518,391.872786
179.000000,2129.000000,97.651603,55.258758,0.095999,0.012923,0.544196,0.140691,8.050205,3.870190,749.442387,133.374487,3.620521,0.616797,160.519233,80.291205,3208.669179,1373.327153,687.651048,319.260134,878.889053,416.805103,848.170281,399.548025
180.000000,2130.000000,98.884615,56.773088,0.091315,0.013500,0.551335,0.143112,7.893965,3.828696,751.441904,134.682139,3.633518,0.621991,162.428184,81.768041,3250.534714,1402.801781,696.184142,325.549453,889.971040,425.008961,858.612326,407.314275
181.000000,2131.000000,100.114329,58.329817,0.086818,0.014155,0.558563,0.145567,7.734835,3.786515,753.385487,135.964366,3.646316,0.627116,164.351992,83.261210,3292.761049,1432.664125,704.781897,331.913976,901.139760,433.309096,869.133889,415.172064
182.000000,2132.000000,101.339840,59.930857,0.082500,0.014872,0.565880,0.148054,7.572792,3.743757,755.271924,137.220127,3.658913,0.632169,166.290864,84.771025,3335.349701,1462.916164,713.444331,338.353906,912.395376,441.705832,879.735195,423.121905
183.000000,2133.000000,102.559876,61.578075,0.078354,0.015633,0.573288,0.150578,7.407811,3.700555,757.099992,138.448360,3.671307,0.637148,168.244655,86.297094,3378.302335,1493.560118,722.171827,344.870181,923.738059,450.199513,890.416482,431.164346
184.000000,2134.000000,103.772969,63.273271,0.074372,0.016426,0.580788,0.153138,7.239876,3.657055,758.868452,139.647987,3.683496,0.642051,170.213817,87.840222,3421.620410,1524.597727,730.964154,351.462514,935.167956,458.790430,901.177971,439.299901
185.000000,2135.000000,104.977636,65.018516,0.070548,0.017241,0.588381,0.155737,7.068966,3.613425,760.576061,140.817906,3.695477,0.646875,172.198341,89.400292,3465.305784,1556.031481,739.821582,358.131617,946.685249,467.478946,912.019923,447.529163
186.000000,2136.000000,106.172512,66.816259,0.066875,0.018071,0.596070,0.158377,6.895043,3.569855,762.221564,141.956998,3.707247,0.651620,174.198003,90.976786,3509.360237,1587.863658,748.744576,364.878593,958.290110,476.265397,922.942579,455.852719
187.000000,2137.000000,107.355376,68.668204,0.063347,0.018910,0.603853,0.161059,6.718132,3.526556,763.803689,143.064124,3.718805,0.656281,176.213746,92.571473,3553.785256,1620.095926,757.732437,371.702222,969.982672,485.150050,933.946183,464.271115
188.000000,2138.000000,108.524732,70.577261,0.059957,0.019753,0.611733,0.163786,6.538191,3.483772,765.321176,144.138123,3.730147,0.660858,178.244871,94.182909,3598.583222,1652.731680,766.786162,378.604662,981.763158,494.133347,945.031033,472.785061
189.000000,2139.000000,109.678658,72.546111,0.056699,0.020596,0.619711,0.166560,6.355207,3.441773,766.772745,145.177817,3.741270,0.665347,180.291348,95.810984,3643.755724,1685.772723,775.906012,385.586603,993.631706,503.215560,956.197360,481.395135
190.000000,2140.000000,110.814826,74.577159,0.053569,0.021438,0.627787,0.169382,6.169177,3.400850,768.157112,146.182005,3.752173,0.669747,182.354733,97.458753,3689.304264,1719.220683,785.090665,392.645587,1005.588436,512.396937,967.445399,490.101933
191.000000,2141.000000,111.931246,76.673800,0.050559,0.022275,0.635962,0.172255,5.980084,3.361341,769.472993,147.149471,3.762851,0.674055,184.434083,99.124329,3735.231846,1753.080212,794.341432,399.784379,1017.633622,521.678030,978.775515,498.906331
192.000000,2142.000000,113.025950,78.839675,0.047667,0.023107,0.644238,0.175182,5.787912,3.323620,770.719095,148.078980,3.773303,0.678268,186.527939,100.804838,3781.540418,1787.353877,803.660034,407.006542,1029.767422,531.059175,990.187973,507.809015
193.000000,2143.000000,114.095691,81.077459,0.044886,0.023933,0.652614,0.178165,5.592674,3.288075,771.894122,148.969274,3.783525,0.682384,188.639713,102.507097,3828.230395,1822.041248,813.043192,414.305729,1041.989834,540.540392,1001.682904,516.810449
194.000000,2144.000000,115.137871,83.390768,0.042211,0.024751,0.661090,0.181205,5.394382,3.255129,772.996783,149.819086,3.793515,0.686401,190.770015,104.232395,3875.305593,1857.148793,822.490764,421.681795,1054.301200,550.122402,1013.260778,525.911778
195.000000,2145.000000,116.150520,85.784969,0.039639,0.025562,0.669669,0.184307,5.192992,3.225309,774.025797,150.627131,3.803269,0.690315,192.914730,105.972723,3922.770295,1892.684035,832.007323,429.143914,1066.701905,559.806027,1024.922053,535.114160
196.000000,2146.000000,117.130590,88.264246,0.037164,0.026364,0.678350,0.187474,4.988519,3.199122,774.979862,151.392102,3.812784,0.694125,195.074417,107.729381,3970.624510,1928.646129,841.592400,436.691250,1079.191890,569.591226,1036.666817,544.418061
197.000000,2147.000000,118.073829,90.831491,0.034783,0.027159,0.687131,0.190705,4.781039,3.177032,775.857685,152.112679,3.822057,0.697828,197.255536,109.515403,4018.868806,1965.035572,851.239737,444.311511,1091.771152,579.478092,1048.495273,553.824209
198.000000,2148.000000,118.988047,93.493534,0.032496,0.027949,0.696002,0.194006,4.570694,3.159664,776.658015,152.787538,3.831085,0.701420,199.457050,111.328925,4067.510190,2001.865992,860.951199,452.008436,1104.440341,589.468047,1060.408249,563.334476
199.000000,2149.000000,119.850995,96.256626,0.030290,0.028728,0.704987,0.197381,4.357088,3.147733,777.379665,153.415323,3.839864,0.704899,201.668789,113.150527,4116.554374,2039.148616,870.737332,459.802888,1117.199972,599.562257,1072.406121,572.950318
200.000000,2150.000000,120.667831,99.125780,0.028167,0.029500,0.714074,0.200831,4.140474,3.141780,778.021265,153.994684,3.848392,0.708262,203.897228,114.993410,4165.996687,2076.874666,880.591438,467.681608,1130.049490,609.759848,1084.488667,582.671669
201.000000,2151.000000,121.433150,102.104969,0.026122,0.030264,0.723257,0.204354,3.920988,3.142275,778.581570,154.524257,3.856666,0.711506,206.151489,116.876243,4215.839107,2115.049006,890.504790,475.627314,1142.989020,620.061327,1096.656279,592.499876
202.000000,2152.000000,122.145379,105.204828,0.024153,0.031022,0.732542,0.207964,3.698462,3.150153,779.059398,155.002684,3.864681,0.714629,208.418926,118.774803,4266.092661,2153.695123,900.490994,483.666742,1156.019608,630.469078,1108.909920,602.437494
203.000000,2153.000000,122.797822,108.429071,0.022256,0.031773,0.741925,0.211658,3.473064,3.165850,779.453492,155.428576,3.872434,0.717627,210.712825,120.716292,4316.755319,2192.811211,910.536781,491.773545,1169.140962,640.982909,1121.249607,612.485311
204.000000,2154.000000,123.396355,111.783659,0.020431,0.032519,0.751428,0.215419,3.244554,3.189624,779.762679,155.800560,3.879922,0.720496,213.045241,122.726105,4367.838418,2232.422925,920.631199,499.925935,1182.354150,651.605401,1133.676440,622.646823
205.000000,2155.000000,123.923786,115.292617,0.018669,0.033258,0.761012,0.219304,3.013263,3.223158,779.985671,156.117323,3.887142,0.723235,215.352877,124.679586,4419.364926,2272.580483,930.839765,508.252634,1195.661423,662.341601,1146.192642,632.926535
206.000000,2156.000000,124.363749,118.932280,0.016970,0.033991,0.770673,0.223262,2.779682,3.265540,780.121346,156.377404,3.894089,0.725839,217.759929,126.824291,4471.293665,2313.206810,941.035012,516.502159,1209.058487,673.183666,1158.794942,643.319521
207.000000,2157.000000,124.709361,122.711083,0.015331,0.034719,0.780363,0.227228,2.545237,3.315030,780.168810,156.579477,3.900762,0.728305,220.284997,129.199209,4523.709179,2354.476664,951.208162,524.656951,1222.553854,684.149196,1171.493159,653.846419
208.000000,2158.000000,125.028068,126.742981,0.013750,0.035442,0.790092,0.231228,2.309665,3.372654,780.127842,156.722308,3.907155,0.730630,222.532847,131.023818,4576.711482,2396.596993,961.763920,533.512419,1236.157573,695.258956,1184.296767,664.527347
209.000000,2159.000000,125.301243,131.018914,0.012225,0.036161,0.799898,0.235332,2.071857,3.440833,779.998086,156.804610,3.913267,0.732810,224.558991,132.411743,4630.001657,2438.983671,972.616448,542.898705,1249.839155,706.453918,1197.175439,675.304251
210.000000,2160.000000,125.444392,135.457580,0.010751,0.036876,0.809773,0.239713,1.830622,3.524715,779.778661,156.825011,3.919095,0.734842,226.724988,134.079698,4683.347355,2481.187520,983.379610,552.055100,1263.574977,717.688860,1210.104597,686.129235
211.000000,2161.000000,125.489254,140.094835,0.009331,0.037588,0.819876,0.244269,1.584036,3.622511,779.468129,156.781909,3.924637,0.736722,228.974335,135.921143,4736.886372,2523.496216,994.122372,561.116112,1277.379007,728.992788,1223.096708,697.031779
212.000000,2162.000000,125.448016,144.985757,0.007960,0.038299,0.830023,0.248909,1.336242,3.730579,779.064155,156.674086,3.929888,0.738446,231.140766,137.611371,4790.694913,2566.080362,1005.022417,570.429949,1291.258930,740.382825,1236.163183,708.035621
213.000000,2163.000000,125.335367,150.173955,0.006635,0.039006,0.840158,0.253578,1.088849,3.847036,778.566377,156.500396,3.934845,0.740010,233.092295,138.897358,4844.680092,2608.776831,1016.204581,580.240666,1305.205296,751.842501,1249.296876,719.129555
214.000000,2164.000000,125.110407,155.631189,0.005355,0.039712,0.850269,0.258280,0.842311,3.971978,777.975180,156.259773,3.939504,0.741409,235.007761,140.137401,4898.620478,2651.171809,1027.469094,590.153295,1319.195673,763.330163,1262.476854,730.275679
215.000000,2165.000000,124.763658,161.373974,0.004118,0.040417,0.860384,0.263077,0.595794,4.107444,777.291152,155.951172,3.943863,0.742640,236.905776,141.374530,4952.481662,2693.227624,1038.792977,600.120255,1333.226583,774.841927,1275.698754,741.469152
216.000000,2166.000000,124.369924,167.431771,0.002936,0.041129,0.870586,0.267950,0.348210,4.253372,776.514471,155.573552,3.947921,0.743698,238.847471,142.735633,5006.249124,2734.951403,1050.112879,610.013988,1347.296552,786.378324,1288.960349,752.711247
217.000000,2167.000000,123.755754,173.806826,0.001779,0.041834,0.880732,0.273034,0.101158,4.412837,775.644799,155.126042,3.951675,0.744579,240.786620,144.136016,5059.970008,2776.479543,1061.480026,619.932128,1361.410336,797.952794,1302.266646,764.014005
218.000000,2168.000000,123.013094,180.560171,0.000661,0.042540,0.890908,0.278320,-0.146597,4.585959,774.682549,154.607691,3.955125,0.745278,242.649855,145.445054,5113.643491,2817.857355,1072.966556,630.013165,1375.567831,809.569560,1315.616411,775.381603
219.000000,2169.000000,122.088883,187.660816,-0.000422,0.043246,0.899413,0.281645,-0.343935,4.698886,773.627544,154.017814,3.958268,0.745789,244.766298,147.109572,5167.195412,2858.994253,1084.299823,639.715459,1389.761520,821.219096,1329.066121,786.734707
220.000000,2170.000000,121.026093,195.185502,-0.001468,0.043948,0.904754,0.280991,-0.445901,4.678464,772.503611,153.391907,3.961111,0.746119,246.962730,148.596627,5220.883474,2900.266307,1095.736838,649.543306,1404.016914,832.939536,1342.699568,798.034829
221.000000,2171.000000,119.822895,203.160964,-0.002478,0.044644,0.910001,0.280283,-0.544776,4.656407,771.355491,152.797104,3.963680,0.746297,249.121705,150.007996,5274.782632,2941.492672,1107.286473,659.514858,1418.340509,844.713716,1356.408178,809.398908
222.000000,2172.000000,118.498629,211.628196,-0.003451,0.045338,0.915141,0.279569,-0.640740,4.633867,770.184229,152.232344,3.966006,0.746364,251.247107,151.352679,5328.847623,2982.596675,1118.939410,669.612380,1432.727578,856.533673,1370.186516,820.817940
223.000000,2173.000000,116.936988,220.544702,-0.004394,0.046028,0.920220,0.278800,-0.734145,4.609763,768.990807,151.696583,3.968116,0.746352,253.646426,153.216001,5383.038740,3023.513637,1130.383810,679.222167,1447.173946,868.392599,1384.030237,832.286364
224.000000,2174.000000,115.207519,230.016582,-0.005308,0.046717,0.925241,0.278034,-0.825648,4.585700,767.776057,151.188803,3.970031,0.746285,256.047137,155.080480,5437.625239,3064.785654,1141.916934,688.930638,1461.706738,880.345118,1397.964071,843.854016
225.000000,2175.000000,113.298686,240.081860,-0.006193,0.047407,0.930210,0.277284,-0.915427,4.561993,766.540521,150.708022,3.971767,0.746181,258.459253,156.966322,5492.593889,3106.400034,1153.526910,698.714862,1476.324486,892.389844,1411.986163,855.519002
226.000000,2176.000000,111.184257,250.766885,-0.007051,0.048099,0.935124,0.276551,-1.003435,4.538725,765.284668,150.253296,3.973340,0.746054,260.965761,159.031774,5547.941963,3148.365471,1165.130231,708.410969,1491.026779,904.527548,1426.095993,867.281983
227.000000,2177.000000,108.990454,262.270643,-0.007885,0.048795,0.940026,0.275884,-1.090957,4.517370,764.009006,149.823709,3.974758,0.745913,262.787051,159.806254,5603.749824,3190.853254,1177.512597,719.564445,1505.821638,916.775535,1440.299648,879.156499
228.000000,2178.000000,106.564560,274.506732,-0.008698,0.049496,0.944889,0.275285,-1.177379,4.497711,762.713452,149.418447,3.976031,0.745768,264.569649,160.519381,5659.315250,3232.512599,1189.959466,730.770127,1520.637646,928.996176,1454.529115,891.011227
229.000000,2179.000000,103.921414,287.533266,-0.009488,0.050206,0.949751,0.274742,-1.263286,4.479703,761.398227,149.036707,3.977166,0.745623,266.293132,161.136521,5714.608515,3273.307733,1202.487607,742.060996,1535.471542,941.185163,1468.780740,902.841329
230.000000,2180.000000,101.020381,301.407123,-0.010260,0.050927,0.954452,0.274118,-1.345310,4.460885,760.063290,148.677776,3.978167,0.745484,267.993712,161.725184,5769.580568,3313.167729,1215.059567,753.363141,1550.318056,953.334453,1483.053279,914.642219
231.000000,2181.000000,97.838283,316.196070,-0.011016,0.051663,0.957435,0.271710,-1.388191,4.409984,758.710197,148.340581,3.979040,0.745352,269.793985,162.482432,5824.220383,3352.093531,1227.592740,764.513534,1565.175736,965.443173,1497.386724,926.452092
232.000000,2182.000000,94.323237,331.962886,-0.011760,0.052418,0.960299,0.269215,-1.428218,4.357053,757.357056,148.019573,3.979795,0.745233,271.617424,163.297828,5878.639940,3390.285404,1240.131475,775.599677,1580.055545,977.530640,1511.748900,938.249570
233.000000,2183.000000,90.564805,348.929023,-0.012494,0.053199,0.963161,0.266759,-1.468200,4.304618,756.004698,147.713235,3.980450,0.745129,272.871980,163.107847,5932.870550,3427.828042,1253.266665,787.786309,1594.960301,989.604427,1526.138645,950.037472
234.000000,2184.000000,86.346592,367.129901,-0.013230,0.054007,0.965813,0.264479,-1.505966,4.255802,754.652643,147.420395,3.981017,0.745044,273.730025,162.254329,5986.350317,3463.672155,1266.771096,800.627131,1609.832143,1001.554770,1540.501121,961.707877
235.000000,2185.000000,81.736480,386.613770,-0.013957,0.054861,0.968676,0.262143,-1.546161,4.205179,753.301460,147.139980,3.981507,0.744978,274.897227,162.007702,6038.710494,3497.149197,1279.898809,812.650396,1624.632514,1013.309612,1554.796036,973.193689
236.000000,2186.000000,76.557795,407.528244,-0.014690,0.055769,0.971505,0.259830,-1.585406,4.154309,751.949542,146.870952,3.981927,0.744932,276.307777,162.230589,6090.301642,3528.981871,1292.751515,824.055807,1639.396355,1024.940448,1569.059292,984.564415
237.000000,2187.000000,70.695195,430.042947,-0.015435,0.056745,0.974290,0.257536,-1.623542,4.103094,750.596910,146.612208,3.982282,0.744907,278.070180,163.094565,6141.395545,3559.733571,1305.246670,834.680699,1654.150736,1036.503053,1583.316850,995.873659
238.000000,2188.000000,64.139157,454.501665,-0.016200,0.057809,0.977032,0.255267,-1.660655,4.051672,749.243673,146.362663,3.982578,0.744902,279.817141,163.964005,6192.362445,3590.147588,1317.787358,845.321556,1668.933176,1048.073202,1597.604499,1007.193804
239.000000,2189.000000,56.768158,481.238127,-0.016997,0.058986,0.979741,0.253039,-1.697151,4.000503,747.889910,146.121271,3.982818,0.744916,281.419851,164.625776,6243.191596,3620.240751,1330.500322,856.228703,1683.742122,1059.651122,1611.920173,1018.523943
240.000000,2190.000000,48.298060,510.605207,-0.017844,0.060307,0.982258,0.250917,-1.731049,3.951130,746.535523,145.887069,3.983004,0.744947,283.003086,165.292824,6293.743841,3649.791100,1343.247787,867.131124,1698.562662,1071.211480,1626.250872,1029.839404
241.000000,2191.000000,38.503435,543.025349,-0.018751,0.061817,0.984866,0.248768,-1.765589,3.900162,745.181356,145.659179,3.983140,0.744996,285.298648,167.174047,6344.009943,3678.821547,1355.294226,876.582817,1713.393256,1082.754618,1640.592873,1041.141592
242.000000,2192.000000,27.444541,579.602213,-0.019744,0.063567,0.987456,0.246692,-1.800142,3.850278,743.826735,145.436618,3.983228,0.745059,286.322056,167.002477,6394.712813,3708.717023,1368.696319,888.633236,1728.309034,1094.428348,1655.018374,1052.569983
243.000000,2193.000000,14.309378,620.761916,-0.020848,0.065629,0.990202,0.244522,-1.835553,3.798980,742.471298,145.218622,3.983269,0.745137,288.328803,168.475677,6444.564144,3737.125680,1381.068344,898.592277,1743.174850,1105.977011,1669.397147,1063.880781
244.000000,2194.000000,-1.094995,668.155006,-0.022108,0.068087,0.992730,0.242560,-1.869098,3.750191,741.114304,145.004422,3.983264,0.745227,289.229689,168.211969,6494.578765,3765.967980,1394.602868,910.774817,1758.096532,1117.607007,1683.832556,1075.270010
245.000000,2195.000000,-19.880554,722.909811,-0.023567,0.071059,0.995202,0.240655,-1.901617,3.701654,739.756309,144.793236,3.983214,0.745328,291.228514,169.727745,6543.644776,3793.238556,1406.982583,920.635708,1772.956380,1129.096454,1698.211097,1086.526052
246.000000,2196.000000,-42.584617,787.515022,-0.025286,0.074691,0.997708,0.238788,-1.934419,3.652920,738.397480,144.584297,3.983119,0.745438,292.891678,170.733412,6592.895196,3821.043531,1419.754425,931.224422,1787.873353,1140.675074,1712.646103,1097.869502
247.000000,2197.000000,-70.751179,864.534470,-0.027343,0.079174,1.000063,0.237010,-1.965162,3.605335,737.037372,144.376871,3.982980,0.745557,295.571231,173.323438,6641.987543,3848.774876,1431.533008,939.842777,1802.810892,1152.274917,1727.104239,1109.235319
248.000000,2198.000000,-105.228248,958.452228,-0.029839,0.084752,1.002382,0.235330,-1.995921,3.559264,735.676657,144.170288,3.982797,0.745682,296.339823,172.928656,6691.944052,3878.266847,1445.348487,952.440702,1817.877804,1164.102496,1741.688311,1120.820342
249.000000,2199.000000,162.101520,353.437520,-0.003209,0.019044,1.003559,0.231687,-1.979158,3.434260,734.315031,143.964037,3.982573,0.745813,297.990234,173.757626,6740.821807,3906.008538,1458.260792,963.242312,1832.866138,1175.761708,1756.251026,1132.177876
250.000000,2200.000000,197.180718,297.371251,-0.000154,0.011086,1.003242,0.227799,-1.930371,3.287233,732.974530,143.786548,3.982313,0.745958,299.288223,174.017108,6789.542518,3933.503176,1471.574094,974.749970,1847.872806,1187.422026,1770.862317,1143.506467
251.000000,2201.000000,195.672132,310.694032,-0.000524,0.011514,1.005805,0.226744,-1.971332,3.257816,731.669755,143.650426,3.982037,0.746139,301.699721,176.238778,6837.759569,3960.099652,1483.661800,983.786849,1862.859539,1199.007544,1785.361521,1154.878555
252.000000,2202.000000,195.906538,322.567562,-0.000750,0.011606,1.007284,0.224937,-1.981443,3.192539,730.358004,143.504593,3.981749,0.746358,302.216621,175.623634,6886.605095,3988.117729,1497.776525,996.690820,1877.950049,1210.782663,1799.993145,1166.396804
253.000000,2203.000000,205.077787,320.456558,-0.000292,0.010050,1.008710,0.223219,-1.990265,3.126907,729.053562,143.365200,3.981445,0.746607,300.633062,172.183669,6934.161257,4014.165335,1513.892946,1013.409514,1892.935709,1222.352020,1814.526007,1177.715363
254.000000,2204.000000,206.403754,329.407832,-0.000400,0.009889,1.010275,0.221815,-2.004803,3.070950,727.756723,143.232571,3.981125,0.746886,301.810722,172.773844,6978.375276,4034.800599,1526.924157,1024.019557,1907.590100,1233.298747,1828.734879,1188.447487
255.000000,2205.000000,211.887332,331.257330,-0.000200,0.009000,1.011877,0.220382,-2.017835,3.007969,726.464500,143.101639,3.980789,0.747193,302.942440,173.370899,7022.131960,4055.169937,1539.986760,1034.597703,1922.226014,1244.220944,1842.929199,1199.153472
256.000000,2206.000000,215.046313,338.328086,-0.000194,0.008591,1.013287,0.219253,-2.030941,2.954889,725.177325,142.973216,3.980436,0.747524,302.582051,172.129285,7065.402280,4075.298313,1554.520199,1047.938438,1936.839930,1255.119495,1857.102251,1209.840060
257.000000,2207.000000,218.581126,341.496332,-0.000100,0.007984,1.014500,0.218176,-2.040134,2.899955,723.894896,142.845968,3.980066,0.747878,305.112868,174.694015,7106.712114,4092.805615,1565.987804,1055.213979,1951.267602,1265.698396,1871.100672,1220.221613
258.000000,2208.000000,221.946727,347.645763,-0.000068,0.007539,1.015595,0.217284,-2.049114,2.848827,722.618788,142.719833,3.979679,0.748252,304.835529,173.780589,7149.025164,4112.773494,1580.402176,1068.101153,1965.838119,1276.579644,1885.237705,1230.898449
259.000000,2209.000000,223.532812,349.321757,-0.000020,0.007068,1.016489,0.216412,-2.054012,2.794801,721.348829,142.593703,3.979276,0.748645,311.145177,181.408070,7189.496176,4130.551436,1588.066541,1067.829020,1980.234197,1287.185171,1899.211718,1241.316938
260.000000,2210.000000,224.960955,351.829692,0.000009,0.006657,1.017201,0.215634,-2.057078,2.741588,720.086667,142.466567,3.978859,0.749055,316.875607,188.809389,7234.780256,4157.160676,1596.868569,1069.707907,1995.206978,1298.915022,1913.744176,1252.825589
261.000000,2211.000000,226.854952,355.241679,0.000036,0.006265,1.017665,0.214995,-2.057545,2.689872,718.832881,142.337445,3.978428,0.749480,320.986092,194.264118,7284.120200,4191.292573,1607.774984,1075.525273,2010.679048,1311.633385,1928.761077,1265.292071
262.000000,2212.000000,230.616634,363.327439,0.000053,0.005904,1.018179,0.214591,-2.060855,2.643459,717.588404,142.205788,3.977988,0.749919,317.726910,189.154741,7335.746083,4230.091302,1626.342160,1095.795751,2026.454952,1324.991185,1944.069069,1278.372484
263.000000,2213.000000,231.576286,366.196111,0.000064,0.005567,1.018614,0.214421,-2.063969,2.600297,716.351609,142.071628,3.977539,0.750368,322.150765,195.289893,7382.203705,4261.629239,1636.705067,1100.268065,2041.689152,1337.448483,1958.855831,1290.583623
264.000000,2214.000000,232.008930,368.599583,0.000069,0.005255,1.018536,0.214151,-2.057686,2.550860,715.122326,141.934745,3.977083,0.750828,327.222921,202.847386,7431.367221,4298.786122,1646.772332,1104.052658,2057.279065,1350.675803,1973.995253,1303.554062
265.000000,2215.000000,233.295033,373.287011,0.000069,0.004964,1.018088,0.213863,-2.044986,2.497441,713.904714,141.793263,3.976621,0.751296,328.661276,205.196541,7483.784870,4342.551296,1660.888280,1115.315558,2073.292163,1364.816122,1989.549556,1317.417572
266.000000,2216.000000,232.239140,373.663502,0.000065,0.004693,1.017333,0.213659,-2.027375,2.442797,712.701480,141.645652,3.976159,0.751771,336.200331,217.750196,7535.702517,4387.089299,1668.905961,1114.929538,2089.302624,1379.111299,2005.106292,1331.437981
267.000000,2217.000000,234.395222,381.754771,0.000055,0.004440,1.015786,0.213901,-2.001095,2.390505,711.514593,141.490792,3.975703,0.752250,332.073657,211.685435,7593.239351,4442.419218,1689.272625,1137.462684,2106.014053,1394.880038,2021.346282,1346.889201
268.000000,2218.000000,235.175459,387.282104,0.000043,0.004204,1.013793,0.213568,-1.959846,2.323221,710.347767,141.327595,3.975260,0.752730,330.610586,210.436254,7644.521851,4489.803239,1706.357321,1153.585281,2122.070136,1409.665223,2036.967907,1361.416927
269.000000,2219.000000,232.593268,386.305079,0.000027,0.003985,1.011612,0.213568,-1.917183,2.262869,709.207628,141.152219,3.974840,0.753208,337.831956,223.884844,7692.444899,4534.178051,1714.447451,1152.566204,2137.805260,1424.117412,2052.279406,1375.619426
270.000000,2220.000000,232.024703,390.242711,0.000009,0.003781,1.008300,0.213255,-1.850605,2.193536,708.094354,140.964409,3.974455,0.753680,337.593617,225.618689,7745.817165,4590.016701,1730.683115,1166.458931,2154.232390,1440.137292,2068.276732,1391.368573
271.000000,2221.000000,229.829342,391.423015,-0.000011,0.003590,1.005512,0.213886,-1.800804,2.149216,707.018695,140.759062,3.974118,0.754141,340.385440,233.326721,7796.977435,4645.465569,1743.694630,1173.989752,2170.477697,1456.170180,2084.080071,1407.093032
272.000000,2222.000000,227.466246,393.014648,-0.000034,0.003413,1.001512,0.214370,-1.725268,2.105497,705.972149,140.540115,3.973842,0.754586,341.793208,239.549563,7849.037667,4706.031029,1758.278996,1184.038694,2186.901331,1472.933857,2100.072204,1423.551854
273.000000,2223.000000,227.162100,399.473726,-0.000057,0.003245,0.996327,0.215063,-1.623042,2.073433,704.966312,140.302415,3.973637,0.755012,334.853971,231.648651,7900.580526,4770.031906,1781.244787,1209.135690,2203.344768,1490.203101,2116.098758,1440.529539
274.000000,2224.000000,220.878382,394.115920,-0.000083,0.003091,0.988135,0.215756,-1.453700,2.101530,704.013075,140.039366,3.973523,0.755410,343.674584,253.747982,7943.278139,4824.513600,1787.599125,1202.988752,2218.864104,1506.313991,2131.273708,1456.453433
275.000000,2225.000000,219.250526,399.529677,-0.000109,0.002945,0.980756,0.218093,-1.308659,2.188893,703.143153,139.739089,3.973534,0.755771,336.324385,247.051691,7993.217446,4896.597239,1810.970800,1227.610038,2235.295885,1524.740013,2147.295185,1474.549894
276.000000,2226.000000,217.651379,406.000737,-0.000137,0.002810,0.975535,0.221572,-1.220469,2.268304,702.343909,139.408472,3.973704,0.756082,325.663849,235.660393,8033.959844,4960.181389,1836.678528,1255.904492,2250.774840,1542.142010,2162.342377,1491.550633
277.000000,2227.000000,211.637755,403.607750,-0.000164,0.002683,0.970781,0.225632,-1.147657,2.347270,701.587633,139.060851,3.974043,0.756342,326.197823,247.029892,8062.535088,5011.112219,1849.932509,1260.351581,2264.973826,1558.026037,2176.130332,1507.033981
278.000000,2228.000000,219.855569,433.219305,-0.000189,0.002563,0.967168,0.229999,-1.102994,2.403397,700.866522,138.700656,3.974542,0.756555,277.163233,175.422748,8090.587619,5069.981642,1912.768101,1356.988361,2279.217617,1574.984067,2189.931334,1523.497664
279.000000,2229.000000,223.654984,455.152514,-0.000220,0.002461,0.960530,0.234701,-0.989095,2.551133,700.166910,138.333412,3.975184,0.756726,233.527909,144.450305,8068.568204,5054.547458,1964.855443,1434.117567,2287.885414,1582.741733,2198.383351,1531.111210
280.000000,2230.000000,223.071114,466.296880,-0.000236,0.002334,0.955652,0.240368,-0.930141,2.641163,699.521078,137.949755,3.975966,0.756861,198.826729,147.498815,8003.727722,4979.658405,2003.265853,1483.776633,2291.684316,1582.842661,2202.092582,1531.239848
281.000000,2231.000000,217.262674,468.936369,-0.000266,0.002246,0.948567,0.247279,-0.827968,2.806000,698.902547,137.559003,3.976887,0.756962,172.736386,155.876605,7906.583803,4866.984916,2029.377084,1507.494042,2291.645594,1577.506934,2202.113470,1526.137251
282.000000,2232.000000,202.714640,463.470228,-0.000352,0.002296,0.942855,0.253741,-0.761548,2.882909,698.331333,137.153765,3.977943,0.757031,160.318060,145.777194,7786.941836,4736.521148,2039.047894,1496.803965,2288.762763,1568.906394,2199.365955,1517.791523
283.000000,2233.000000,202.714170,439.966417,-0.000161,0.001712,0.937331,0.262025,-0.713136,3.026856,697.790090,136.751211,3.979133,0.757076,145.978780,133.276638,7659.305795,4613.384361,2049.509659,1485.909094,2284.734836,1560.467759,2195.488440,1509.632289
284.000000,2234.000000,190.367833,429.801816,-0.000189,0.001638,0.933743,0.272973,-0.727402,3.259735,697.270117,136.333816,3.980444,0.757100,128.322079,119.209839,7522.050341,4496.396886,2061.958834,1476.792864,2279.387164,1552.233592,2190.280912,1501.724916
285.000000,2235.000000,174.468956,421.853247,-0.000256,0.001659,0.929909,0.284947,-0.743914,3.518866,696.741775,135.871166,3.981854,0.757087,107.560339,102.267146,7372.213768,4382.830679,2075.893131,1468.051414,2272.367796,1544.021224,2183.453471,1493.839094
286.000000,2236.000000,157.391934,413.927779,-0.000322,0.001683,0.922655,0.295826,-0.703389,3.755827,696.204044,135.361100,3.983334,0.757010,82.656980,82.514073,7207.156277,4270.773843,2092.085795,1460.629228,2263.350705,1535.794042,2174.742775,1485.980162
287.000000,2237.000000,138.753571,405.835042,-0.000388,0.001709,0.910830,0.305081,-0.577331,3.966912,695.683747,134.788723,3.984875,0.756846,53.263199,58.991337,7023.299104,4157.598633,2110.450735,1453.721424,2251.864135,1527.404051,2163.713935,1477.986493
288.000000,2238.000000,119.157582,396.792291,-0.000453,0.001738,0.893202,0.312844,-0.325457,4.102963,695.220698,134.146425,3.986500,0.756576,19.992272,30.876072,6816.847023,4041.145136,2129.891466,1449.812378,2237.377458,1518.804087,2149.883738,1469.694005
289.000000,2239.000000,98.805272,385.872606,-0.000519,0.001770,0.865891,0.320424,0.031479,4.199954,694.873118,133.471088,3.988266,0.756201,3.123204,7.605055,6584.758427,3916.635713,2129.602096,1455.419991,2219.370296,1509.673483,2132.725300,1460.831076
290.000000,2240.000000,76.292671,374.176100,-0.000585,0.001806,0.829734,0.325129,0.520111,4.259201,694.688936,132.805172,3.990259,0.755750,3.349276,8.194462,6344.383192,3775.758935,2110.552919,1444.559142,2199.574968,1498.913945,2113.902195,1450.371508
291.000000,2241.000000,52.490494,362.356367,-0.000652,0.001848,0.789055,0.329621,1.069692,4.321233,694.728156,132.150866,3.992587,0.755261,3.520634,8.618428,6113.122887,3640.388958,2091.725351,1433.827775,2179.962662,1488.276278,2095.245985,1439.940174
292.000000,2242.000000,27.281972,350.718249,-0.000722,0.001898,0.743037,0.334522,1.687902,4.423809,695.016874,131.528355,3.995371,0.754775,3.627826,8.882698,5890.585738,3510.257682,2073.109020,1423.232088,2160.525834,1477.747645,2076.736845,1429.533155
293.000000,2243.000000,0.584432,339.852865,-0.000794,0.001956,0.692178,0.337982,2.362546,4.509838,695.584627,130.955561,3.998727,0.754340,3.678486,9.007713,5676.385005,3385.091818,2054.679322,1412.720045,2141.255086,1467.312716,2058.357809,1419.112080
294.000000,2244.000000,-27.755904,330.459096,-0.000870,0.002026,0.634513,0.339264,3.127344,4.597335,696.455008,130.458354,4.002763,0.754007,3.686859,9.028800,5470.155882,3264.637029,2036.417370,1402.247781,2122.141592,1456.957187,2040.104229,1408.657857
295.000000,2245.000000,-57.838655,323.645922,-0.000951,0.002112,0.570548,0.334693,3.972670,4.612101,697.667360,130.070012,4.007586,0.753839,3.667146,8.980906,5271.561300,3148.665795,2018.298004,1391.761432,2103.178356,1446.669935,2021.965150,1398.141166
296.000000,2246.000000,-89.961440,320.543203,-0.001040,0.002216,0.497039,0.321588,4.961354,4.605325,699.256263,129.836353,4.013306,0.753914,3.626328,8.881206,5080.290854,3036.976621,2000.314231,1381.245322,2084.360424,1436.443389,2003.940559,1387.558419
297.000000,2247.000000,-124.379504,322.784382,-0.001139,0.002346,0.411190,0.293723,6.150113,4.614253,701.285708,129.819442,4.020040,0.754331,3.560999,8.721398,4896.052598,2929.383990,1982.459472,1370.704312,2065.683775,1426.271586,1986.020470,1376.908452
298.000000,2248.000000,-161.196732,332.527519,-0.001249,0.002506,0.311477,0.236780,7.587820,4.714907,703.845940,130.110640,4.027935,0.755224,3.436583,8.416812,4718.561978,2825.704336,1964.738805,1360.213945,2047.143427,1416.146881,1968.175389,1366.206438
299.000000,2249.000000,-200.882672,351.530264,-0.001375,0.002706,0.181648,0.122628,9.587504,5.636192,707.049605,130.857586,4.037172,0.756781,3.036990,7.438146,4547.510386,2725.714945,1947.291655,1350.219497,2028.727202,1406.049004,1950.328645,1355.520703
