"Counter","Year","Mean","SD","MeanE","NMeanE","HSMeanE","WMeanE"
0,1950,0.5894648248109163,0.35233566486735146,"Around[0.5894648248109163, 0.35233566486735146]","Around[0.339497, 0.008299]","Around[1.07298, 0.027281]","Around[0.355917, 0.016898]"
1,1951,0.6179251839381725,0.3692888080042849,"Around[0.6179251839381725, 0.3692888080042849]","Around[0.355837, 0.008795]","Around[1.124688, 0.028923]","Around[0.373251, 0.017913]"
2,1952,0.6681421483104613,0.39923439489824103,"Around[0.6681421483104613, 0.39923439489824103]","Around[0.384701, 0.009613]","Around[1.215979, 0.031623]","Around[0.403746, 0.019582]"
3,1953,0.7137862441951132,0.42643992066665243,"Around[0.7137862441951132, 0.42643992066665243]","Around[0.410924, 0.010378]","Around[1.298935, 0.034155]","Around[0.4315, 0.021147]"
4,1954,0.7432740621905096,0.4439868505073611,"Around[0.7432740621905096, 0.4439868505073611]","Around[0.427839, 0.01092]","Around[1.352478, 0.035951]","Around[0.449505, 0.022257]"
5,1955,0.7859683784042065,0.4694174117410367,"Around[0.7859683784042065, 0.4694174117410367]","Around[0.45235, 0.011667]","Around[1.430044, 0.038424]","Around[0.475512, 0.023784]"
6,1956,0.8267022602648855,0.49366902541792773,"Around[0.8267022602648855, 0.49366902541792773]","Around[0.475725, 0.012398]","Around[1.504028, 0.040845]","Around[0.500354, 0.025279]"
7,1957,0.8715675509107573,0.5203800590115317,"Around[0.8715675509107573, 0.5203800590115317]","Around[0.501471, 0.013203]","Around[1.585515, 0.043515]","Around[0.527717, 0.026928]"
8,1958,0.9172578625212525,0.547573144539199,"Around[0.9172578625212525, 0.547573144539199]","Around[0.527683, 0.014038]","Around[1.668485, 0.046282]","Around[0.555605, 0.028636]"
9,1959,0.9553017880624665,0.570192962156652,"Around[0.9553017880624665, 0.570192962156652]","Around[0.549486, 0.014774]","Around[1.737531, 0.048722]","Around[0.578888, 0.030142]"
10,1960,1.0175029619679985,0.6072229245030394,"Around[1.0175029619679985, 0.6072229245030394]","Around[0.585175, 0.015899]","Around[1.850499, 0.05245]","Around[0.616834, 0.032444]"
11,1961,1.0753996859679,0.6416748378073549,"Around[1.0753996859679, 0.6416748378073549]","Around[0.618377, 0.016974]","Around[1.955622, 0.05602]","Around[0.652199, 0.034645]"
12,1962,1.1541944425166375,0.6885814835110543,"Around[1.1541944425166375, 0.6885814835110543]","Around[0.663582, 0.018405]","Around[2.098723, 0.060765]","Around[0.700278, 0.037573]"
13,1963,1.230788020554463,0.7341562971014391,"Around[1.230788020554463, 0.7341562971014391]","Around[0.707504, 0.019833]","Around[2.237788, 0.065506]","Around[0.747072, 0.040496]"
14,1964,1.3094911071337032,0.7809717622091593,"Around[1.3094911071337032, 0.7809717622091593]","Around[0.75262, 0.02133]","Around[2.380656, 0.070473]","Around[0.795197, 0.043558]"
15,1965,1.3900328531911261,0.8288628802115634,"Around[1.3900328531911261, 0.8288628802115634]","Around[0.798774, 0.022892]","Around[2.526831, 0.075661]","Around[0.844494, 0.046755]"
16,1966,1.4766522599411849,0.8803568373456501,"Around[1.4766522599411849, 0.8803568373456501]","Around[0.8484, 0.024592]","Around[2.684016, 0.08131]","Around[0.897542, 0.050235]"
17,1967,1.5768396264820235,0.9399124008895118,"Around[1.5768396264820235, 0.9399124008895118]","Around[0.905797, 0.026564]","Around[2.865814, 0.087861]","Around[0.958908, 0.05427]"
18,1968,1.6837786941574053,1.0034632115116549,"Around[1.6837786941574053, 1.0034632115116549]","Around[0.967042, 0.028706]","Around[3.059829, 0.09498]","Around[1.024465, 0.058652]"
19,1969,1.7923161635047196,1.0679281459957743,"Around[1.7923161635047196, 1.0679281459957743]","Around[1.02917, 0.030944]","Around[3.256681, 0.102419]","Around[1.091098, 0.063231]"
20,1970,1.8665688186596787,1.1119240515626398,"Around[1.8665688186596787, 1.1119240515626398]","Around[1.071578, 0.032661]","Around[3.391163, 0.10813]","Around[1.136966, 0.066741]"
21,1971,1.98968531915587,1.1849861613635182,"Around[1.98968531915587, 1.1849861613635182]","Around[1.142001, 0.035306]","Around[3.614345, 0.116916]","Around[1.21271, 0.072147]"
22,1972,2.1208420422987553,1.2627929815758547,"Around[2.1208420422987553, 1.2627929815758547]","Around[1.21699, 0.03818]","Around[3.85205, 0.126474]","Around[1.293486, 0.078021]"
23,1973,2.2477072064812185,1.3379934437550844,"Around[2.2477072064812185, 1.3379934437550844]","Around[1.289462, 0.041076]","Around[4.081865, 0.136114]","Around[1.371795, 0.08394]"
24,1974,2.3331354390042254,1.3884710369801612,"Around[2.3331354390042254, 1.3884710369801612]","Around[1.33812, 0.043307]","Around[4.236328, 0.143552]","Around[1.424958, 0.088497]"
25,1975,2.4506490135446017,1.4579846728012802,"Around[2.4506490135446017, 1.4579846728012802]","Around[1.405138, 0.046224]","Around[4.448945, 0.153276]","Around[1.497864, 0.094456]"
26,1976,2.554262187370099,1.5191859357301107,"Around[2.554262187370099, 1.5191859357301107]","Around[1.464121, 0.048986]","Around[4.636239, 0.162495]","Around[1.562427, 0.100095]"
27,1977,2.6798538726749466,1.5933828321295973,"Around[2.6798538726749466, 1.5933828321295973]","Around[1.535649, 0.052293]","Around[4.863287, 0.17352]","Around[1.640626, 0.106842]"
28,1978,2.8206820394506753,1.6765579628629674,"Around[2.8206820394506753, 1.6765579628629674]","Around[1.615844, 0.05604]","Around[5.117835, 0.186]","Around[1.728367, 0.11448]"
29,1979,2.976749087983226,1.7687080048130837,"Around[2.976749087983226, 1.7687080048130837]","Around[1.704696, 0.060242]","Around[5.399875, 0.199996]","Around[1.825677, 0.123039]"
30,1980,3.087106157575312,1.8336255873089213,"Around[3.087106157575312, 1.8336255873089213]","Around[1.767301, 0.063655]","Around[5.598854, 0.211393]","Around[1.895164, 0.129985]"
31,1981,3.197950108292081,1.8987679386287741,"Around[3.197950108292081, 1.8987679386287741]","Around[1.830123, 0.067202]","Around[5.798588, 0.223247]","Around[1.96514, 0.137198]"
32,1982,3.31833362133119,1.9694927962666757,"Around[3.31833362133119, 1.9694927962666757]","Around[1.898342, 0.071089]","Around[6.015462, 0.236244]","Around[2.041197, 0.145098]"
33,1983,3.470594594016387,2.0590440096832454,"Around[3.470594594016387, 2.0590440096832454]","Around[1.984709, 0.075845]","Around[6.289936, 0.252131]","Around[2.137138, 0.15476]"
34,1984,3.632411162899812,2.154158783187359,"Around[3.632411162899812, 2.154158783187359]","Around[2.076436, 0.081029]","Around[6.581514, 0.269438]","Around[2.239284, 0.165277]"
35,1985,3.836454489292259,2.2741704692018385,"Around[3.836454489292259, 2.2741704692018385]","Around[2.192196, 0.087409]","Around[6.949319, 0.290722]","Around[2.367849, 0.178213]"
36,1986,4.021890196306691,2.383013123226484,"Around[4.021890196306691, 2.383013123226484]","Around[2.297189, 0.093645]","Around[7.283133, 0.311544]","Around[2.485349, 0.190839]"
37,1987,4.208760108081403,2.492558166324267,"Around[4.208760108081403, 2.492558166324267]","Around[2.402862, 0.100216]","Around[7.619237, 0.333488]","Around[2.604182, 0.204124]"
38,1988,4.369629618711847,2.586553742783216,"Around[4.369629618711847, 2.586553742783216]","Around[2.493546, 0.106486]","Around[7.907952, 0.354427]","Around[2.707391, 0.216766]"
39,1989,4.542791568412324,2.6876608457021383,"Around[4.542791568412324, 2.6876608457021383]","Around[2.591117, 0.113374]","Around[8.218569, 0.377414]","Around[2.818689, 0.230634]"
40,1990,4.753030364416547,2.8105360695708574,"Around[4.753030364416547, 2.8105360695708574]","Around[2.709687, 0.121529]","Around[8.595902, 0.404634]","Around[2.953503, 0.247047]"
41,1991,4.87108164672448,2.8787537585128016,"Around[4.87108164672448, 2.8787537585128016]","Around[2.775559, 0.127643]","Around[8.806182, 0.425089]","Around[3.031503, 0.259285]"
42,1992,5.017790492810564,2.9637699815421104,"Around[5.017790492810564, 2.9637699815421104]","Around[2.857632, 0.134819]","Around[9.067952, 0.449083]","Around[3.127787, 0.27364]"
43,1993,5.178699481816583,3.05701250020115,"Around[5.178699481816583, 3.05701250020115]","Around[2.947639, 0.142742]","Around[9.355005, 0.475576]","Around[3.233455, 0.28947]"
44,1994,5.349031318392733,3.15564331763494,"Around[5.349031318392733, 3.15564331763494]","Around[3.042833, 0.151347]","Around[9.658659, 0.504331]","Around[3.345601, 0.30663]"
45,1995,5.560215120248063,3.2781668404311,"Around[5.560215120248063, 3.2781668404311]","Around[3.161079, 0.161587]","Around[10.035583, 0.538518]","Around[3.483983, 0.327038]"
46,1996,5.852917732150638,3.4485098099452745,"Around[5.852917732150638, 3.4485098099452745]","Around[3.325437, 0.174768]","Around[10.55905, 0.58252]","Around[3.674267, 0.353332]"
47,1997,6.154575071019581,3.623874044034825,"Around[6.154575071019581, 3.623874044034825]","Around[3.494602, 0.18887]","Around[11.098019, 0.629629]","Around[3.871104, 0.38141]"
48,1998,6.374489226130901,3.7508520843785442,"Around[6.374489226130901, 3.7508520843785442]","Around[3.617099, 0.201106]","Around[11.488928, 0.670531]","Around[4.01744, 0.405636]"
49,1999,6.683551315973456,3.930034048862792,"Around[6.683551315973456, 3.930034048862792]","Around[3.789907, 0.216845]","Around[12.039823, 0.723123]","Around[4.220925, 0.436831]"
50,2000,7.045745520508219,4.140165573689573,"Around[7.045745520508219, 4.140165573689573]","Around[3.992498, 0.235151]","Around[12.685605, 0.784293]","Around[4.459133, 0.473083]"
51,2001,7.380679060785409,4.333903919414233,"Around[7.380679060785409, 4.333903919414233]","Around[4.179313, 0.253484]","Around[13.281314, 0.845527]","Around[4.68141, 0.509254]"
52,2002,7.747676004469986,4.546120394062096,"Around[7.747676004469986, 4.546120394062096]","Around[4.383891, 0.273942]","Around[13.9337, 0.913839]","Around[4.925437, 0.549551]"
53,2003,8.100316306356163,4.749569707198226,"Around[8.100316306356163, 4.749569707198226]","Around[4.579902, 0.295009]","Around[14.559184, 0.984193]","Around[5.161863, 0.590919]"
54,2004,8.548310267699197,5.008538496289205,"Around[8.548310267699197, 5.008538496289205]","Around[4.82933, 0.320829]","Around[15.354799, 1.070404]","Around[5.460802, 0.641636]"
55,2005,9.014137405521955,5.2774688990925,"Around[9.014137405521955, 5.2774688990925]","Around[5.088288, 0.34882]","Around[16.180919, 1.163822]","Around[5.773205, 0.696496]"
56,2006,9.543535625652627,5.583113190519942,"Around[9.543535625652627, 5.583113190519942]","Around[5.382504, 0.380962]","Around[17.119463, 1.271061]","Around[6.12864, 0.759431]"
57,2007,10.084062383348959,5.894732889997302,"Around[10.084062383348959, 5.894732889997302]","Around[5.68231, 0.415413]","Around[18.076096, 1.385979]","Around[6.493781, 0.826745]"
58,2008,10.429300734467814,6.0917394857013525,"Around[10.429300734467814, 6.0917394857013525]","Around[5.871471, 0.443511]","Around[18.680931, 1.479689]","Around[6.7355, 0.881229]"
59,2009,10.76239437236295,6.281192473514364,"Around[10.76239437236295, 6.281192473514364]","Around[6.053294, 0.472651]","Around[19.262278, 1.57686]","Around[6.971611, 0.937646]"
60,2010,11.260425583718808,6.566649655474436,"Around[11.260425583718808, 6.566649655474436]","Around[6.327034, 0.510937]","Around[20.137097, 1.704672]","Around[7.317146, 1.012097]"
61,2011,11.713401062113995,6.825312343733294,"Around[11.713401062113995, 6.825312343733294]","Around[6.574663, 0.549322]","Around[20.929035, 1.832843]","Around[7.636505, 1.086659]"
62,2012,12.083506085535257,7.035246626142203,"Around[12.083506085535257, 7.035246626142203]","Around[6.77502, 0.585797]","Around[21.570705, 1.95468]","Around[7.904793, 1.157456]"
63,2013,12.589582539266907,7.323909277583907,"Around[12.589582539266907, 7.323909277583907]","Around[7.050756, 0.630921]","Around[22.452744, 2.105467]","Around[8.265248, 1.245491]"
64,2014,13.088029178151885,7.607645457822207,"Around[13.088029178151885, 7.607645457822207]","Around[7.321206, 0.677846]","Around[23.318528, 2.262428]","Around[8.624354, 1.337448]"
65,2015,13.55567210313467,7.872943101861538,"Around[13.55567210313467, 7.872943101861538]","Around[7.573387, 0.725065]","Around[24.12675, 2.420619]","Around[8.96688, 1.43072]"
66,2016,14.158965178315865,8.216288153632464,"Around[14.158965178315865, 8.216288153632464]","Around[7.900153, 0.781206]","Around[25.173389, 2.608996]","Around[9.403354, 1.542941]"
67,2017,14.604200233403965,8.467090102813906,"Around[14.604200233403965, 8.467090102813906]","Around[8.137318, 0.829461]","Around[25.936204, 2.771723]","Around[9.739078, 1.641912]"
68,2018,14.97078731036076,8.671180460831739,"Around[14.97078731036076, 8.671180460831739]","Around[8.329336, 0.872082]","Around[26.557266, 2.916767]","Around[10.02576, 1.733612]"
69,2019,15.73755119097629,9.022857923494888,"Around[15.73755119097629, 9.022857923494888]","Around[8.735377, 0.672665]","Around[27.909564, 2.29879]","Around[10.567713, 1.537876]"
70,2020,16.321418009467962,9.337948323086113,"Around[16.321418009467962, 9.337948323086113]","Around[9.049007, 0.717704]","Around[28.902925, 2.451063]","Around[11.012323, 1.644817]"
71,2021,16.921232136948916,9.659446666122767,"Around[16.921232136948916, 9.659446666122767]","Around[9.370412, 0.763232]","Around[29.919797, 2.604985]","Around[11.473488, 1.755457]"
72,2022,17.53735868057093,9.987523993404704,"Around[17.53735868057093, 9.987523993404704]","Around[9.699631, 0.809405]","Around[30.960661, 2.76104]","Around[11.951784, 1.870108]"
73,2023,18.170151735767217,10.322328644304195,"Around[18.170151735767217, 10.322328644304195]","Around[10.036715, 0.856422]","Around[32.025918, 2.919835]","Around[12.447822, 1.989114]"
74,2024,18.819960523538388,10.663999963310289,"Around[18.819960523538388, 10.663999963310289]","Around[10.38172, 0.904518]","Around[33.115921, 3.082081]","Around[12.962241, 2.112856]"
75,2025,19.48713336014363,11.012676330213672,"Around[19.48713336014363, 11.012676330213672]","Around[10.734707, 0.953957]","Around[34.230987, 3.248571]","Around[13.495705, 2.241743]"
76,2026,20.172020288358475,11.368499929095375,"Around[20.172020288358475, 11.368499929095375]","Around[11.09574, 1.005028]","Around[35.371413, 3.420165]","Around[14.048908, 2.376216]"
77,2027,20.87497487605218,11.731619640965496,"Around[20.87497487605218, 11.731619640965496]","Around[11.464881, 1.058038]","Around[36.537475, 3.597774]","Around[14.622568, 2.516741]"
78,2028,21.596355480531173,12.10219286468796,"Around[21.596355480531173, 12.10219286468796]","Around[11.842194, 1.113308]","Around[37.729442, 3.782344]","Around[15.21743, 2.66381]"
79,2029,22.336526160312534,12.48038673244977,"Around[22.336526160312534, 12.48038673244977]","Around[12.227744, 1.171165]","Around[38.947569, 3.97485]","Around[15.834265, 2.817938]"
80,2030,23.095857348515693,12.866378989651027,"Around[23.095857348515693, 12.866378989651027]","Around[12.621594, 1.231944]","Around[40.192109, 4.176275]","Around[16.47387, 2.979661]"
81,2031,23.87472634693451,13.260358705927974,"Around[23.87472634693451, 13.260358705927974]","Around[13.023807, 1.295977]","Around[41.463306, 4.387605]","Around[17.137066, 3.149537]"
82,2032,24.673517692727323,13.66252690339995,"Around[24.673517692727323, 13.66252690339995]","Around[13.434446, 1.363595]","Around[42.761402, 4.609819]","Around[17.824705, 3.328141]"
83,2033,25.49262341309336,14.07309716439348,"Around[25.49262341309336, 14.07309716439348]","Around[13.853574, 1.43512]","Around[44.086637, 4.843875]","Around[18.537659, 3.516065]"
84,2034,26.3324431918782,14.492296242742546,"Around[26.3324431918782, 14.492296242742546]","Around[14.281252, 1.510866]","Around[45.439247, 5.090708]","Around[19.276831, 3.713922]"
85,2035,27.19338445468008,14.920364696747281,"Around[27.19338445468008, 14.920364696747281]","Around[14.717543, 1.591135]","Around[46.819466, 5.351223]","Around[20.043144, 3.922335]"
86,2036,28.075862378277478,15.357557549514201,"Around[28.075862378277478, 15.357557549514201]","Around[15.162508, 1.676214]","Around[48.227529, 5.626288]","Around[20.837551, 4.141945]"
87,2037,28.980299830792774,15.80414497417563,"Around[28.980299830792774, 15.80414497417563]","Around[15.616208, 1.766378]","Around[49.663667, 5.916731]","Around[21.661025, 4.373407]"
88,2038,29.90712724793827,16.26041299666548,"Around[29.90712724793827, 16.26041299666548]","Around[16.078703, 1.861886]","Around[51.128114, 6.22334]","Around[22.514565, 4.617388]"
89,2039,30.85678243163987,16.726664218865935,"Around[30.85678243163987, 16.726664218865935]","Around[16.550056, 1.962982]","Around[52.6211, 6.546861]","Around[23.399191, 4.874566]"
90,2040,31.82971027950786,17.203218545709994,"Around[31.82971027950786, 17.203218545709994]","Around[17.030326, 2.069895]","Around[54.142858, 6.887999]","Around[24.315947, 5.145633]"
91,2041,32.82636246314284,17.690413890608937,"Around[32.82636246314284, 17.690413890608937]","Around[17.519574, 2.182841]","Around[55.693618, 7.247417]","Around[25.265896, 5.431289]"
92,2042,33.847197005518616,18.18860688185318,"Around[33.847197005518616, 18.18860688185318]","Around[18.01786, 2.302022]","Around[57.273612, 7.625742]","Around[26.250119, 5.732246]"
93,2043,34.892677812582306,18.698173513082526,"Around[34.892677812582306, 18.698173513082526]","Around[18.525245, 2.427628]","Around[58.883073, 8.023562]","Around[27.269716, 6.049222]"
94,2044,35.96327411878486,19.219509751628557,"Around[35.96327411878486, 19.219509751628557]","Around[19.041789, 2.559839]","Around[60.52223, 8.441432]","Around[28.325803, 6.382946]"
95,2045,37.05945985953904,19.753032076247536,"Around[37.05945985953904, 19.753032076247536]","Around[19.567553, 2.698824]","Around[62.191317, 8.879878]","Around[29.41951, 6.734151]"
96,2046,38.18171294980339,20.299177940991004,"Around[38.18171294980339, 20.299177940991004]","Around[20.102596, 2.844744]","Around[63.890564, 9.339395]","Around[30.551979, 7.103579]"
97,2047,39.33051452041975,20.858406108710163,"Around[39.33051452041975, 20.858406108710163]","Around[20.646979, 2.997751]","Around[65.620204, 9.820456]","Around[31.72436, 7.491975]"
98,2048,40.506348034431824,21.431196890221333,"Around[40.506348034431824, 21.431196890221333]","Around[21.200763, 3.157994]","Around[67.380467, 10.323509]","Around[32.937814, 7.900088]"
99,2049,41.70969833259758,22.018052233765395,"Around[41.70969833259758, 22.018052233765395]","Around[21.764007, 3.325612]","Around[69.171586, 10.848983]","Around[34.193502, 8.328667]"
100,2050,42.94105061135355,22.61949564288654,"Around[42.94105061135355, 22.61949564288654]","Around[22.336771, 3.500744]","Around[70.99379, 11.397292]","Around[35.492591, 8.778465]"
101,2051,44.20088926049823,23.236071954553818,"Around[44.20088926049823, 23.236071954553818]","Around[22.919115, 3.683521]","Around[72.847309, 11.968831]","Around[36.836244, 9.250232]"
102,2052,45.48969673161963,23.868346838435965,"Around[45.48969673161963, 23.868346838435965]","Around[23.511099, 3.874075]","Around[74.732372, 12.563984]","Around[38.225619, 9.744713]"
103,2053,46.80795216382539,24.516906191652232,"Around[46.80795216382539, 24.516906191652232]","Around[24.112782, 4.072533]","Around[76.649207, 13.183123]","Around[39.661868, 10.262652]"
104,2054,48.1561300169127,25.18235523672589,"Around[48.1561300169127, 25.18235523672589]","Around[24.724223, 4.279021]","Around[78.598038, 13.826609]","Around[41.146129, 10.804781]"
105,2055,49.53469860778311,25.865317381501175,"Around[49.53469860778311, 25.865317381501175]","Around[25.34548, 4.493663]","Around[80.579091, 14.494796]","Around[42.679525, 11.371827]"
106,2056,50.944118569685244,26.566432814719423,"Around[50.944118569685244, 26.566432814719423]","Around[25.976611, 4.716584]","Around[82.592586, 15.188028]","Around[44.263158, 11.964499]"
107,2057,52.38484109745664,27.28635692067672,"Around[52.38484109745664, 27.28635692067672]","Around[26.617674, 4.947907]","Around[84.638742, 15.906643]","Around[45.898107, 12.583496]"
108,2058,53.85730634300117,28.0257582546516,"Around[53.85730634300117, 28.0257582546516]","Around[27.268725, 5.187754]","Around[86.717774, 16.650971]","Around[47.585421, 13.229497]"
109,2059,55.36194143679832,28.78531643458339,"Around[55.36194143679832, 28.78531643458339]","Around[27.929818, 5.436249]","Around[88.829891, 17.421338]","Around[49.326115, 13.903157]"
110,2060,56.899158685910656,29.56571956944024,"Around[56.899158685910656, 29.56571956944024]","Around[28.601009, 5.693515]","Around[90.975302, 18.218063]","Around[51.121165, 14.60511]"
111,2061,58.46935346192252,30.367661558935445,"Around[58.46935346192252, 30.367661558935445]","Around[29.282349, 5.959675]","Around[93.154207, 19.04146]","Around[52.971504, 15.335962]"
112,2062,60.07290217929489,31.191838995826945,"Around[60.07290217929489, 31.191838995826945]","Around[29.973891, 6.234854]","Around[95.3668, 19.891835]","Around[54.878015, 16.096284]"
113,2063,61.710160120468586,32.03894784583851,"Around[61.710160120468586, 32.03894784583851]","Around[30.675683, 6.519177]","Around[97.613271, 20.769493]","Around[56.841526, 16.886616]"
114,2064,63.381459016126364,32.90967997608245,"Around[63.381459016126364, 32.90967997608245]","Around[31.387774, 6.81277]","Around[99.893801, 21.674729]","Around[58.862803, 17.707454]"
115,2065,65.08710492389781,33.80471918293188,"Around[65.08710492389781, 33.80471918293188]","Around[32.110207, 7.115759]","Around[102.20856, 22.607832]","Around[60.942547, 18.559255]"
116,2066,66.82737559115328,34.72473728271061,"Around[66.82737559115328, 34.72473728271061]","Around[32.843026, 7.428272]","Around[104.557713, 23.569086]","Around[63.081387, 19.442426]"
117,2067,68.60251808703954,35.67038975930225,"Around[68.60251808703954, 35.67038975930225]","Around[33.586271, 7.750437]","Around[106.941411, 24.558767]","Around[65.279872, 20.357323]"
118,2068,70.41274605926093,36.64231142096887,"Around[70.41274605926093, 36.64231142096887]","Around[34.339978, 8.082385]","Around[109.359795, 25.577142]","Around[67.538465, 21.304247]"
119,2069,72.25823717973645,37.641111714952224,"Around[72.25823717973645, 37.641111714952224]","Around[35.10418, 8.424245]","Around[111.812993, 26.624471]","Around[69.857538, 22.283436]"
120,2070,74.1391302962053,38.66737004491894,"Around[74.1391302962053, 38.66737004491894]","Around[35.878906, 8.77615]","Around[114.301119, 27.701004]","Around[72.237367, 23.295067]"
121,2071,76.0555225978556,39.721630911526425,"Around[76.0555225978556, 39.721630911526425]","Around[36.66418, 9.138232]","Around[116.82427, 28.806978]","Around[74.678118, 24.339244]"
122,2072,78.00746667758443,40.80439897987223,"Around[78.00746667758443, 40.80439897987223]","Around[37.460023, 9.510626]","Around[119.382527, 29.942623]","Around[77.17985, 25.415999]"
123,2073,79.9949675234677,41.9161340757864,"Around[79.9949675234677, 41.9161340757864]","Around[38.266449, 9.893466]","Around[121.975952, 31.108152]","Around[79.742501, 26.525285]"
124,2074,82.01797934410102,43.057246195820206,"Around[82.01797934410102, 43.057246195820206]","Around[39.083468, 10.28689]","Around[124.604588, 32.303767]","Around[82.365882, 27.666973]"
125,2075,84.07640228874739,44.22809051121052,"Around[84.07640228874739, 44.22809051121052]","Around[39.911081, 10.691034]","Around[127.268454, 33.529652]","Around[85.049672, 28.840845]"
126,2076,86.17007929929179,45.428962233351655,"Around[86.17007929929179, 45.428962233351655]","Around[40.749284, 11.106038]","Around[129.967545, 34.785977]","Around[87.793409, 30.046591]"
127,2077,88.2987924777869,46.66009175326041,"Around[88.2987924777869, 46.66009175326041]","Around[41.598065, 11.532041]","Around[132.701829, 36.072891]","Around[90.596483, 31.283803]"
128,2078,90.46225953875276,47.92163970196116,"Around[90.46225953875276, 47.92163970196116]","Around[42.457405, 11.969183]","Around[135.471246, 37.390525]","Around[93.458128, 32.551975]"
129,2079,92.6601301786505,49.21369205373973,"Around[92.6601301786505, 49.21369205373973]","Around[43.327273, 12.417608]","Around[138.275705, 38.738988]","Around[96.377412, 33.85049]"
130,2080,94.89198216087965,50.53625541231881,"Around[94.89198216087965, 50.53625541231881]","Around[44.207631, 12.877459]","Around[141.11508, 40.118362]","Around[99.353235, 35.178623]"
131,2081,97.15731734338294,51.88925234817387,"Around[97.15731734338294, 51.88925234817387]","Around[45.098431, 13.348879]","Around[143.989209, 41.528705]","Around[102.384313, 36.535532]"
132,2082,99.45555752608472,53.27251688411391,"Around[99.45555752608472, 53.27251688411391]","Around[45.99961, 13.832014]","Around[146.897888, 42.970049]","Around[105.469175, 37.920256]"
133,2083,101.78604020751064,54.685790098653,"Around[101.78604020751064, 54.685790098653]","Around[46.911095, 14.327011]","Around[149.840873, 44.44239]","Around[108.606153, 39.331709]"
134,2084,104.14801412422813,56.12871596985885,"Around[104.14801412422813, 56.12871596985885]","Around[47.832801, 14.834017]","Around[152.81787, 45.945696]","Around[111.793372, 40.768674]"
135,2085,106.54063485881838,57.600837347942345,"Around[106.54063485881838, 57.600837347942345]","Around[48.764625, 15.353179]","Around[155.828536, 47.479896]","Around[115.028744, 42.229804]"
136,2086,108.96296009149216,59.1015924235853,"Around[108.96296009149216, 59.1015924235853]","Around[49.706452, 15.884649]","Around[158.872474, 49.044882]","Around[118.309955, 43.713612]"
137,2087,111.41394534015059,60.63031133100842,"Around[111.41394534015059, 60.63031133100842]","Around[50.658147, 16.428576]","Around[161.949228, 50.640504]","Around[121.63446, 45.218471]"
138,2088,113.89243922778499,62.18621371304904,"Around[113.89243922778499, 62.18621371304904]","Around[51.619561, 16.985112]","Around[165.058281, 52.266573]","Around[124.999475, 46.742612]"
139,2089,116.39718009139678,63.768406496236956,"Around[116.39718009139678, 63.768406496236956]","Around[52.590523, 17.554411]","Around[168.199049, 53.922851]","Around[128.401968, 48.284118]"
140,2090,118.92679219689977,65.37588344184967,"Around[118.92679219689977, 65.37588344184967]","Around[53.570844, 18.136629]","Around[171.370878, 55.609056]","Around[131.838654, 49.840932]"
141,2091,121.47978349851489,67.00752602937334,"Around[121.47978349851489, 67.00752602937334]","Around[54.560314, 18.731923]","Around[174.573042, 57.324863]","Around[135.305995, 51.410854]"
142,2092,124.05454582060922,68.66210620866751,"Around[124.05454582060922, 68.66210620866751]","Around[55.558702, 19.340459]","Around[177.804739, 59.069899]","Around[138.800197, 52.99155]"
143,2093,126.64935594564251,70.33829338359496,"Around[126.64935594564251, 70.33829338359496]","Around[56.565755, 19.962405]","Around[181.065093, 60.843755]","Around[142.31722, 54.580564]"
144,2094,129.26238150987453,72.03466536990686,"Around[129.26238150987453, 72.03466536990686]","Around[57.581198, 20.597935]","Around[184.353153, 62.64599]","Around[145.852794, 56.175341]"
145,2095,131.89169342744304,73.74972521573221,"Around[131.89169342744304, 73.74972521573221]","Around[58.604739, 21.247243]","Around[187.667898, 64.476145]","Around[149.402443, 57.773257]"
146,2096,134.53528371436022,75.48192850026075,"Around[134.53528371436022, 75.48192850026075]","Around[59.636067, 21.910534]","Around[191.008249, 66.333764]","Around[152.961535, 59.37167]"
147,2097,137.19109643558753,77.22972211294874,"Around[137.19109643558753, 77.22972211294874]","Around[60.674859, 22.588045]","Around[194.373082, 68.218429]","Around[156.525348, 60.967986]"
148,2098,139.85707314318742,78.9916013161923,"Around[139.85707314318742, 78.9916013161923]","Around[61.720785, 23.280046]","Around[197.761258, 70.1298]","Around[160.089176, 62.559767]"
149,2099,142.5312208394158,80.76619088355953,"Around[142.5312208394158, 80.76619088355953]","Around[62.773521, 23.986863]","Around[201.171661, 72.067693]","Around[163.648481, 64.144875]"
150,2100,145.21489185243723,82.55208571284284,"Around[145.21489185243723, 82.55208571284284]","Around[63.835406, 24.707638]","Around[204.606729, 74.030814]","Around[167.202541, 65.7213]"
151,2101,147.89990742983716,84.34839377154961,"Around[147.89990742983716, 84.34839377154961]","Around[64.900599, 25.444563]","Around[208.05798, 76.021354]","Around[170.741144, 67.287606]"
152,2102,150.58457950830086,86.15586643151019,"Around[150.58457950830086, 86.15586643151019]","Around[65.967343, 26.199425]","Around[211.523911, 78.041511]","Around[174.262484, 68.84446]"
153,2103,153.2773085098314,87.97570691077358,"Around[153.2773085098314, 87.97570691077358]","Around[67.041527, 26.971295]","Around[215.014339, 80.090772]","Around[177.77606, 70.392973]"
154,2104,155.9799625800438,89.80874218652052,"Around[155.9799625800438, 89.80874218652052]","Around[68.12369, 27.760787]","Around[218.532185, 82.169706]","Around[181.284013, 71.933252]"
155,2105,158.6938730079421,91.65553992749119,"Around[158.6938730079421, 91.65553992749119]","Around[69.214225, 28.568508]","Around[222.079708, 84.278771]","Around[184.787686, 73.465148]"
156,2106,161.41994247421528,93.51646855300021,"Around[161.41994247421528, 93.51646855300021]","Around[70.313395, 29.395063]","Around[225.658653, 86.418345]","Around[188.28778, 74.988312]"
157,2107,164.1587349345765,95.39174660253234,"Around[164.1587349345765, 95.39174660253234]","Around[71.421369, 30.241067]","Around[229.270357, 88.588748]","Around[191.784479, 76.50224]"
158,2108,166.91054575391502,97.28148458780214,"Around[166.91054575391502, 97.28148458780214]","Around[72.538228, 31.107136]","Around[232.915847, 90.790263]","Around[195.277562, 78.006313]"
159,2109,169.67546379078593,99.18571687416369,"Around[169.67546379078593, 99.18571687416369]","Around[73.663999, 31.99392]","Around[236.595907, 93.023148]","Around[198.766486, 79.499832]"
160,2110,172.45340787886684,101.10443350302782,"Around[172.45340787886684, 101.10443350302782]","Around[74.798628, 32.902053]","Around[240.311131, 95.287647]","Around[202.250465, 80.982046]"
161,2111,175.24417364899787,103.03759498761929,"Around[175.24417364899787, 103.03759498761929]","Around[75.942029, 33.832218]","Around[244.061966, 97.583989]","Around[205.728526, 82.45218]"
162,2112,178.04745373915992,104.9851476393304,"Around[178.04745373915992, 104.9851476393304]","Around[77.094061, 34.785094]","Around[247.848735, 99.91238]","Around[209.199565, 83.909459]"
163,2113,180.86285145518548,106.94703553462546,"Around[180.86285145518548, 106.94703553462546]","Around[78.254522, 35.761383]","Around[251.671646, 102.272978]","Around[212.662387, 85.353125]"
164,2114,183.68990866977052,108.92317849393572,"Around[183.68990866977052, 108.92317849393572]","Around[79.423195, 36.761825]","Around[255.530792, 104.665846]","Around[216.115739, 86.78246]"
165,2115,186.52809214472754,110.91346391889304,"Around[186.52809214472754, 110.91346391889304]","Around[80.599807, 37.787172]","Around[259.42612, 107.090877]","Around[219.558349, 88.196799]"
166,2116,189.37679257240578,112.91770136552579,"Around[189.37679257240578, 112.91770136552579]","Around[81.784053, 38.838209]","Around[263.35738, 109.547676]","Around[222.988945, 89.595551]"
167,2117,192.23529718655632,114.93555999146211,"Around[192.23529718655632, 114.93555999146211]","Around[82.975571, 39.91573]","Around[267.324038, 112.03538]","Around[226.406283, 90.978208]"
168,2118,195.10293576195602,116.96696242950155,"Around[195.10293576195602, 116.96696242950155]","Around[84.173887, 41.020618]","Around[271.325755, 114.553538]","Around[229.809166, 92.344363]"
169,2119,197.9794715823558,119.01259725850049,"Around[197.9794715823558, 119.01259725850049]","Around[85.378741, 42.153694]","Around[275.36321, 117.103637]","Around[233.196464, 93.693723]"
170,2120,200.86450557602274,121.07313408005574,"Around[200.86450557602274, 121.07313408005574]","Around[86.589567, 43.315895]","Around[279.436817, 119.686698]","Around[236.567133, 95.026121]"
171,2121,203.7576201196969,123.14915688313295,"Around[203.7576201196969, 123.14915688313295]","Around[87.805836, 44.508165]","Around[283.546799, 122.303422]","Around[239.920225, 96.341532]"
172,2122,206.65836543508726,125.2412220231969,"Around[206.65836543508726, 125.2412220231969]","Around[89.026969, 45.731491]","Around[287.693214, 124.954242]","Around[243.254913, 97.64008]"
173,2123,209.56627046709738,127.34987350033977,"Around[209.56627046709738, 127.34987350033977]","Around[90.252345, 46.986922]","Around[291.875973, 127.639369]","Around[246.570494, 98.922053]"
174,2124,212.48087433214818,129.47561557975675,"Around[212.48087433214818, 129.47561557975675]","Around[91.481389, 48.275555]","Around[296.094829, 130.358799]","Around[249.866405, 100.187909]"
175,2125,215.40158201485977,131.6190362272226,"Around[215.40158201485977, 131.6190362272226]","Around[92.713155, 49.59851]","Around[300.349356, 133.112304]","Around[253.142234, 101.438283]"
176,2126,218.3278571798184,133.78058400184383,"Around[218.3278571798184, 133.78058400184383]","Around[93.946953, 50.957005]","Around[304.638897, 135.89939]","Around[256.397721, 102.673988]"
177,2127,221.25913493193536,135.96078272344982,"Around[221.25913493193536, 135.96078272344982]","Around[95.181922, 52.352306]","Around[308.962723, 138.719469]","Around[259.63276, 103.896007]"
178,2128,224.1951546234416,138.16068038318434,"Around[224.1951546234416, 138.16068038318434]","Around[96.417138, 53.785754]","Around[313.320934, 141.57279]","Around[262.847392, 105.105482]"
179,2129,227.1355972207527,140.38128074433345,"Around[227.1355972207527, 140.38128074433345]","Around[97.651603, 55.258758]","Around[317.713406, 144.459368]","Around[266.041782, 106.303678]"
180,2130,230.0802190912804,142.62347457060676,"Around[230.0802190912804, 142.62347457060676]","Around[98.884615, 56.773088]","Around[322.139852, 147.379053]","Around[269.21619, 107.491933]"
181,2131,233.0283648913569,144.88837542178948,"Around[233.0283648913569, 144.88837542178948]","Around[100.114329, 58.329817]","Around[326.599858, 150.331566]","Around[272.370908, 108.671579]"
182,2132,235.979637564704,147.17679722400163,"Around[235.979637564704, 147.17679722400163]","Around[101.33984, 59.930857]","Around[331.092904, 153.316523]","Around[275.506169, 109.843809]"
183,2133,238.93342781559224,149.48953638780046,"Around[238.93342781559224, 149.48953638780046]","Around[102.559876, 61.578075]","Around[335.618388, 156.333461]","Around[278.622019, 111.009499]"
184,2134,241.88925559547468,151.82766119455997,"Around[241.88925559547468, 151.82766119455997]","Around[103.772969, 63.273271]","Around[340.175639, 159.38185]","Around[281.719158, 112.170401]"
185,2135,244.8466428715317,154.19225970722462,"Around[244.8466428715317, 154.19225970722462]","Around[104.977636, 65.018516]","Around[344.76393, 162.461106]","Around[284.798363, 113.328328]"
186,2136,247.80505182061518,156.58429593049905,"Around[247.80505182061518, 156.58429593049905]","Around[106.172512, 66.816259]","Around[349.382482, 165.570601]","Around[287.860161, 114.484718]"
187,2137,250.763565206085,159.0047955763363,"Around[250.763565206085, 159.0047955763363]","Around[107.355376, 68.668204]","Around[354.030478, 168.709671]","Around[290.904842, 115.640678]"
188,2138,253.72140603848598,161.454582808043,"Around[253.72140603848598, 161.454582808043]","Around[108.524732, 70.577261]","Around[358.707059, 171.87762]","Around[293.932426, 116.796955]"
189,2139,256.6775554531698,163.9344832997976,"Around[256.6775554531698, 163.9344832997976]","Around[109.678658, 72.546111]","Around[363.411335, 175.07372]","Around[296.942673, 117.953967]"
190,2140,259.63103517422786,166.44556305812674,"Around[259.63103517422786, 166.44556305812674]","Around[110.814826, 74.577159]","Around[368.142377, 178.297222]","Around[299.935902, 119.112658]"
191,2141,262.58086872133964,168.98879758626194,"Around[262.58086872133964, 168.98879758626194]","Around[111.931246, 76.6738]","Around[372.899223, 181.547348]","Around[302.912137, 120.273624]"
192,2142,265.52600582300255,171.56511347906385,"Around[265.52600582300255, 171.56511347906385]","Around[113.02595, 78.839675]","Around[377.680869, 184.823298]","Around[305.871199, 121.437209]"
193,2143,268.46490406293265,174.17564830182042,"Around[268.46490406293265, 174.17564830182042]","Around[114.095691, 81.077459]","Around[382.486267, 188.124251]","Around[308.812753, 122.603568]"
194,2144,271.39618548175713,176.8214189346122,"Around[271.39618548175713, 176.8214189346122]","Around[115.137871, 83.390768]","Around[387.314314, 191.449363]","Around[311.736372, 123.772713]"
195,2145,274.31863639553177,179.50345820712712,"Around[274.31863639553177, 179.50345820712712]","Around[116.15052, 85.784969]","Around[392.163834, 194.79777]","Around[314.641555, 124.944553]"
196,2146,277.2306383534654,182.22295400274135,"Around[277.2306383534654, 182.22295400274135]","Around[117.13059, 88.264246]","Around[397.03356, 198.168589]","Around[317.527765, 126.118918]"
197,2147,280.13012575037624,184.98125920345265,"Around[280.13012575037624, 184.98125920345265]","Around[118.073829, 90.831491]","Around[401.922108, 201.560922]","Around[320.39444, 127.295585]"
198,2148,283.0191254511217,187.77661766174208,"Around[283.0191254511217, 187.77661766174208]","Around[118.988047, 93.493534]","Around[406.828316, 204.973803]","Around[323.241013, 128.474293]"
199,2149,285.8896635891622,190.6165092847129,"Around[285.8896635891622, 190.6165092847129]","Around[119.850995, 96.256626]","Around[411.751078, 208.406221]","Around[326.066918, 129.654753]"
200,2150,288.74286165313146,193.4997675319224,"Around[288.74286165313146, 193.4997675319224]","Around[120.667831, 99.12578]","Around[416.689163, 211.857142]","Around[328.87159, 130.836658]"
201,2151,291.5762861994247,196.42833132478165,"Around[291.5762861994247, 196.42833132478165]","Around[121.43315, 102.104969]","Around[421.641243, 215.325505]","Around[331.654465, 132.019687]"
202,2152,294.38874692470415,199.40399608425574,"Around[294.38874692470415, 199.40399608425574]","Around[122.145379, 105.204828]","Around[426.605897, 218.810219]","Around[334.414964, 133.203507]"
203,2153,297.17730584358435,202.42909271312078,"Around[297.17730584358435, 202.42909271312078]","Around[122.797822, 108.429071]","Around[431.581617, 222.310159]","Around[337.152478, 134.38777]"
204,2154,299.9431658219348,205.50248583230945,"Around[299.9431658219348, 205.50248583230945]","Around[123.396355, 111.783659]","Around[436.566811, 225.824164]","Around[339.866332, 135.57211]"
205,2155,302.6797761790672,208.6329988237949,"Around[302.6797761790672, 208.6329988237949]","Around[123.923786, 115.292617]","Around[441.559801, 229.351038]","Around[342.555742, 136.756133]"
206,2156,305.380916589176,211.82153075099697,"Around[305.380916589176, 211.82153075099697]","Around[124.363749, 118.93228]","Around[446.558818, 232.889548]","Around[345.220183, 137.939479]"
207,2157,308.04346299646477,215.07118751515196,"Around[308.04346299646477, 215.07118751515196]","Around[124.709361, 122.711083]","Around[451.561994, 236.438424]","Around[347.859035, 139.121765]"
208,2158,310.68899661961814,218.38080884997999,"Around[310.68899661961814, 218.38080884997999]","Around[125.028068, 126.742981]","Around[456.567345, 239.996368]","Around[350.471577, 140.302574]"
209,2159,313.31033665256086,221.75515781310324,"Around[313.31033665256086, 221.75515781310324]","Around[125.301243, 131.018914]","Around[461.572756, 243.562055]","Around[353.057011, 141.481463]"
210,2160,315.878273671892,225.20573484966954,"Around[315.878273671892, 225.20573484966954]","Around[125.444392, 135.45758]","Around[466.575948, 247.13415]","Around[355.614481, 142.657956]"
211,2161,318.40228147662924,228.72923870705753,"Around[318.40228147662924, 228.72923870705753]","Around[125.489254, 140.094835]","Around[471.574516, 250.711275]","Around[358.143075, 143.831545]"
212,2162,320.8854156351868,232.3322659629869,"Around[320.8854156351868, 232.3322659629869]","Around[125.448016, 144.985757]","Around[476.566388, 254.291761]","Around[360.641843, 145.001689]"
213,2163,323.3314852362371,236.01930964473584,"Around[323.3314852362371, 236.01930964473584]","Around[125.335367, 150.173955]","Around[481.54929, 257.873926]","Around[363.109798, 146.167815]"
214,2164,325.72570079071903,239.7982644745534,"Around[325.72570079071903, 239.7982644745534]","Around[125.110407, 155.631189]","Around[486.520782, 261.456057]","Around[365.545913, 147.329309]"
215,2165,328.0636796448293,243.6759469308984,"Around[328.0636796448293, 243.6759469308984]","Around[124.763658, 161.373974]","Around[491.478258, 265.036398]","Around[367.949122, 148.485522]"
216,2166,330.3690650874683,247.63722608461543,"Around[330.3690650874683, 247.63722608461543]","Around[124.369924, 167.431771]","Around[496.418958, 268.61314]","Around[370.318313, 149.635765]"
217,2167,332.5826778438664,251.73486690251335,"Around[332.5826778438664, 251.73486690251335]","Around[123.755754, 173.806826]","Around[501.339966, 272.184412]","Around[372.652314, 150.779315]"
218,2168,334.73372777174905,255.95581000525664,"Around[334.73372777174905, 255.95581000525664]","Around[123.013094, 180.560171]","Around[506.238211, 275.748272]","Around[374.949878, 151.915412]"
219,2169,336.8030037273439,260.31109981319054,"Around[336.8030037273439, 260.31109981319054]","Around[122.088883, 187.660816]","Around[511.110467, 279.302702]","Around[377.209661, 153.043262]"
220,2170,338.8032071714962,264.8065147531498,"Around[338.8032071714962, 264.8065147531498]","Around[121.026093, 195.185502]","Around[515.953348, 282.845601]","Around[379.43018, 154.162054]"
221,2171,340.73199185859835,269.45133557319764,"Around[340.73199185859835, 269.45133557319764]","Around[119.822895, 203.160964]","Around[520.763302, 286.374778]","Around[381.609778, 155.270959]"
222,2172,342.5940730359577,274.2525356190428,"Around[342.5940730359577, 274.2525356190428]","Around[118.498629, 211.628196]","Around[525.536607, 289.887942]","Around[383.746982, 156.369013]"
223,2173,344.34882370911373,279.23765301837085,"Around[344.34882370911373, 279.23765301837085]","Around[116.936988, 220.544702]","Around[530.269364, 293.382702]","Around[385.840119, 157.455233]"
224,2174,346.01744879620543,284.41495351495973,"Around[346.01744879620543, 284.41495351495973]","Around[115.207519, 230.016582]","Around[534.957488, 296.856557]","Around[387.88734, 158.52861]"
225,2175,347.59400839078376,289.80190320051986,"Around[347.59400839078376, 289.80190320051986]","Around[113.298686, 240.08186]","Around[539.5967, 300.30689]","Around[389.886639, 159.588097]"
226,2176,349.06754718847566,295.4180923614035,"Around[349.06754718847566, 295.4180923614035]","Around[111.184257, 250.766885]","Around[544.18252, 303.730959]","Around[391.835864, 160.632599]"
227,2177,350.4778094294301,301.2846773430477,"Around[350.4778094294301, 301.2846773430477]","Around[108.990454, 262.270643]","Around[548.710255, 307.125896]","Around[393.73272, 161.660966]"
228,2178,351.7714389640339,307.43224582761013,"Around[351.7714389640339, 307.43224582761013]","Around[106.56456, 274.506732]","Around[553.174988, 310.488692]","Around[395.57477, 162.671989]"
229,2179,352.9508092192406,313.88032685723994,"Around[352.9508092192406, 313.88032685723994]","Around[103.921414, 287.533266]","Around[557.57157, 313.816197]","Around[397.359444, 163.664387]"
230,2180,353.9996713492289,320.6651596251904,"Around[353.9996713492289, 320.6651596251904]","Around[101.020381, 301.407123]","Around[561.894606, 317.105107]","Around[399.084028, 164.63681]"
231,2181,354.90746277690664,327.8224680218503,"Around[354.90746277690664, 327.8224680218503]","Around[97.838283, 316.19607]","Around[566.138445, 320.35196]","Around[400.745661, 165.58783]"
232,2182,355.6539118713156,335.3960492437137,"Around[355.6539118713156, 335.3960492437137]","Around[94.323237, 331.962886]","Around[570.297166, 323.553122]","Around[402.341332, 166.515935]"
233,2183,356.2657472280098,343.4397102628838,"Around[356.2657472280098, 343.4397102628838]","Around[90.564805, 348.929023]","Around[574.364567, 326.704786]","Around[403.86787, 167.419531]"
234,2184,356.6675590211596,352.0404028167392,"Around[356.6675590211596, 352.0404028167392]","Around[86.346592, 367.129901]","Around[578.334149, 329.802956]","Around[405.321936, 168.296937]"
235,2185,356.8785281913232,361.2116410082316,"Around[356.8785281913232, 361.2116410082316]","Around[81.73648, 386.61377]","Around[582.199104, 332.843442]","Around[406.700001, 169.146384]"
236,2186,356.83614637563403,371.0657608497815,"Around[356.83614637563403, 371.0657608497815]","Around[76.557795, 407.528244]","Around[585.952302, 335.821848]","Around[407.998343, 169.96602]"
237,2187,356.4981625300187,381.70860914157515,"Around[356.4981625300187, 381.70860914157515]","Around[70.695195, 430.042947]","Around[589.586273, 338.733562]","Around[409.21302, 170.753909]"
238,2188,355.85741775066356,393.2810052028587,"Around[355.85741775066356, 393.2810052028587]","Around[64.139157, 454.501665]","Around[593.093198, 341.573749]","Around[410.339898, 171.50801]"
239,2189,354.86924008433846,405.9596006499197,"Around[354.86924008433846, 405.9596006499197]","Around[56.768158, 481.238127]","Around[596.464886, 344.337335]","Around[411.374676, 172.226146]"
240,2190,353.4345423306443,419.9782928760527,"Around[353.4345423306443, 419.9782928760527]","Around[48.29806, 510.605207]","Around[599.692765, 347.019]","Around[412.312801, 172.906049]"
241,2191,351.4735947297502,435.588695451356,"Around[351.4735947297502, 435.588695451356]","Around[38.503435, 543.025349]","Around[602.767866, 349.613165]","Around[413.149483, 173.545348]"
242,2192,349.001677213785,453.2364182268204,"Around[349.001677213785, 453.2364182268204]","Around[27.444541, 579.602213]","Around[605.680804, 352.113984]","Around[413.879688, 174.141558]"
243,2193,345.74309702693455,473.3592612468147,"Around[345.74309702693455, 473.3592612468147]","Around[14.309378, 620.761916]","Around[608.421765, 354.515328]","Around[414.498148, 174.69205]"
244,2194,341.62827569383796,496.72747374645735,"Around[341.62827569383796, 496.72747374645735]","Around[-1.094995, 668.155006]","Around[610.980493, 356.810778]","Around[414.999329, 175.194112]"
245,2195,336.2810638374212,524.1724793623198,"Around[336.2810638374212, 524.1724793623198]","Around[-19.880554, 722.909811]","Around[613.34627, 358.993609]","Around[415.377476, 175.644843]"
246,2196,329.51662256749563,556.9694104707111,"Around[329.51662256749563, 556.9694104707111]","Around[-42.584617, 787.515022]","Around[615.507905, 361.056786]","Around[415.626579, 176.041203]"
247,2197,320.81430660368665,596.7285692277138,"Around[320.81430660368665, 596.7285692277138]","Around[-70.751179, 864.53447]","Around[617.453722, 362.992947]","Around[415.740377, 176.379999]"
248,2198,309.8852170445829,645.7839632382116,"Around[309.8852170445829, 645.7839632382116]","Around[-105.228248, 958.452228]","Around[619.171545, 364.794395]","Around[415.712354, 176.657872]"
249,2199,399.4286643465291,350.25859056762437,"Around[399.4286643465291, 350.25859056762437]","Around[162.10152, 353.43752]","Around[620.648709, 366.453067]","Around[415.535764, 176.871246]"
250,2200,411.41876137825807,326.92995901623834,"Around[411.41876137825807, 326.92995901623834]","Around[197.180718, 297.371251]","Around[621.87203, 367.960546]","Around[415.203536, 177.016492]"
251,2201,411.0694421709869,331.565358949041,"Around[411.0694421709869, 331.565358949041]","Around[195.672132, 310.694032]","Around[622.827798, 369.308056]","Around[414.708396, 177.089697]"
252,2202,411.1503707759906,335.3608457452606,"Around[411.1503707759906, 335.3608457452606]","Around[195.906538, 322.567562]","Around[623.501777, 370.486449]","Around[414.042798, 177.086804]"
253,2203,414.05197100516494,333.10603912919623,"Around[414.05197100516494, 333.10603912919623]","Around[205.077787, 320.456558]","Around[623.8792, 371.486205]","Around[413.198926, 177.003569]"
254,2204,414.17241672520277,335.62813929084774,"Around[414.17241672520277, 335.62813929084774]","Around[206.403754, 329.407832]","Around[623.944784, 372.297419]","Around[412.168712, 176.835579]"
255,2205,415.50464630712133,335.08370387136637,"Around[415.50464630712133, 335.08370387136637]","Around[211.887332, 331.25733]","Around[623.682722, 372.909813]","Around[410.943885, 176.578161]"
256,2206,415.8795977860122,336.4391123911122,"Around[415.8795977860122, 336.4391123911122]","Around[215.046313, 338.328086]","Around[623.076719, 373.312727]","Around[409.515762, 176.226756]"
257,2207,416.1888974060041,336.43521534890255,"Around[416.1888974060041, 336.43521534890255]","Around[218.581126, 341.496332]","Around[622.109996, 373.495129]","Around[407.87557, 175.776386]"
258,2208,416.2420971286335,337.22223494776915,"Around[416.2420971286335, 337.22223494776915]","Around[221.946727, 347.645763]","Around[620.765333, 373.445624]","Around[406.014232, 175.222048]"
259,2209,415.49344648457685,336.866473676345,"Around[415.49344648457685, 336.866473676345]","Around[223.532812, 349.321757]","Around[619.025096, 373.152471]","Around[403.922431, 174.558668]"
260,2210,414.4743157598557,336.623561622415,"Around[414.4743157598557, 336.623561622415]","Around[224.960955, 351.829692]","Around[616.871301, 372.603601]","Around[401.590691, 173.781042]"
261,2211,413.38338711374695,336.3927075080919,"Around[413.38338711374695, 336.3927075080919]","Around[226.854952, 355.241679]","Around[614.285666, 371.786654]","Around[399.009543, 172.883742]"
262,2212,412.67850918772245,337.10405783178874,"Around[412.67850918772245, 337.10405783178874]","Around[230.616634, 363.327439]","Around[611.249697, 370.689009]","Around[396.169196, 171.861589]"
263,2213,410.7936836850338,336.5437706501912,"Around[410.7936836850338, 336.5437706501912]","Around[231.576286, 366.196111]","Around[607.744779, 369.29784]","Around[393.059986, 170.709149]"
264,2214,408.4778109399177,335.7395272781432,"Around[408.4778109399177, 335.7395272781432]","Around[232.00893, 368.599583]","Around[603.752303, 367.600167]","Around[389.6722, 169.421115]"
265,2215,406.1816864184262,335.3244194515227,"Around[406.1816864184262, 335.3244194515227]","Around[233.295033, 373.287011]","Around[599.253794, 365.582942]","Around[385.996232, 167.992268]"
266,2216,402.83096899535826,333.72222761762214,"Around[402.83096899535826, 333.72222761762214]","Around[232.23914, 373.663502]","Around[594.231078, 363.233142]","Around[382.02269, 166.41751]"
267,2217,400.2680646750225,333.90114342159967,"Around[400.2680646750225, 333.90114342159967]","Around[234.395222, 381.754771]","Around[588.666482, 360.537879]","Around[377.74249, 164.691969]"
268,2218,396.95519622588364,333.30292906009106,"Around[396.95519622588364, 333.30292906009106]","Around[235.175459, 387.282104]","Around[582.543069, 357.484535]","Around[373.147061, 162.810936]"
269,2219,392.22218896427506,330.8487586232015,"Around[392.22218896427506, 330.8487586232015]","Around[232.593268, 386.305079]","Around[575.844888, 354.060937]","Around[368.228412, 160.770132]"
270,2220,387.85378636877266,329.517302980807,"Around[387.85378636877266, 329.517302980807]","Around[232.024703, 390.242711]","Around[568.557297, 350.255532]","Around[362.979359, 158.565662]"
271,2221,382.63012395848205,327.28074223471765,"Around[382.63012395848205, 327.28074223471765]","Around[229.829342, 391.423015]","Around[560.667306, 346.057628]","Around[357.393724, 156.194226]"
272,2222,377.03224255568847,324.98723196466676,"Around[377.03224255568847, 324.98723196466676]","Around[227.466246, 393.014648]","Around[552.163968, 341.457645]","Around[351.466514, 153.653143]"
273,2223,371.7985253578074,323.90074445699724,"Around[371.7985253578074, 323.90074445699724]","Around[227.1621, 399.473726]","Around[543.038833, 336.447399]","Around[345.194643, 150.939716]"
274,2224,364.2466144528948,319.26736332781593,"Around[364.2466144528948, 319.26736332781593]","Around[220.878382, 394.11592]","Around[533.28625, 331.020591]","Around[338.575211, 148.054631]"
275,2225,357.9210321608728,317.5990578896419,"Around[357.9210321608728, 317.5990578896419]","Around[219.250526, 399.529677]","Around[522.904014, 325.173]","Around[331.608557, 144.997305]"
276,2226,351.28053102070976,316.17753101712105,"Around[351.28053102070976, 316.17753101712105]","Around[217.651379, 406.000737]","Around[511.893682, 318.902989]","Around[324.296532, 141.7692]"
277,2227,342.84720830841826,311.8920683752626,"Around[342.84720830841826, 311.8920683752626]","Around[211.637755, 403.60775]","Around[500.260895, 312.211958]","Around[316.642975, 138.373219]"
278,2228,338.8416133742724,317.9570852331751,"Around[338.8416133742724, 317.9570852331751]","Around[219.855569, 433.219305]","Around[488.015591, 305.104641]","Around[308.65368, 134.813798]"
279,2229,333.05409181806624,322.1222103232097,"Around[333.05409181806624, 322.1222103232097]","Around[223.654984, 455.152514]","Around[475.171816, 297.589407]","Around[300.335475, 131.097797]"
280,2230,325.50518674847604,322.56832888310475,"Around[325.50518674847604, 322.56832888310475]","Around[223.071114, 466.29688]","Around[461.746961, 289.67836]","Around[291.697485, 127.231101]"
281,2231,315.92373619359677,319.9826703392596,"Around[315.92373619359677, 319.9826703392596]","Around[217.262674, 468.936369]","Around[447.760289, 281.386836]","Around[282.748246, 123.222678]"
282,2232,303.146168519695,314.7514987829116,"Around[303.146168519695, 314.7514987829116]","Around[202.71464, 463.470228]","Around[433.229866, 272.732349]","Around[273.494, 119.081149]"
283,2233,294.93895198025825,299.9459541288197,"Around[294.93895198025825, 299.9459541288197]","Around[202.71417, 439.966417]","Around[418.167318, 263.732258]","Around[263.935368, 114.814498]"
284,2234,282.3326458693884,292.1015555248289,"Around[282.3326458693884, 292.1015555248289]","Around[190.367833, 429.801816]","Around[402.569259, 254.399304]","Around[254.060846, 110.42771]"
285,2235,268.2369189112836,285.4795038183439,"Around[268.2369189112836, 285.4795038183439]","Around[174.468956, 421.853247]","Around[386.403184, 244.734038]","Around[243.838617, 105.919686]"
286,2236,253.39342317909666,278.8802268747034,"Around[253.39342317909666, 278.8802268747034]","Around[157.391934, 413.927779]","Around[369.585392, 234.711567]","Around[233.202944, 101.2772]"
287,2237,237.57733199711816,272.24882227285315,"Around[237.57733199711816, 272.24882227285315]","Around[138.753571, 405.835042]","Around[351.94555, 224.260172]","Around[222.032874, 96.467092]"
288,2238,220.63981783120457,265.1676088234222,"Around[220.63981783120457, 265.1676088234222]","Around[119.157582, 396.792291]","Around[332.912731, 213.536526]","Around[209.84914, 91.655922]"
289,2239,199.9638583939134,256.4043741137072,"Around[199.9638583939134, 256.4043741137072]","Around[98.805272, 385.872606]","Around[307.762749, 202.123982]","Around[193.323554, 86.589916]"
290,2240,174.4769266029479,244.02311014096574,"Around[174.4769266029479, 244.02311014096574]","Around[76.292671, 374.1761]","Around[274.676136, 181.244243]","Around[172.461973, 77.347329]"
291,2241,148.26794037949483,231.89757708655583,"Around[148.26794037949483, 231.89757708655583]","Around[52.490494, 362.356367]","Around[241.058661, 159.904164]","Around[151.254666, 67.953996]"
292,2242,121.38640637465272,220.3155775475575,"Around[121.38640637465272, 220.3155775475575]","Around[27.281972, 350.718249]","Around[207.069916, 138.173437]","Around[129.807331, 58.441333]"
293,2243,93.94666949727313,209.75059114089098,"Around[93.94666949727313, 209.75059114089098]","Around[0.584432, 339.852865]","Around[172.963684, 116.174255]","Around[108.291892, 48.871775]"
294,2244,66.11703693548829,200.80879746358806,"Around[66.11703693548829, 200.80879746358806]","Around[-27.755904, 330.459096]","Around[139.12653, 94.107283]","Around[86.980485, 39.362866]"
295,2245,38.19124520080432,194.3597941550433,"Around[38.19124520080432, 194.3597941550433]","Around[-57.838655, 323.645922]","Around[106.151484, 72.332485]","Around[66.260906, 30.081876]"
296,2246,10.534837112395069,191.3561479506968,"Around[10.534837112395069, 191.3561479506968]","Around[-89.96144, 320.543203]","Around[74.885415, 51.397196]","Around[46.680537, 21.26893]"
297,2247,-16.264395336221327,192.9856386029712,"Around[-16.264395336221327, 192.9856386029712]","Around[-124.379504, 322.784382]","Around[46.583053, 32.195953]","Around[29.003266, 13.266836]"
298,2248,-41.31499402340926,200.57787718389446,"Around[-41.31499402340926, 200.57787718389446]","Around[-161.196732, 332.527519]","Around[22.968153, 15.977338]","Around[14.283597, 6.55997]"
299,2249,-63.514115853875865,215.27438557331908,"Around[-63.514115853875865, 215.27438557331908]","Around[-200.882672, 351.530264]","Around[6.376809, 4.454036]","Around[3.963516, 1.82532]"
