1,2,3,4,5,6,,,,,,,,,
ID,Year,fossil,landuse,total,Fex,,GCP_landuse,RCP_landuse,SSP_landuse,RCP3.0,RCP85,E_RCP85,GCP_N,GCP_G
1,1765,0.002999,0,0.002999,0,,,,,0,0,0.003,0.003,0.002999
2,1766,0.003346,0.005338296,0.008684296,0.00526973,,,,,0.005338296,0.005338296,0.003,0.003,0.003346
3,1767,0.003347,0.010676593,0.014023593,0.010301824,,,,,0.010676593,0.010676593,0.003,0.003,0.003347
4,1768,0.003348,0.016014889,0.019362889,0.009564335,,,,,0.016014889,0.016014889,0.003,0.003,0.003348
5,1769,0.003349,0.021353185,0.024702185,0.008563993,,,,,0.021353185,0.021353185,0.003,0.003,0.003349
6,1770,0.00335,0.026691482,0.030041482,0.007569173,,,,,0.026691482,0.026691482,0.003,0.003,0.00335
7,1771,0.003715,0.032029778,0.035744778,0.006210051,,,,,0.032029778,0.032029778,0.004,0.004,0.003715
8,1772,0.003716,0.037368074,0.041084074,0.004870829,,,,,0.037368074,0.037368074,0.004,0.004,0.003716
9,1773,0.003717,0.042706371,0.046423371,0.003941372,,,,,0.042706371,0.042706371,0.004,0.004,0.003717
10,1774,0.003718,0.048044667,0.051762667,0.003050675,,,,,0.048044667,0.048044667,0.004,0.004,0.003718
11,1775,0.003719,0.053382963,0.057101963,0.002198306,,,,,0.053382963,0.053382963,0.004,0.004,0.003719
12,1776,0.004104,0.058721259,0.062825259,0.001383247,,,,,0.058721259,0.058721259,0.004,0.004,0.004104
13,1777,0.004105,0.064059556,0.068164556,0.000604151,,,,,0.064059556,0.064059556,0.004,0.004,0.004105
14,1778,0.004106,0.069397852,0.073503852,-0.000140347,,,,,0.069397852,0.069397852,0.004,0.004,0.004106
15,1779,0.004107,0.074736148,0.078843148,-0.000851637,,,,,0.074736148,0.074736148,0.004,0.004,0.004107
16,1780,0.004109,0.080074445,0.084183445,-0.001533539,,,,,0.080074445,0.080074445,0.004,0.004,0.004109
17,1781,0.004597,0.085412741,0.090009741,-0.002629691,,,,,0.085412741,0.085412741,0.005,0.005,0.004597
18,1782,0.004598,0.090751037,0.095349037,-0.003708412,,,,,0.090751037,0.090751037,0.005,0.005,0.004598
19,1783,0.0046,0.096089334,0.100689334,-0.004327689,,,,,0.096089334,0.096089334,0.005,0.005,0.0046
20,1784,0.004601,0.10142763,0.10602863,-0.004913657,,,,,0.10142763,0.10142763,0.005,0.005,0.004601
21,1785,0.004604,0.10676593,0.11136993,-0.005458215,,,,,0.10676593,0.10676593,0.005,0.005,0.004604
22,1786,0.005227,0.11210422,0.11733122,-0.005953469,,,,,0.11210422,0.11210422,0.005,0.005,0.005227
23,1787,0.005229,0.11744252,0.12267152,-0.006391618,,,,,0.11744252,0.11744252,0.005,0.005,0.005229
24,1788,0.00523,0.12278082,0.12801082,-0.006764706,,,,,0.12278082,0.12278082,0.005,0.005,0.00523
25,1789,0.005232,0.12811911,0.13335111,-0.007064657,,,,,0.12811911,0.12811911,0.005,0.005,0.005232
26,1790,0.005234,0.13345741,0.13869141,-0.007285153,,,,,0.13345741,0.13345741,0.005,0.005,0.005234
27,1791,0.005846,0.1387957,0.1446417,-0.007872045,,,,,0.1387957,0.1387957,0.006,0.006,0.005846
28,1792,0.005976,0.144134,0.15011,-0.008382862,,,,,0.144134,0.144134,0.006,0.006,0.005976
29,1793,0.005981,0.1494723,0.1554533,-0.008375084,,,,,0.1494723,0.1494723,0.006,0.006,0.005981
30,1794,0.005972,0.15481059,0.16078259,-0.008298456,,,,,0.15481059,0.15481059,0.006,0.006,0.005972
31,1795,0.005975,0.16014889,0.16612389,-0.008156346,,,,,0.16014889,0.16014889,0.006,0.006,0.005975
32,1796,0.006264,0.16548719,0.17175119,-0.007952266,,,,,0.16548719,0.16548719,0.006,0.006,0.006264
33,1797,0.006576,0.17082548,0.17740148,-0.0081358,,,,,0.17082548,0.17082548,0.007,0.007,0.006576
34,1798,0.006849,0.17616378,0.18301278,-0.008264012,,,,,0.17616378,0.17616378,0.007,0.007,0.006849
35,1799,0.007213,0.18150207,0.18871507,-0.00789411,,,,,0.18150207,0.18150207,0.007,0.007,0.007213
36,1800,0.007667,0.18684037,0.19450737,-0.0079155,,,,,0.18684037,0.18684037,0.008,0.008,0.007667
37,1801,0.007631,0.19217867,0.19980967,-0.00787298,,,,,0.19217867,0.19217867,0.008,0.008,0.007631
38,1802,0.010039,0.19751696,0.20755596,-0.0082,,,,,0.19751696,0.19751696,0.01,0.01,0.010039
39,1803,0.008594,0.20285526,0.21144926,-0.00801451,,,,,0.20285526,0.20285526,0.009,0.009,0.008594
40,1804,0.009364,0.20819356,0.21755756,-0.00688103,,,,,0.20819356,0.20819356,0.009,0.009,0.009364
41,1805,0.009121,0.21353185,0.22265285,-0.00613713,,,,,0.21353185,0.21353185,0.009,0.009,0.009121
42,1806,0.009565,0.21887015,0.22843515,-0.00578778,,,,,0.21887015,0.21887015,0.01,0.01,0.009565
43,1807,0.010064,0.22420845,0.23427245,-0.00539979,,,,,0.22420845,0.22420845,0.01,0.01,0.010064
44,1808,0.00957,0.22954674,0.23911674,-0.00454075,,,,,0.22954674,0.22954674,0.01,0.01,0.00957
45,1809,0.009577,0.23488504,0.24446204,-0.00365928,,,,,0.23488504,0.23488504,0.01,0.01,0.009577
46,1810,0.010202,0.24022333,0.25042533,-0.00275949,,,,,0.24022333,0.24022333,0.01,0.01,0.010202
47,1811,0.010803,0.24556163,0.25636463,-0.0022728,,,,,0.24556163,0.24556163,0.011,0.011,0.010803
48,1812,0.011192,0.25089993,0.26209193,-0.00175624,,,,,0.25089993,0.25089993,0.011,0.011,0.011192
49,1813,0.01125,0.25623822,0.26748822,-0.00077279,,,,,0.25623822,0.25623822,0.011,0.011,0.01125
50,1814,0.011498,0.26157652,0.27307452,0.00023968,,,,,0.26157652,0.26157652,0.011,0.011,0.011498
51,1815,0.011869,0.26691482,0.27878382,0.00084872,,,,,0.26691482,0.26691482,0.012,0.012,0.011869
52,1816,0.013009,0.27225311,0.28526211,0.00105541,,,,,0.27225311,0.27225311,0.013,0.013,0.013009
53,1817,0.013491,0.27759141,0.29108241,0.00129188,,,,,0.27759141,0.27759141,0.014,0.014,0.013491
54,1818,0.013549,0.2829297,0.2964787,0.00198372,,,,,0.2829297,0.2829297,0.014,0.014,0.013549
55,1819,0.013632,0.288268,0.3019,0.00312697,,,,,0.288268,0.288268,0.014,0.014,0.013632
56,1820,0.013834,0.2936063,0.3074403,0.00429099,,,,,0.2936063,0.2936063,0.014,0.014,0.013834
57,1821,0.014038,0.29894459,0.31298259,0.00547538,,,,,0.29894459,0.29894459,0.014,0.014,0.014038
58,1822,0.014592,0.30428289,0.31887489,0.00625845,,,,,0.30428289,0.30428289,0.015,0.015,0.014592
59,1823,0.015434,0.30962119,0.32505519,0.00664294,,,,,0.30962119,0.30962119,0.016,0.016,0.015434
60,1824,0.015973,0.31495948,0.33093248,0.00747197,,,,,0.31495948,0.31495948,0.016,0.016,0.015973
61,1825,0.016582,0.32029778,0.33687978,0.00832499,,,,,0.32029778,0.32029778,0.017,0.017,0.016582
62,1826,0.016763,0.32563608,0.34239908,0.00919889,,,,,0.32563608,0.32563608,0.017,0.017,0.016763
63,1827,0.01799,0.33097437,0.34896437,0.01009651,,,,,0.33097437,0.33097437,0.018,0.018,0.01799
64,1828,0.018187,0.33631267,0.35449967,0.01101459,,,,,0.33631267,0.33631267,0.018,0.018,0.018187
65,1829,0.018121,0.34165096,0.35977196,0.0123671,,,,,0.34165096,0.34165096,0.018,0.018,0.018121
66,1830,0.024324,0.34698926,0.37131326,0.01128088,,,,,0.34698926,0.34698926,0.024,0.024,0.024324
67,1831,0.02307,0.35232756,0.37539756,0.01062241,,,,,0.35232756,0.35232756,0.023,0.023,0.02307
68,1832,0.023229,0.35766585,0.38089485,0.01243517,,,,,0.35766585,0.35766585,0.023,0.023,0.023229
69,1833,0.023692,0.36300415,0.38669615,0.01344552,,,,,0.36300415,0.36300415,0.024,0.024,0.023692
70,1834,0.02415,0.36834245,0.39249245,0.0144718,,,,,0.36834245,0.36834245,0.024,0.024,0.02415
71,1835,0.024685,0.37368074,0.39836574,0.01552137,,,,,0.37368074,0.37368074,0.025,0.025,0.024685
72,1836,0.028596,0.37901904,0.40761504,0.01500032,,,,,0.37901904,0.37901904,0.029,0.029,0.028596
73,1837,0.028573,0.38435733,0.41293033,0.01491471,,,,,0.38435733,0.38435733,0.029,0.029,0.028573
74,1838,0.029488,0.38969563,0.41918363,0.01606601,,,,,0.38969563,0.38969563,0.03,0.03,0.029488
75,1839,0.030462,0.39503393,0.42549593,0.01686057,,,,,0.39503393,0.39503393,0.031,0.031,0.030462
76,1840,0.032459,0.40037222,0.43283122,0.01731303,,,,,0.40037222,0.40037222,0.032999999,0.032999999,0.032459
77,1841,0.033466,0.40571052,0.43917652,0.01783686,,,,,0.40571052,0.40571052,0.033999999,0.033999999,0.033466
78,1842,0.035345,0.41104882,0.44639382,0.01845379,,,,,0.41104882,0.41104882,0.035999999,0.035999999,0.035345
79,1843,0.036259,0.41638711,0.45264611,0.01913867,,,,,0.41638711,0.41638711,0.036999999,0.036999999,0.036259
80,1844,0.038598,0.42172541,0.46032341,0.01984227,,,,,0.42172541,0.42172541,0.038999999,0.038999999,0.038598
81,1845,0.042361,0.42706371,0.46942471,0.01936024,,,,,0.42706371,0.42706371,0.042999999,0.042999999,0.042361
82,1846,0.043066,0.432402,0.475468,0.01957365,,,,,0.432402,0.432402,0.042999999,0.042999999,0.043066
83,1847,0.047053,0.4377403,0.4847933,0.02012972,,,,,0.4377403,0.4377403,0.045999999,0.045999999,0.047053
84,1848,0.047439,0.44307859,0.49051759,0.02028715,,,,,0.44307859,0.44307859,0.046999999,0.046999999,0.047439
85,1849,0.050085,0.44841689,0.49850189,0.02043512,,,,,0.44841689,0.44841689,0.049999999,0.049999999,0.050085
86,1850,0.053738,0.45375519,0.50749319,0.01963355,,0.67,0.454,,0.45375519,0.45375519,0.053999999,0.053999999,0.053738
87,1851,0.054242,0.44678569,0.50102769,0.02081911,,0.68,0.4747095,,0.44678569,0.44678569,0.053999999,0.053999999,0.054242
88,1852,0.056631,0.49862282,0.55525382,0.01618277,,0.68,0.491416,,0.49862282,0.49862282,0.056999999,0.056999999,0.056631
89,1853,0.059252,0.49735449,0.55660649,0.01055566,,0.69,0.5044365,,0.49735449,0.49735449,0.058999999,0.058999999,0.059252
90,1854,0.069599,0.49581708,0.56541608,0.00922609,,0.69,0.514088,,0.49581708,0.49581708,0.068999999,0.068999999,0.069599
91,1855,0.07097,0.49367925,0.56464925,0.00783604,,0.69,0.5206875,,0.49367925,0.49367925,0.070999999,0.070999999,0.07097
92,1856,0.07563,0.49893488,0.57456488,0.00742165,,0.7,0.524552,,0.49893488,0.49893488,0.075999999,0.075999999,0.07563
93,1857,0.076332,0.504232,0.580564,0.00668489,,0.7,0.5259985,,0.504232,0.504232,0.076999999,0.076999999,0.076332
94,1858,0.077502,0.50923298,0.58673498,0.00731801,,0.71,0.525344,,0.50923298,0.50923298,0.077999999,0.077999999,0.077502
95,1859,0.082151,0.51425389,0.59640489,0.00666178,,0.71,0.5229055,,0.51425389,0.51425389,0.082999999,0.082999999,0.082151
96,1860,0.090259,0.51896689,0.60922589,-0.00044288,,0.69,0.519,,0.51896689,0.51896689,0.090999999,0.090999999,0.090259
97,1861,0.09492,0.5282236,0.6231436,-0.01194759,,0.68,0.5139445,,0.5282236,0.5282236,0.094999998,0.094999998,0.09492
98,1862,0.096647,0.47371663,0.57036363,-0.00804954,,0.68,0.508056,,0.47371663,0.47371663,0.096999998,0.096999998,0.096647
99,1863,0.103145,0.47374912,0.57689412,-0.00030669,,0.68,0.5016515,,0.47374912,0.47374912,0.104,0.104,0.103145
100,1864,0.111122,0.47413825,0.58526025,-0.00098311,,0.68,0.495048,,0.47413825,0.47413825,0.112,0.112,0.111122
101,1865,0.118004,0.47479536,0.59279936,-0.0029952,,0.68,0.4885625,,0.47479536,0.47479536,0.119,0.119,0.118004
102,1866,0.121735,0.47491218,0.59664718,-0.00933409,,0.67,0.482512,,0.47491218,0.47491218,0.122,0.122,0.121735
103,1867,0.130408,0.47338353,0.60379153,-0.01627919,,0.67,0.4772135,,0.47338353,0.47338353,0.13022269,0.13022269,0.130408
104,1868,0.133939,0.47198274,0.60592174,-0.01746806,,0.67,0.472984,,0.47198274,0.47198274,0.13525196,0.13525196,0.133939
105,1869,0.14223,0.47048522,0.61271522,-0.01420371,,0.67,0.4701405,,0.47048522,0.47048522,0.14228123,0.14228123,0.14223
106,1870,0.145343,0.46933399,0.61467699,-0.01231577,,0.72,0.469,,0.46933399,0.46933399,0.14731051,0.14731051,0.145343
107,1871,0.154515,0.48732546,0.64184046,-0.02044848,,0.75,0.4810995,,0.48732546,0.48732546,0.15633978,0.15633978,0.154515
108,1872,0.170953,0.56696435,0.73791735,-0.0423676,,0.77,0.494856,,0.56696435,0.56696435,0.17336905,0.17336905,0.170953
109,1873,0.18161,0.57690133,0.75851133,-0.060576,,0.79,0.5099065,,0.57690133,0.57690133,0.18439832,0.18439832,0.18161
110,1874,0.170032,0.58328394,0.75331594,-0.06308408,,0.8,0.525888,,0.58328394,0.58328394,0.1744276,0.1744276,0.170032
111,1875,0.184443,0.5899696,0.7744126,-0.06190074,,0.81,0.5424375,,0.5899696,0.5899696,0.18845687,0.18845687,0.184443
112,1876,0.187105,0.59639187,0.78349687,-0.06006402,,0.83,0.559192,,0.59639187,0.59639187,0.19148614,0.19148614,0.187105
113,1877,0.190802,0.60262312,0.79342512,-0.05445088,,0.84,0.5757885,,0.60262312,0.60262312,0.19451541,0.19451541,0.190802
114,1878,0.192294,0.6090507,0.8013447,-0.05096957,,0.85,0.591864,,0.6090507,0.6090507,0.196,0.196,0.192294
115,1879,0.206069,0.61534752,0.82141652,-0.05348947,,0.85,0.6070555,,0.61534752,0.61534752,0.21,0.21,0.206069
116,1880,0.233049,0.62124317,0.85429217,-0.06437074,,0.86,0.621,,0.62124317,0.62124317,0.236,0.236,0.233049
117,1881,0.240881,0.64887292,0.88975392,-0.07157924,,0.87,0.6238635,,0.64887292,0.64887292,0.243,0.243,0.240881
118,1882,0.254402,0.60466403,0.85906603,-0.06837781,,0.88,0.625328,,0.60466403,0.60466403,0.256,0.256,0.254402
119,1883,0.270544,0.60851762,0.87906162,-0.06717105,,0.89,0.6256045,,0.60851762,0.60851762,0.272,0.272,0.270544
120,1884,0.273589,0.61212775,0.88571675,-0.06756708,,0.9,0.624904,,0.61212775,0.61212775,0.275,0.275,0.273589
121,1885,0.27563,0.61523611,0.89086611,-0.06415817,,0.9,0.6234375,,0.61523611,0.61523611,0.27699999,0.27699999,0.27563
122,1886,0.279948,0.61714413,0.89709213,-0.06135672,,0.91,0.621416,,0.61714413,0.61714413,0.28099999,0.28099999,0.279948
123,1887,0.293953,0.61616314,0.91011614,-0.06233754,,0.91,0.6190505,,0.61616314,0.61616314,0.295,0.295,0.293953
124,1888,0.325487,0.61473356,0.94022056,-0.06993102,,0.92,0.616552,,0.61473356,0.61473356,0.32699999,0.32699999,0.325487
125,1889,0.32537,0.6132002,0.9385702,-0.07247856,,0.93,0.6141315,,0.6132002,0.6132002,0.32699999,0.32699999,0.32537
126,1890,0.354491,0.61175412,0.96624512,-0.07327583,,0.96,0.612,,0.61175412,0.61175412,0.35599999,0.35599999,0.354491
127,1891,0.370988,0.61024855,0.98123655,-0.07842425,,0.99,0.612563,,0.61024855,0.61024855,0.37199999,0.37199999,0.370988
128,1892,0.374056,0.62319119,0.99724719,-0.08141912,,1,0.613704,,0.62319119,0.62319119,0.37399999,0.37399999,0.374056
129,1893,0.369579,0.62440331,0.99398231,-0.08330621,,1.02,0.615501,,0.62440331,0.62440331,0.36999999,0.36999999,0.369579
130,1894,0.382471,0.64036719,1.02283819,-0.08568659,,1.03,0.618032,,0.64036719,0.64036719,0.38299999,0.38299999,0.382471
131,1895,0.405546,0.64441851,1.04996451,-0.08962221,,1.04,0.621375,,0.64441851,0.64441851,0.40599999,0.40599999,0.405546
132,1896,0.418779,0.6462784,1.0650574,-0.0909038,,1.05,0.625608,,0.6462784,0.6462784,0.41899999,0.41899999,0.418779
133,1897,0.438604,0.64956412,1.08816812,-0.09005431,,1.06,0.630809,,0.64956412,0.64956412,0.43999999,0.43999999,0.438604
134,1898,0.462639,0.65100098,1.11363998,-0.08999961,,1.07,0.637056,,0.65100098,0.65100098,0.46499999,0.46499999,0.462639
135,1899,0.505411,0.65220446,1.15761546,-0.09157408,,1.08,0.644427,,0.65220446,0.65220446,0.50699999,0.50699999,0.505411
136,1900,0.533486286,0.65320628,1.186692566,-0.09327026,,1.11,0.653,,0.65320628,0.65320628,0.53399999,0.53399999,0.533486286
137,1901,0.551207956,0.70294318,1.254151136,-0.09732457,,1.13,0.670707,,0.70294318,0.70294318,0.55199999,0.55199999,0.551207956
138,1902,0.565295352,0.70297364,1.268268992,-0.10172533,,1.15,0.689296,,0.70297364,0.70297364,0.56599999,0.56599999,0.565295352
139,1903,0.616758257,0.72667096,1.343429217,-0.10620151,,1.16,0.708369,,0.72667096,0.72667096,0.61699999,0.61699999,0.616758257
140,1904,0.62335055,0.74829324,1.37164379,-0.11058166,,1.17,0.727528,,0.74829324,0.74829324,0.62399999,0.62399999,0.62335055
141,1905,0.663798673,0.76981521,1.433613883,-0.11380284,,1.18,0.746375,,0.76981521,0.76981521,0.66299999,0.66299999,0.663798673
142,1906,0.697416875,0.79653384,1.493950715,-0.11912159,,1.19,0.764512,,0.79653384,0.79653384,0.70699999,0.70699999,0.697416875
143,1907,0.78855375,0.80376274,1.59231649,-0.12428273,,1.2,0.781541,,0.80376274,0.80376274,0.78399999,0.78399999,0.78855375
144,1908,0.759251527,0.81141278,1.570664307,-0.12175073,,1.21,0.797064,,0.81141278,0.81141278,0.74999999,0.74999999,0.759251527
145,1909,0.789493407,0.81737807,1.606871477,-0.11645298,,1.22,0.810683,,0.81737807,0.81737807,0.78499999,0.78499999,0.789493407
146,1910,0.828242469,0.82198169,1.650224159,-0.1169102,,1.21,0.822,,0.82198169,0.82198169,0.81899999,0.81899999,0.828242469
147,1911,0.843404071,0.77889405,1.622298121,-0.1136427,,1.2,0.815041,,0.77889405,0.77889405,0.83599999,0.83599999,0.843404071
148,1912,0.883308351,0.74784844,1.631156791,-0.10638151,,1.2,0.805928,,0.74784844,0.74784844,0.87899999,0.87899999,0.883308351
149,1913,0.955863867,0.72297977,1.678843637,-0.10198563,,1.2,0.795207,,0.72297977,0.72297977,0.94299999,0.94299999,0.955863867
150,1914,0.867328536,0.71479152,1.582120056,-0.09477063,,1.18,0.783424,,0.71479152,0.71479152,0.84999999,0.84999999,0.867328536
151,1915,0.855609323,0.70574964,1.561358963,-0.08578781,,1.18,0.771125,,0.70574964,0.70574964,0.83799999,0.83799999,0.855609323
152,1916,0.923280698,0.70811648,1.631397178,-0.08325857,,1.17,0.758856,,0.70811648,0.70811648,0.90099999,0.90099999,0.923280698
153,1917,0.965775777,0.7111963,1.676972077,-0.0829626,,1.17,0.747163,,0.7111963,0.7111963,0.95499999,0.95499999,0.965775777
154,1918,0.952127748,0.71430427,1.666432018,-0.08019705,,1.17,0.736592,,0.71430427,0.71430427,0.93599999,0.93599999,0.952127748
155,1919,0.825731353,0.71965435,1.545385703,-0.07137412,,1.17,0.727689,,0.71965435,0.71965435,0.80599999,0.80599999,0.825731353
156,1920,0.960261227,0.72128338,1.681544607,-0.06632753,,1.21,0.721,,0.72128338,0.72128338,0.93199999,0.93199999,0.960261227
157,1921,0.842828668,0.75741661,1.600245278,-0.06110771,,1.24,0.73565,,0.75741661,0.75741661,0.80299999,0.80299999,0.842828668
158,1922,0.884268695,0.7479409,1.632209595,-0.0542606,,1.26,0.75248,,0.7479409,0.7479409,0.84499999,0.84499999,0.884268695
159,1923,1.003443536,0.75328819,1.756731726,-0.0610025,,1.27,0.77091,,0.75328819,0.75328819,0.96999999,0.96999999,1.003443536
160,1924,1.006921504,0.75686059,1.763782094,-0.06533134,,1.28,0.79036,,0.75686059,0.75686059,0.96299999,0.96299999,1.006921504
161,1925,1.014294863,0.75808855,1.772383413,-0.06160418,,1.29,0.81025,,0.75808855,0.75808855,0.97499999,0.97499999,1.014294863
162,1926,0.995891945,0.76148327,1.757375215,-0.05839943,,1.29,0.83,,0.76148327,0.76148327,0.98299999,0.98299999,0.995891945
163,1927,1.08770219,0.79718283,1.88488502,-0.05890913,,1.3,0.84903,,0.79718283,0.79718283,1.062,1.062,1.08770219
164,1928,1.082560274,0.79967141,1.882231684,-0.06001239,,1.3,0.86676,,0.79967141,0.79967141,1.065,1.065,1.082560274
165,1929,1.162619043,0.82422601,1.986845053,-0.05949532,,1.3,0.88261,,0.82422601,0.82422601,1.145,1.145,1.162619043
166,1930,1.071881428,0.89587975,1.967761178,-0.05584482,,1.35,0.896,,0.89587975,0.89587975,1.053,1.053,1.071881428
167,1931,0.955814798,0.90334082,1.859155618,-0.04664388,,1.4,0.887573,,0.90334082,0.90334082,0.93999999,0.93999999,0.955814798
168,1932,0.861811021,0.81222597,1.674036991,-0.03675129,,1.41,0.876664,,0.81222597,0.81222597,0.84699999,0.84699999,0.861811021
169,1933,0.907238132,0.80858849,1.715826622,-0.03097817,,1.44,0.863831,,0.80858849,0.80858849,0.89299999,0.89299999,0.907238132
170,1934,0.98586371,0.79686256,1.78272627,-0.03005086,,1.46,0.849632,,0.79686256,0.79686256,0.97299999,0.97299999,0.98586371
171,1935,1.034197378,0.79471575,1.828913128,-0.0288055,,1.47,0.834625,,0.79471575,0.79471575,1.027,1.027,1.034197378
172,1936,1.136147923,0.80129993,1.937447853,-0.02857808,,1.49,0.819368,,0.80129993,0.80129993,1.13,1.13,1.136147923
173,1937,1.214376419,0.77969902,1.994075439,-0.02649252,,1.5,0.804419,,0.77969902,0.77969902,1.209,1.209,1.214376419
174,1938,1.142480636,0.78188222,1.924362856,-0.01561886,,1.51,0.790336,,0.78188222,0.78188222,1.142,1.142,1.142480636
175,1939,1.208354889,0.77944376,1.987798649,-0.00756791,,1.52,0.777677,,0.77944376,0.77944376,1.192,1.192,1.208354889
176,1940,1.320935437,0.76683237,2.087767807,-0.00821566,,1.54,0.767,,0.76683237,0.76683237,1.299,1.299,1.320935437
177,1941,1.350319707,0.75036458,2.100684287,-0.01102469,,1.56,0.7693735,,0.75036458,0.75036458,1.334,1.334,1.350319707
178,1942,1.345142165,0.7690497,2.114191865,-0.01302018,,1.56,0.774208,,0.7690497,0.7690497,1.342,1.342,1.345142165
179,1943,1.367830396,0.7637656,2.131595996,-0.01260836,,1.55,0.7814245,,0.7637656,0.7637656,1.391,1.391,1.367830396
180,1944,1.390767388,0.76839864,2.159166028,-0.01308194,,1.54,0.790944,,0.76839864,0.76839864,1.383,1.383,1.390767388
181,1945,1.156361869,0.76914739,1.925509259,-0.01360996,,1.53,0.8026875,,0.76914739,0.76914739,1.16,1.16,1.156361869
182,1946,1.261884458,0.84214892,2.104033378,-0.01775414,,1.52,0.816576,,0.84214892,0.84214892,1.238,1.238,1.261884458
183,1947,1.396876194,0.87017994,2.267056134,-0.02665017,,1.52,0.8325305,,0.87017994,0.87017994,1.392,1.392,1.396876194
184,1948,1.469123592,0.87513044,2.344254032,-0.0351565,,1.51,0.850472,,0.87513044,0.87513044,1.469,1.469,1.469123592
185,1949,1.426721462,0.88212641,2.308847872,-0.03790194,,1.49,0.8703215,,0.88212641,0.88212641,1.419,1.419,1.426721462
186,1950,1.608695969,0.89233465,2.501030619,-0.04104037,,1.57,0.892,,0.89233465,0.89233465,1.63,1.63,1.608695969
187,1951,1.734959827,1.0885201,2.823479927,-0.05942583,,1.62,0.92188,,1.0885201,1.0885201,1.768,1.768,1.734959827
188,1952,1.758055511,1.1096378,2.867693311,-0.07795559,,1.64,0.95304,,1.1096378,1.1096378,1.796,1.796,1.758055511
189,1953,1.806907552,1.1045171,2.911424652,-0.08520436,,1.67,0.98501,,1.1045171,1.1045171,1.841,1.841,1.806907552
190,1954,1.845266987,1.1521416,2.997408587,-0.09186512,,1.69,1.01732,,1.1521416,1.1521416,1.865,1.865,1.845266987
191,1955,2.022447204,1.1911855,3.213632704,-0.09856007,,1.71,1.0495,,1.1911855,1.1911855,2.043,2.043,2.022447204
192,1956,2.15289654,1.2446883,3.39758484,-0.10503251,,1.74,1.08108,,1.2446883,1.2446883,2.178,2.178,2.15289654
193,1957,2.22376696,1.2718718,3.49563876,-0.11132448,,1.76,1.11159,,1.2718718,1.2718718,2.27,2.27,2.22376696
194,1958,2.286622863,1.3195817,3.606204563,-0.11301114,,1.78,1.14056,,1.3195817,1.3195817,2.33,2.33,2.286622863
195,1959,2.415,1.2035957,3.6185957,-0.10587586,,1.8,1.16752,,1.2035957,1.2035957,2.462,2.462,2.415
196,1960,2.548,1.1922833,3.7402833,-0.09670858,98.56465298,1.66,1.192,,1.1922833,1.1922833,2.577,2.480223,2.548
197,1961,2.553,1.2443218,3.7973218,-0.10438456,,1.59,1.203828,,1.2443218,1.2443218,2.594,2.479139,2.553
198,1962,2.644,1.2355717,3.8795717,-0.11533521,,1.56,1.212824,,1.2355717,1.2355717,2.7,2.566932,2.644
199,1963,2.794,1.2442947,4.0382947,-0.11506179,,1.51,1.219106,,1.2442947,1.2442947,2.848,2.71303,2.794
200,1964,2.939,1.2515879,4.1905879,-0.11329105,,1.47,1.222792,,1.2515879,1.2515879,3.008,2.85112,2.939
201,1965,3.076,1.2642558,4.3402558,-0.10911445,,1.42,1.224,,1.2642558,1.2642558,3.145,2.9846,3.076
202,1966,3.219,1.2936968,4.5126968,-0.10389189,,1.39,1.222848,,1.2936968,1.2936968,3.305,3.1205,3.219
203,1967,3.322,1.2976254,4.6196254,-0.100381,,1.37,1.219454,,1.2976254,1.2976254,3.411,3.216674,3.322
204,1968,3.503,1.2352028,4.7382028,-0.09489725,,1.37,1.213936,,1.2352028,1.2352028,3.588,3.3921,3.503
205,1969,3.737,1.2383879,4.9753879,-0.08293519,,1.37,1.206412,,1.2383879,1.2383879,3.8,3.620335,3.737
206,1970,4.047,1.1971129,5.2441129,-0.06039031,,1.36,1.197,,1.1971129,1.1971129,4.076,3.922947,4.047
207,1971,4.21,1.0708913,5.2808913,-0.03373502,,1.34,1.1771555,,1.0708913,1.0708913,4.231,4.0795,4.21
208,1972,4.406,1.0470621,5.4530621,-0.01816865,,1.31,1.156184,,1.0470621,1.0470621,4.399,4.2648,4.406
209,1973,4.64,1.0330987,5.6730987,-0.01012207,,1.3,1.1347285,,1.0330987,1.0330987,4.6349999,4.4916,4.64
210,1974,4.62,1.0387371,5.6587371,-0.00168982,,1.27,1.113432,,1.0387371,1.0387371,4.644,4.4816,4.62
211,1975,4.613,1.0315876,5.6445876,0.00662207,,1.25,1.0929375,,1.0315876,1.0315876,4.615,4.486525,4.613
212,1976,4.858,1.0906077,5.9486077,0.0105612,,1.23,1.073888,,1.0906077,1.0906077,4.883,4.733187,4.858
213,1977,4.991,1.0939874,6.0849874,0.0150762,,1.22,1.0569265,,1.0939874,1.0939874,5.029,4.8637,4.991
214,1978,5.174,1.09037,6.26437,0.0292492,,1.19,1.042696,,1.09037,1.09037,5.105,5.045,5.174
215,1979,5.312,1.0647127,6.3767127,0.0465308,,1.16,1.0318395,,1.0647127,1.0647127,5.387,5.1823,5.312
216,1980,5.286,1.0252096,6.3112096,0.0541693,,1.2,1.025,,1.0252096,1.0252096,5.332,5.1598,5.286
217,1981,5.142,1.0448621,6.1868621,0.0560188,,1.21,1.048775,,1.0448621,1.0448621,5.168,5.025162,5.142
218,1982,5.104,1.1904055,6.2944055,0.0548529,,1.21,1.07628,,1.1904055,1.1904055,5.127,4.997414,5.104
219,1983,5.152,1.2255201,6.3775201,0.0541226,,1.24,1.106585,,1.2255201,1.2255201,5.11,5.049524,5.152
220,1984,5.302,1.2600833,6.5620833,0.0614846,,1.28,1.13876,,1.2600833,1.2600833,5.29,5.198921,5.302
221,1985,5.49,1.2753449,6.7653449,0.0727784,,1.3,1.171875,,1.2753449,1.2753449,5.444,5.385,5.49
222,1986,5.568,1.2872023,6.8552023,0.0831827,,1.32,1.205,,1.2872023,1.2872023,5.61,5.456,5.568
223,1987,5.749,1.2940086,7.0430086,0.0908859,,1.34,1.237205,,1.2940086,1.2940086,5.753,5.59915,5.749
224,1988,5.968,1.3167248,7.2847248,0.1025704,,1.37,1.26756,,1.3167248,1.3167248,5.964,5.813357,5.968
225,1989,6.057,1.3236436,7.3806436,0.1190117,,1.39,1.295135,,1.3236436,1.3236436,6.089,5.8978,6.057
226,1990,6.195,1.3194833,7.5144833,0.1343003,,1.36,1.319,,1.3194833,1.3194833,6.144,6.0361,6.195
227,1991,6.324,1.3809799,7.7049799,0.1391029,,1.35,1.3067232,,1.3809799,1.3809799,6.235,6.0388,6.324
228,1992,6.126,1.3035304,7.4295304,0.1365819,,1.35,1.2907856,,1.3035304,1.3035304,6.118,5.969002,6.126
229,1993,6.191,1.2981006,7.4891006,0.1396404,,1.35,1.2721664,,1.2981006,1.2981006,6.124,6.033176,6.191
230,1994,6.235,1.2895956,7.5245956,0.145195,,1.34,1.2518448,,1.2895956,1.2895956,6.242,6.0706,6.235
231,1995,6.368,1.2750104,7.6430104,0.156397,,1.34,1.2308,,1.2750104,1.2750104,6.372,6.194894,6.368
232,1996,6.564,1.2511025,7.8151025,0.1701565,,1.32,1.2100112,,1.2511025,1.2511025,6.51,6.376266,6.564
233,1997,6.602,1.2181397,7.8201397,0.1702767,,1.79,1.1904576,,1.2181397,1.2181397,6.619,6.40488,6.602
234,1998,6.581,1.2148431,7.7958431,0.1630465,,1.25,1.1731184,,1.2148431,1.2148431,6.588,6.371862,6.581
235,1999,6.668,1.1827892,7.8507892,0.1599972,,1.23,1.1589728,,1.1827892,1.1827892,6.569,6.452153,6.668
236,2000,6.856,1.1488,8.0048,0.1536205,,1.38,1.149,,1.1488,1.1488,6.735,6.636981,6.856
237,2001,6.914,1.132,8.046,0.1490739,,1.33,1.1441792,,1.132,1.132,6.8959,6.696128,6.914
238,2002,7.072,1.2317,8.3037,0.1532646,,1.5,1.1454896,,1.2317,1.2317,6.949,6.849089,7.072
239,2003,7.417,1.2257,8.6427,0.157713,,1.55,1.1539104,,1.2257,1.2257,7.286,7.184562,7.417
240,2004,7.77,1.2429,9.0129,0.1605016,,1.51,1.1704208,,1.2429,1.2429,7.6719,7.517997,7.77
241,2005,8.027,1.1955,9.2225,0.1662832,,1.42,1.196,,1.1955,1.1955,7.971,7.764412,8.027
242,2006,8.29,1.17,9.455,0.179783,,1.5,0,,1.1676,1.165,8.1615,8.012927,8.29
243,2007,8.541,1.13,9.6759,0.1975976,,1.31,0,,1.14,1.1349,8.3523,8.247729,8.541
244,2008,8.719,1.1,9.8235,0.2166772,,1.36,0,,1.1121667,1.1045,8.5434,8.421561,8.719
245,2009,8.587,1.07,9.6611,0.2369709,,1.6,0,,1.0843333,1.0741,8.7345,8.302514,8.587
246,2010,9.043,1.04,10.0867,0.2547602,,1.46,0,,1.0565,1.0437,8.9256,8.740268,9.043
247,2011,9.337,1.03,10.36698,0.2663866,,1.38,0,,1.04813,1.02998,9.18679,9.026311,9.337
248,2012,9.487,1.02,10.50326,0.2762132,,1.49,0,,1.03976,1.01626,9.44798,9.178702,9.487
249,2013,9.549,1,10.55154,0.2874157,,1.53,0,,1.03139,1.00254,9.70917,9.236184,9.549
250,2014,9.619,0.99,10.60782,0.2990513,,1.65,0,,1.02302,0.98882,9.97036,9.303747,9.619
251,2015,9.61,0.98,10.5851,0.311306,,1.7,0,,1.01465,0.9751,10.23155,9.283506,9.61
252,2016,9.613,0.96,10.57438,0.3241427,,1.56,0,,1.00628,0.96138,10.49274,9.281093,9.613
253,2017,9.742,0.95,10.68966,0.3375113,,1.52,0,,0.99791,0.94766,10.75393,9.393783,9.742
254,2018,9.94,0.93,10.87394,0.3513641,,1.55,0,,0.98954,0.93394,11.01512,9.585832,9.94
255,2019,9.94,0.93,10.87394,0.3513641,,,,,,,,,
