"1-Y","2-E","3-R1","4-R2","5-R3","6-R4","7-C","8-CCA","9-F","10-Fex","11-TF","12-TMF","13-TMS","14-TDF","15-TDS","16-TM","17-TD","18-α","19-αcheck","20-atmosGt"
1765,0.001408379900111734,0,0,0,0,278,0,0,0,0,0,0,0,0,0,0,0.16376976980682398,0.16376976980682398,589.36
1766,0.004078288740587106,0.00030604095229427977,0.00031547709762502844,0.0003977264837915537,0.0003891353664008721,278.0014083799001,-2.211624980374971e-15,0.00002711579681062422,0.00526973,0.005296845796810624,0.00029440523619599833,3.4193681688336e-6,-7.387359339034336e-6,8.009023253033353e-6,0.0002978246043648319,6.216639139990171e-7,0.16379361372782095,0.1637936122229287,589.3629857653883
1767,0.0065857107397624595,0.001192251227169128,0.0012241302443277847,0.0014829815491589258,0.0009639762074882797,278.00486333922817,0.0013214583545699563,0.00009363418128724787,0.010301824,0.010395458181287247,0.0010775966754578174,0.000013533467488148741,-0.000027039579754131648,0.000031698796518810565,0.001091130142945966,4.659216764678917e-6,0.1638576234964473,0.1638576111484673,589.3703102791637
1768,0.009093132269321307,0.0026233188947781764,0.002680387526895881,0.0030951007791709777,0.001416737490839889,278.00981554469166,0.004784489540254248,0.00018897762672218812,0.009564335,0.009753312626722188,0.001911819920166933,0.000026485003597968557,-0.00004797231504535667,0.00006203456287807679,0.0019383049237649017,0.000014062247832720114,0.163926753734686,0.16392672873870145,589.3808089547464
1769,0.011600553798880153,0.004599240533907463,0.004675790916929776,0.005146279973911409,0.0019211533981812181,278.0163424648229,0.010224859272964707,0.0003146360249194698,0.008563993,0.00887862902491947,0.0024793488693034015,0.00003841229883899138,-0.00006221302739391177,0.00008997129861827386,0.002517761168142393,0.00002775827122436209,0.16397517545834547,0.1639751442539242,589.3946460254245
1770,0.014107975798055505,0.0071200128260088605,0.007202014672360462,0.0075633681405309575,0.0024042387714008104,278.0242896344103,0.017970033801310528,0.00046763354680745073,0.007569173,0.00803680654680745,0.002829346010192157,0.000049190229852618386,-0.000070995325836656,0.00011521593325414386,0.0028785362400447754,0.000044220607417487856,0.1640069230644889,0.16400688918914227,589.4114940249499
1771,0.01678633773563058,0.01018563255404659,0.010250860303146949,0.0102853873893308,0.0028962841757237973,278.03361816442225,0.028102458867871386,0.000647219198934821,0.006210051,0.006857270198934821,0.002993026825537296,0.00005862601616007502,-0.00007510248444390193,0.00013731692624924813,0.003051652841697371,0.0000622144418053462,0.1640245051613566,0.1640244704652774,589.4312705085752
1772,0.019293759265189427,0.013833241645762367,0.013852541772598637,0.013309746071584697,0.0034317398751030157,278.04442726936503,0.040774192388714894,0.000855300200023932,0.004870829,0.005726129200023932,0.0029971914780280696,0.00006653786396441188,-0.0000752069859292324,0.00015584847064887037,0.0030637293419924815,0.00008064148471963797,0.1640301072682017,0.16403007248807489,589.4541858110539
1773,0.02180118126436478,0.018025691200535633,0.017960218050599122,0.016537666246837838,0.0039016849348613835,278.05642526043283,0.05624122096717794,0.001086258416801325,0.003941372,0.005027630416801325,0.002903783671684659,0.00007324162804115826,-0.00007286315183359723,0.00017155037805471318,0.002977025299725817,0.00009868722622111595,0.16402881290559057,0.1640287781212282,589.4796215521176
1774,0.024308602793923627,0.022762977995837885,0.02256606022020323,0.0199351048626145,0.004398728927381031,278.06966287200606,0.07439598871238084,0.001341067443746242,0.003050675,0.004391742443746242,0.0027600675841144445,0.00007906093821379008,-0.00006925695788338335,0.00018518067119308563,0.0028391285223282347,0.00011592371330970229,0.16402439763453633,0.16402436279941837,589.5076852886529
1775,0.026816024323482474,0.02804509860495663,0.027662360011471834,0.0234737065957008,0.004884357516947939,278.0840655227291,0.09539660710270985,0.0016182883762756218,0.002198306,0.003816594376275622,0.002583791595460514,0.00008407848585186585,-0.00006483375506316182,0.00019693303412166122,0.0026678700813123797,0.0001320992790584994,0.16401834883518498,0.16401831390447247,589.5382189081856
1776,0.029503778591168327,0.033872049702881185,0.033241527610658385,0.027129848389430576,0.005374634335711452,278.09961806003867,0.11927519957216531,0.001917626100224048,0.001383247,0.003300873100224048,0.0023885941688921368,0.00008837461753877445,-0.00005993576632237946,0.00020699565881711232,0.0024769687864309112,0.00014705989249473285,0.16401177807743142,0.16401174303374844,589.571190287282
1777,0.03201120059034369,0.04028301426868554,0.03933648535961729,0.030934785381902953,0.005912725587101477,278.1164670105973,0.14610343500109665,0.00224189683549544,0.000604151,0.00284604783549544,0.0021850996786487702,0.000092029499104988,-0.000054829583625477414,0.00021555631388716064,0.002277129177753758,0.00016072673026168324,0.1640055696438881,0.1640055344994798,589.6069100624663
1778,0.034518622119902524,0.04723880253717299,0.045898859219607485,0.03481272504732145,0.006381030805259135,278.13433141760936,0.17609463738709774,0.002585689338497914,-0.000140347,0.0024453423384979142,0.001981271673802863,0.00009511958744360198,-0.000049715032217999374,0.00022279408067210697,0.002076391261246465,0.0001730790484541076,0.16400044592905544,0.16400041071604737,589.6447826053319
1779,0.037026043649461375,0.05473941108313213,0.05292142019968681,0.038751475326473925,0.0068784195387446186,278.15329072614804,0.20908038217928268,0.002950528578170112,-0.000851637,0.002098891578170112,0.001782966377581308,0.00009771678847505585,-0.000044739059300700465,0.00022887738098568852,0.001880683166056364,0.00018413832168498806,0.16399682040994956,0.1639967851629323,589.6849763394339
1780,0.03953393526514227,0.06278483658479193,0.06039705457816339,0.04274090687555307,0.00736373498046611,278.173286533019,0.2451844841497225,0.00333528649971044,-0.001533539,0.00180174749971044,0.001594471432528733,0.00009988964809793035,-0.00004000925248514549,0.00023396676662242608,0.0016943610806266632,0.00019395751413728057,0.16399508742288077,0.1639950521681713,589.7273674500003
1781,0.042270060032898654,0.07137517787206989,0.06831886866644706,0.04677274797431044,0.007854301423331074,278.1943210959362,0.28440315352740303,0.003740002243958919,-0.002629691,0.0011103112439589191,0.001394213627826473,0.000101416916372452,-0.00003498428627565569,0.00023754401438291997,0.001495630544198925,0.00020255972810726428,0.16399349869427615,0.16399346343331678,589.7719607233847
1782,0.0447774815624575,0.08056002668546604,0.07673108680402517,0.050904367138464725,0.008405735444452236,278.21660121607243,0.32678182610828,0.004168649774569715,-0.003708412,0.00046023777456971485,0.0011669477613951526,0.00010207332921145436,-0.000029281620648786772,0.00023908149892146058,0.001269021090606607,0.00020979987827267381,0.16399083088803681,0.1639907956087057,589.8191945780736
1783,0.04728537317813839,0.0902896821818479,0.08557488709500947,0.05505445849209467,0.008868517964512688,278.23978754573346,0.3725550681393064,0.0046146954343354975,-0.004327689,0.0002870064343354975,0.0009472893252543262,0.00010219644360035019,-0.000023769844361824565,0.00023936986389263767,0.0010494857688546765,0.00021560001953081312,0.16398997122748304,0.16398993594629235,589.868349596955
1784,0.049792794707697235,0.10056424319294621,0.0948437123033011,0.059220150910690134,0.00936849536579288,278.2639966017727,0.4214768604737713,0.005080376069277038,-0.004913657,0.00016671906927703817,0.0007608679567885032,0.00010212977590136873,-0.000019092068738245906,0.00023921371131561028,0.0008629977326898719,0.00022012164257736438,0.16399291146899186,0.16399287616440686,589.9196727957582
1785,0.05230115734873319,0.1113836042598188,0.10453091820529611,0.06339892980043571,0.009853140234110347,278.28916659249967,0.4736772049129229,0.005564498098124578,-0.005458215,0.00010628309812457833,0.0006063359952583483,0.00010194676815977781,-0.000015214477619489166,0.00023878506099616053,0.0007082827634181262,0.00022357058337667135,0.16399959719207988,0.16399956176807032,589.9730331760993
1786,0.05510067752703831,0.12274796658171172,0.11463028918289227,0.06758914363782778,0.010344779251054629,278.31531217865347,0.529127015846176,0.006067338460394034,-0.005953469,0.00011386946039403361,0.00048345230789015,0.00010173033274894357,-0.00001213102038474731,0.00023827811463865772,0.0005851826406390936,0.00022614709425391042,0.16401000547618436,0.16400996976374016,590.0284618187454
1787,0.057608570551568726,0.13472059539078649,0.12520072498196458,0.07187142000209376,0.010914339440561117,278.3427070798154,0.587863261740213,0.00659415537748927,-0.006391618,0.0002025373774892699,0.0003931728571573427,0.00010157678939666357,-9.86568450923356e-6,0.0002379184773553819,0.0004947496465540064,0.00022805279284614832,0.16402423480938083,0.16402419855873052,590.0865390092086
1788,0.06011599395959359,0.1472381164259702,0.13616968408942481,0.07614841050534883,0.011371313955517978,278.37092752497625,0.6501660875685261,0.007136793681848672,-0.006764706,0.00037208768184867225,0.0003368978405496435,0.00010159041103223916,-8.453604429195739e-6,0.0002379503826638139,0.00043848825158188267,0.00022949677823461815,0.1640425091248685,0.16404247198764238,590.1463663529497
1789,0.06262388228795894,0.16030042435264658,0.14753098166699005,0.08042130143911863,0.011875574863167409,278.40012828232193,0.7157063891900289,0.007698224062607454,-0.007064657,0.0006335670626074538,0.00031632032805285076,0.00010188210667823557,-7.937263479960462e-6,0.00023863360748671756,0.0004182024347310863,0.0002306963440067571,0.16406485386344788,0.16406481540137047,590.2082719585226
1790,0.06513177531248934,0.17390761691858503,0.15927875270364586,0.08469139944220062,0.012360844943138542,278.4302386140076,0.7846351164669274,0.008277080773552901,-0.007285153,0.0009919277735529015,0.00033359738021434973,0.00010257271508665273,-8.37078767363772e-6,0.00024025118667932033,0.0004361700953010025,0.00023188039900568262,0.16409150835600356,0.16409146801023927,590.2721058616961
1791,0.06792612970923355,0.18805969187304722,0.1714071387958718,0.08895973629756977,0.012854669457982165,278.4612812364245,0.8569041206055362,0.008873794794388266,-0.007872045,0.0010017497943882667,0.00036590321544704285,0.00010349830327219141,-9.181421399773817e-6,0.00024241914781561441,0.0004694015187192343,0.0002332377264158406,0.16412061293312327,0.16412057034176972,590.33791622122
1792,0.07049413364647296,0.2028188939961441,0.18397452546147253,0.09330795444909784,0.01342458115016832,278.4935259550569,0.9325487120884267,0.009493545570876708,-0.008382862,0.0011106835708767082,0.00039759183835159966,0.0001044972919514998,-9.976567734057314e-6,0.000244759031433595,0.0005020891303030994,0.00023478246369953767,0.16415091360899967,0.16415086858370634,590.4062750247207
1793,0.07300343552051998,0.21813603367392126,0.1969235162819309,0.09765917946488192,0.013900728774585393,278.52661945819534,1.0118380487654446,0.010129535567254093,-0.008375084,0.0017544515672540933,0.000463593674765552,0.00010597859049873362,-0.000011632717906269012,0.0002482286064906521,0.0005695722652642856,0.00023659588858438308,0.16418534477147756,0.1641852966045305,590.4764332513741
1794,0.07550615806732441,0.23399835161627838,0.21023521675243434,0.10199700877407768,0.014400375120540244,278.56063095226335,1.0945009646447637,0.010783088752624405,-0.008298456,0.002484632752624406,0.0005884327767806322,0.00010834114283795865,-0.000014765241356136572,0.0002537623003449223,0.0006967739196185908,0.00023899705898878574,0.16422580943184914,0.1642257569273577,590.5485376187984
1795,0.07801452070836035,0.25040441490695803,0.22390275584818378,0.10632274402243304,0.014889485172273325,278.59551939994986,1.1806105106520852,0.011453410272861236,-0.008156346,0.003297064272861236,0.0007680324949587347,0.00011169066516770287,-0.000019271844813717923,0.00026160772701467656,0.0008797231601264375,0.00024233588220095865,0.16427201946900796,0.1642719613092441,590.6225011278938
1796,0.08065719366998048,0.26735544592903077,0.23792212623714404,0.11064096657633987,0.0153856025096792,278.6313041412522,1.270137642992856,0.012140865332382999,-0.007952266,0.004188599332382999,0.0009988337514737725,0.0001161277863819531,-0.00002506322216762519,0.0002720005847669846,0.0011149615378557255,0.0002469373625993594,0.16432369077176814,0.1643236255426074,590.6983647794547
1797,0.08331066311506295,0.28488062710864276,0.25231822468145615,0.11499187198072403,0.01591703782820263,278.668107761599,1.3631072184379938,0.012847801827059961,-0.0081358,0.004712001827059961,0.0012530490141604814,0.00012146204014193936,-0.000031442115149282194,0.00028449475336535577,0.0013745110543024208,0.00025305263821607355,0.16437858989469326,0.16437851668595815,590.7763884545899
1798,0.08594582221259446,0.30298230112731445,0.2670878702880543,0.11937389230324973,0.01643773142594407,278.70588179514453,1.4596448731254006,0.013573281266097826,-0.008264012,0.005309269266097826,0.0015107653315745706,0.00012750058687415556,-0.00003790885829852102,0.0002986385538585753,0.0016382659184487262,0.0002607296955600543,0.16443515043057416,0.16443506875175518,590.8564694057064
1799,0.08862371171596496,0.3216564857300345,0.28222139066247764,0.12377735845656544,0.016958533439827318,278.7446137682889,1.5597382331500462,0.014317056582049776,-0.00789411,0.006422946582049777,0.001803683936152081,0.0001346219448541937,-0.000045258914354120446,0.00031531857158090075,0.0019383058810062746,0.0002700596572267803,0.16449594733738207,0.16449585587346247,590.9385811887724
1800,0.09134387140099905,0.34091246287916394,0.29772301633141995,0.12821179683549055,0.01749221467574059,278.78433949072183,1.6634019704300724,0.015079807647508443,-0.0079155,0.007164307647508443,0.0021296928417380715,0.00014291493476257058,-0.00005343928833254279,0.00033474284698322397,0.002272607776500642,0.00028130355865068116,0.16456082742409348,0.16456072481746295,591.0227997203303
1801,0.09383391899831896,0.36075941448445065,0.3135968290959437,0.1326850585623916,0.018033419894738147,278.8250747220375,1.7706922874109203,0.01586182886151414,-0.00787298,0.00798884886151414,0.002467034211444035,0.00015218906761841657,-0.00006190402201099174,0.00035646520679554215,0.0026192232790624515,0.00029456118478455044,0.16462805041819975,0.16462793584985416,591.1091584107196
1802,0.09747170463901136,0.38114733372223913,0.32978580722154927,0.1371265948105984,0.018508898951165694,278.8665686347056,1.8816531008311008,0.016658297530890022,-0.0082,0.008458297530890021,0.002797707210773769,0.00016226529793040575,-0.00007020142969751375,0.000380066281288544,0.0029599725087041747,0.0003098648515910302,0.16469617237460518,0.16469604552164507,591.1971255055759
1803,0.0993000625800267,0.4023256208950517,0.3465424177925912,0.14186652290697999,0.019329252125968026,278.91006381372057,1.996083335154012,0.017493052959027425,-0.00801451,0.009478542959027425,0.003135654195500341,0.00017326741075112347,-0.00007868135976253572,0.00040583600629703355,0.0033089216062514647,0.00032715464653449783,0.16476625243910192,0.164766112585017,591.2893352850876
1804,0.10216862108081114,0.4239010826974199,0.36345288173022283,0.1463451805112171,0.019509080952298506,278.95320822589116,2.115133314022016,0.018320947905362154,-0.00688103,0.011439917905362154,0.00355972587878624,0.00018615484317971803,-0.00008932237264131643,0.00043602162565598034,0.003745880721965958,0.0003466992530146639,0.16484514076139548,0.1648449844385886,591.3808014388893
1805,0.10456145336531941,0.4460997525473412,0.3807483535475944,0.15090165767529873,0.020241075645426213,278.99799083941565,2.236791650041418,0.01918014275582573,-0.00613713,0.013043012755825728,0.004078994117777129,0.00020129651023256256,-0.00010235210378447941,0.00047148723144282013,0.004280290628009692,0.00036913512765834075,0.16493286968017357,0.16493269299648272,591.4757405795613
1806,0.1072769168852981,0.46881825162833846,0.39831691170966477,0.15539073876684328,0.020617670154175195,279.043143572259,2.362738137547996,0.020046299064951038,-0.00578778,0.014258519064951038,0.004632461085596213,0.00021820326278457604,-0.00011623996606028259,0.0005110871129520834,0.00485066434838079,0.0003948471468918008,0.16502511382774535,0.16502491463492877,591.5714643731891
1807,0.11001820931308143,0.49212668477717436,0.4162270767010495,0.15991620714403904,0.021230270969725334,279.089500239592,2.4918890665988966,0.02093540442273256,-0.00539979,0.015535614422732559,0.005196142019160372,0.00023665873958432837,-0.00013038412213102772,0.0005543144975263085,0.0054328007587447005,0.0004239303753952808,0.16511952985747297,0.16511930708204514,591.669740507935
1808,0.1122931678546994,0.5160306612340295,0.4344797705858085,0.16448049069130005,0.021754890016306056,279.13674581252747,2.6249670557194102,0.021841406750313694,-0.00454075,0.017300656750313694,0.005798037898924592,0.00025701220009296036,-0.00014548718621356437,0.0006019874389717848,0.006055050099017552,0.0004565002527582205,0.16521867389767783,0.16521842512058016,591.7699011225583
1809,0.1148034089617575,0.5404288432896264,0.4529657790160643,0.1689470872130415,0.022188250630815465,279.1845299601496,2.7617261786124994,0.022757581062985414,-0.00365928,0.019098301062985414,0.00645641855814936,0.0002795926401546244,-0.0001620075938476382,0.0006548765285895557,0.006736011198303984,0.0004928689347419175,0.16532396395915974,0.16532368586113955,591.8712035155171
1810,0.11760386837307371,0.565372355148926,0.4717348165578556,0.17340053942026823,0.022725641057547527,279.2332333521846,2.901858214497207,0.023691218870424465,-0.00275949,0.020931728870424465,0.0071623962252961235,0.00030443635048579246,-0.00017972232874818953,0.0007130667683968774,0.007466832575781916,0.000533344439648688,0.1654345817997337,0.16543427134147665,591.9744547066314
1811,0.12039306168442203,0.5909242582483786,0.4908481425188445,0.17792682237796506,0.02330291922612846,279.28300214237134,3.0456685802521903,0.024645112013649183,-0.0022728,0.022372312013649184,0.007885395747186504,0.0003313048455542522,-0.00019786418430472075,0.0007759995650868316,0.008216700592740756,0.0005781353807821108,0.16554815919240962,0.16554781461825432,592.0799645418273
1812,0.12308269629659606,0.6170821010517752,0.5102984727784889,0.1825121998622587,0.023862555478842806,279.33375532917137,3.193305115007117,0.02561769754093325,-0.00175624,0.023861457540933252,0.008604254008254649,0.00035996905249667625,-0.00021590212533104252,0.0008431383721986569,0.008964223060751326,0.0006272362468676143,0.16566302615544,0.16566264668221647,592.1875612978433
1813,0.1256168831492716,0.6438242460335144,0.5300588036411199,0.18712002782027432,0.024403126114763876,279.38540620360965,3.344740577346746,0.026607304083687836,-0.00077279,0.025834514083687837,0.009349269530499693,0.00039076635742362864,-0.00023459641707359295,0.0009152734331549209,0.009740035887923321,0.0006806770160813279,0.16578165361726058,0.16578123692388536,592.2970611516524
1814,0.12824030183416463,0.6711169111743273,0.5500901626996667,0.1917044237667683,0.024910233951600358,279.43782173159235,3.4999274502998716,0.027611374013068214,0.00023968,0.027851054013068213,0.010141788217939755,0.0004240293515724632,-0.00025448268133528533,0.0009931837605749725,0.010565817569512219,0.0007387010792396871,0.16590578612155024,0.16590532867860064,592.4081820709758
1815,0.13092148334923898,0.6989794835940827,0.5704090988667165,0.19629655847648705,0.02545760493196699,279.49114274586924,3.658756339921295,0.02863259617638621,0.00084872,0.02948131617638621,0.010952014373277075,0.0004595280417129945,-0.00027481326999158307,0.0010763306522665812,0.01141154241499007,0.0008015173822749981,0.16603296134712492,0.16603246113188733,592.5212226212428
1816,0.13396379526090782,0.727424512042016,0.5910247676621718,0.20091315775514829,0.026006531281652416,279.545368968741,3.8213502921335465,0.02967095540445974,0.00105541,0.03072636540445974,0.01173485856345139,0.0004967568248435713,-0.00029445677706372935,0.0011635298583926165,0.012231615388294962,0.0008690730813288871,0.16615953437904862,0.1661589917852638,592.636182213731
1817,0.13669710420809697,0.7565304668841897,0.6120139667832275,0.20565317706693298,0.026655618278419987,279.6008532290128,3.987726906310492,0.030733195892832764,0.00129188,0.032025075892832766,0.012479691738192251,0.0005354958767577792,-0.0003131464932540397,0.0012542664951810418,0.013015187614950031,0.0009411200019270021,0.1662846303354874,0.16628404633359456,592.7538088455071
1818,0.1392312910607725,0.7862301980171065,0.6333021699624021,0.21040986096738393,0.027180336056562948,279.6571225650035,4.158233774931391,0.0318102513102867,0.00198372,0.0337939713102867,0.01322383144442116,0.0005760780141250759,-0.0003318188085952541,0.0013493201032700895,0.013799909458546235,0.0010175012946748354,0.16641143126013366,0.1664108047106389,592.8730998378074
1819,0.1417772230222516,0.8164804329480877,0.6548407879181783,0.21512572674834596,0.027701023277982025,279.7141479708926,4.332510251495263,0.032901557638933425,0.00312697,0.036028527638933425,0.014017349657046946,0.0006191005333534182,-0.00035173015342891857,0.001450089701596615,0.014636450190400364,0.0010983595481676963,0.16654392282666097,0.16654324983595814,592.9939936982923
1820,0.14437903934788981,0.8472837210177203,0.6766294628114438,0.21981315875635354,0.0282289411515058,279.77195528373704,4.510526461072241,0.034007600415465425,0.00429099,0.038298590415465426,0.014875059339774128,0.0006648780281923104,-0.00037325222184300254,0.0015573121481211043,0.015539937367966439,0.0011840599262781019,0.1666833354794612,0.16668261108461857,593.1165452015225
1821,0.14698179021037408,0.8786522030740755,0.698677845344645,0.22449529424513148,0.028772191968364433,279.8305975346322,4.692288452592026,0.03512938480068621,0.00547538,0.04060476480068621,0.015786528049811118,0.0007134470173568261,-0.0003961232379102802,0.001671072978891083,0.016499975067167945,0.0012749497409808028,0.16682884075889345,0.16682806038154974,593.2408667734203
1822,0.14974891154596207,0.9105860792983912,0.7209831254559964,0.22917584791370108,0.029312318374174827,279.89005737104225,4.87783499464873,0.036266569014511876,0.00625845,0.042525019014511875,0.016720213911209748,0.0007645718395855966,-0.0004195517375424523,0.0017908202157547555,0.017484785750795345,0.0013712684782123032,0.1669778795680729,0.16697704045798678,593.3669216266096
1823,0.1526512824351453,0.9431210644437396,0.7435790212091511,0.23390357590141342,0.029901205425510155,279.9505048669798,5.067153995738498,0.03742239485427087,0.00664294,0.04406533485427087,0.01763033749569043,0.0008177494017387471,-0.0004423890010652134,0.001915375487604727,0.018448086897429175,0.0014729864865395135,0.16712668431175787,0.167125786638518,593.4950703179973
1824,0.15541135482698512,0.9762865449662034,0.7664919909261844,0.23871020376154983,0.03050965332352939,280.0119983929775,5.260408439385963,0.038597965939727974,0.00747197,0.046069935939727975,0.018528514160005942,0.0008730272235670345,-0.00046492648665808715,0.002044850097690604,0.019401541383572977,0.0015799236110325167,0.16727626597325637,0.16727530911359267,593.6254365931123
1825,0.15820430507037778,1.0100515959979282,0.7896860001816308,0.2435441371721738,0.031072764175150203,280.0743544975269,5.457685569974456,0.039789763334734,0.00832499,0.048114753334734,0.01944336654501848,0.0009307232482133167,-0.0004878824075431385,0.0021799887490974467,0.020374089793231794,0.0016921063415543084,0.16742902055116368,0.1674280019699334,593.757631534757
1826,0.1607962594493997,1.0444233587745284,0.8131649867369751,0.24841229587414237,0.031664798587198624,280.13766543997286,5.658859498738178,0.040999538881143764,0.00919889,0.050198428881143765,0.02037540721119508,0.0009908799884800527,-0.0005112696251368353,0.0023208910175382636,0.021366287199675132,0.0018096213924014284,0.16758495391845277,0.16758387102252784,593.8918507327425
1827,0.16387942799705044,1.0793581537504426,0.8368804702148934,0.25325447439471005,0.032192307464237804,280.20168540582426,5.864025241165936,0.04222258479672203,0.01009651,0.05231909479672203,0.021324861654311533,0.0010535377262133104,-0.0005350937976888292,0.002467651253263131,0.022378399380524844,0.0019325574555743017,0.16774413083262296,0.16774298092180348,594.0275730603474
1828,0.16647889624016096,1.1149627189032676,0.860939792166886,0.25821583848024104,0.03288270284821406,280.2670010523986,6.072980457782095,0.0434700956226528,0.01101459,0.054484685622652795,0.022292250825570105,0.0011187405194127806,-0.0005593679971599961,0.0026203726512269592,0.023410991344982885,0.002061004654066963,0.167906529909535,0.16790531024640215,594.166042231085
1829,0.16895485064614965,1.1511319426789,0.8852303184693596,0.2631425971657021,0.03337911808168545,280.33288397639564,6.286243918937517,0.04472814679718305,0.0123671,0.05709524679718305,0.023300620626855777,0.0011867956358076383,-0.0005846705025263364,0.0027797749100016366,0.024487416262663417,0.0021951044074753003,0.16807426522335844,0.16807297116620362,594.3057140299587
1830,0.17437483562152795,1.18783898277607,0.9097219965271658,0.2680083509991707,0.03391881643163618,280.39948814673403,6.503227361189959,0.04599966985376416,0.01128088,0.05728054985376416,0.02422881885226542,0.0012564143379418394,-0.0006079613037279498,0.0029428394812054497,0.02548523319020726,0.0023348781774775,0.16823709565428446,0.16823573143914847,594.4469148710762
1831,0.17629289031510129,1.225723574050869,0.9350715628090372,0.27365466246448006,0.035255371742435836,280.46970517106683,6.72404192112205,0.04733983796888066,0.01062241,0.05796224796888066,0.024998259241229566,0.00132634779133757,-0.0006272684761026297,0.0031066412793026663,0.026324607032567136,0.0024793728032000365,0.1683885018868925,0.168387076920366,594.5957749626617
1832,0.17887450843483627,1.2640247399757798,0.9604814018712933,0.27896416853168593,0.03531982909244152,280.5387901394712,6.951322715572834,0.048658072160505314,0.01243517,0.061093242160505316,0.025805707071239217,0.0013984960982006975,-0.0006475293496688651,0.0032756308232191624,0.027204203169439913,0.0026281014735502974,0.1685457506053846,0.16854426013962814,594.742235095679
1833,0.1815988946684202,1.3028866710644322,0.9861004097014319,0.2841820980172393,0.03605411717161834,280.60922329595473,7.18121838170957,0.050001697447343195,0.01344552,0.06344721744734319,0.026724743181318362,0.0014739291502255808,-0.0006705902506175937,0.003452314069329115,0.028198672331543943,0.002781723818711521,0.16871354569244418,0.16871198071862756,594.8915533874241
1834,0.18432093281947642,1.342340388397725,1.0119590372241334,0.2893680359152971,0.036578360081657046,280.6802458216188,7.415640283998748,0.05135622444276306,0.0144718,0.06582802444276306,0.02769235767606984,0.001552151704089112,-0.0006948701040154067,0.0036355310327771838,0.02924450938015895,0.002940660928761777,0.16888740930728846,0.1688857643709028,595.0421211418319
1835,0.18707912674529412,1.382385378961677,1.038054443382438,0.2945297807285276,0.03718460448739836,280.75215420756007,7.653954883380605,0.05272729724314657,0.01552137,0.06824866724314657,0.02870134877075364,0.0016331969678589234,-0.0007201881991777922,0.0038253594952390247,0.030334545738612564,0.0031051712960612323,0.16906652975305714,0.16906479997092805,595.1945669200273
1836,0.19142275068997683,1.4230294966271373,1.0643924271528136,0.29968457247031255,0.03777311226571213,280.82487960851597,7.896384782054113,0.05411359088808166,0.01500032,0.06911391088808166,0.029658113585741074,0.0017160766170289613,-0.0007441958071353878,0.00401948455128191,0.03137419020277003,0.0032752887441465225,0.16924321203365209,0.16924139965566953,595.3487447700539
1837,0.19391889860570372,1.4646172521596252,1.0913250553493057,0.3052822262179687,0.038807190347210196,280.9000317240741,8.142878528533638,0.05554576550776732,0.01491471,0.07046047550776732,0.03052148976356361,0.0018000920106265468,-0.0007658600619996964,0.004216269807420427,0.03232158177419016,0.003450409745420731,0.16941397800118374,0.1694120883907487,595.5080672550371
1838,0.19685555149979128,1.5067471836294217,1.1184298127596364,0.3107293895604075,0.03916504241068053,280.97507142836014,8.394902420491322,0.05697541565039472,0.01606601,0.07304142565039472,0.0314054295592444,0.0018863463613187316,-0.0007880403091622139,0.004418299266156556,0.03329177592056313,0.0036302589569943418,0.16958885937606688,0.16958688878747807,595.6671514281235
1839,0.19981991176770572,1.549515010264166,1.1458039841555288,0.31617768655050366,0.03989890610697519,281.0513955870772,8.650428973190719,0.05842914549010734,0.01686057,0.07528971549010734,0.03234997894133356,0.0019754129681112268,-0.0008117414015378608,0.004626915738454479,0.03432539190944479,0.003815174336916618,0.16977045862573037,0.16976840076861124,595.8289586446036
1840,0.20326468502462156,1.5929267499732798,1.173451229551337,0.3216384821983282,0.04050487785485857,281.1285213395778,8.910540590837,0.05989774214395244,0.01731303,0.07721077214395244,0.03330648494853406,0.0020668562013936033,-0.0008357425153646233,0.0048410988698196315,0.03537334114992766,0.004005356354455009,0.1699551435992554,0.16995299549280893,595.992465239905
1841,0.20624454263721875,1.6370867933987039,1.2014762408155661,0.32724813514655665,0.041293566323548254,281.20710473568437,9.174864923343247,0.0613936803085362,0.01783686,0.0792305403085362,0.034261050700327825,0.0021605204304493064,-0.0008596949433592847,0.005060484133834785,0.03642157113077713,0.0042007891904755,0.17014161915174125,0.17013937903332796,596.1590620396508
1842,0.20963390584264602,1.6818941106070238,1.229770290715488,0.33285375201764006,0.0418892614762781,281.28640741481644,9.443981673974163,0.0629028872328507,0.01845379,0.0813566772328507,0.035225065323442446,0.0022565301600034828,-0.0008838844670275743,0.005285363151989515,0.03748159548344593,0.004401478684961941,0.17033106318508326,0.17032872811158464,596.3271837194109
1843,0.21257008442406303,1.727437684081308,1.2584222950896404,0.33857440914772025,0.04267159018968612,281.36710597850833,9.717324599333752,0.06443822246899047,0.01913867,0.08357689246899047,0.036207097142093095,0.0023550064602333633,-0.0009085260869269839,0.005516019501195352,0.03856210360232646,0.004607493414268369,0.1705239905367109,0.17052155700119637,596.4982646744377
1844,0.21617547122203828,1.7736190332527226,1.2873266919117798,0.3442666452193782,0.043263894569559,281.44847626495346,9.995468171049108,0.06598589180922869,0.01984227,0.08582816180922868,0.037209680502745035,0.00245602136568493,-0.0009336833961113279,0.0057526219045395165,0.039665701868429964,0.0048189385084281885,0.17072084524418302,0.17071830921994485,596.6707696817014
1845,0.22044959192390123,1.820583574148264,1.3166309911961982,0.35012720868738645,0.04411331348023513,281.5314550875121,10.277845066215534,0.0675636948971023,0.01936024,0.0869239348971023,0.03816561521400036,0.002558840045000951,-0.0009576701747024455,0.005993449201522016,0.04072445525900131,0.00503577902681957,0.17091577830257768,0.17091314172682107,596.8466847855257
1846,0.22328762065566055,1.8684766185394208,1.3464797764892844,0.3563193247688291,0.045056130083790016,281.6163318498813,10.565259464871458,0.06917710536660691,0.01957365,0.08875075536660691,0.03906682356133609,0.0026631830288094864,-0.0009802837327597966,0.006237846804339529,0.04173000659014558,0.005257563071579732,0.17110839354386398,0.17110565873466677,597.0266235217484
1847,0.22766693545476424,1.9169860986659182,1.3765439656055152,0.36238563562437787,0.04557038165275168,281.7014860815486,10.858102249526835,0.07079530162977525,0.02012972,0.09092502162977525,0.03998214113776324,0.002769740622530192,-0.0010032513264540193,0.006487431582508512,0.04275188176029343,0.005484180256054493,0.17130462139687153,0.171301784659611,597.207150492883
1848,0.2303551565212566,1.9664469332301224,1.4071669932484079,0.3687848054647089,0.046667235103412426,281.78906596704667,11.155086795434991,0.07245908271269506,0.02028715,0.09274623271269507,0.040906573051862606,0.00287850115463375,-0.0010264476215408936,0.006742176198361567,0.043785074206496355,0.005715728576820673,0.17150356594117366,0.17150062444618025,597.392819850139
1849,0.23410471558643237,2.0164916428177224,1.4379630879824963,0.3749891539550123,0.047092594353146104,281.8765364791084,11.458002241689222,0.07412026994205706,0.02043512,0.09455538994205706,0.04181937709259729,0.0029892214510050955,-0.0010493521443753328,0.007001511076747399,0.04480859854360238,0.005952158932372067,0.17170416517584142,0.17170111716906364,597.5782573357098
1850,0.238327178472686,2.0673508535267273,1.4691686328500744,0.3813322417183918,0.048052241609767725,281.965903969705,11.764845158667665,0.07581695114729273,0.01963355,0.09545050114729273,0.04267171539814157,0.0031012967877696584,-0.0010707394315813503,0.007264019801727757,0.045773012185911226,0.006193280370146407,0.1719015308014705,0.17189837960945303,597.7677164157745
1851,0.23529087295612303,2.1191273230420964,1.5008841161372326,0.38792653495890395,0.04895465966158762,282.0568926337998,12.077202809148735,0.07754385866106375,0.02081911,0.09836296866106375,0.04354241617899042,0.0032154353323783132,-0.0010925874789463302,0.007531361080204338,0.046757851511368735,0.006438773601258008,0.17210290796212474,0.17209964938558983,597.9606123836556
1852,0.26075635863563146,2.1702437165947477,1.5314775760959751,0.3926858073302457,0.04787586073084083,282.1422829607518,12.394991966677487,0.07916400661531976,0.01618277,0.09534677661531976,0.044201007306836876,0.003329103367828716,-0.0011091131677613982,0.007797600307482235,0.047530110674665595,0.006688487139720837,0.17228877566145376,0.172285425335346,598.1416398767939
1853,0.261391594794179,2.226893476778943,1.5673489289882945,0.4039470933456216,0.055359300701194665,282.25354879981404,12.711911868173074,0.08127436638630128,0.01055566,0.09183002638630128,0.04436369468072479,0.0034381566711116666,-0.0011131953984525457,0.008053030667328856,0.047801851351836455,0.00693983526887631,0.1724325646320579,0.17242915881602347,598.3775234556058
1854,0.26552872366521113,2.2836809557516253,1.6028539064771803,0.41365247361268037,0.0529886315442216,282.3531759673857,13.054852453884797,0.0831632716881496,0.00922609,0.0923893616881496,0.04434156630539428,0.003544920022632066,-0.001112640142498991,0.008303097382195168,0.04788648632802634,0.007190457239696178,0.1725707265934341,0.17256726944044337,598.5887330508577
1855,0.2651686076402686,2.3413671140996746,1.638782395096356,0.4230383719002972,0.05501254096285615,282.4582004220592,13.39512150414729,0.08515378666116782,0.00783604,0.09298982666116783,0.04438631980999844,0.003652056246754984,-0.0011137631191975843,0.008554037458804509,0.04803837605675342,0.007440274339606924,0.1727136050895681,0.17271009311133895,598.8113848947655
1856,0.2698251511510872,2.39897469618392,1.674122256626192,0.4308896020290421,0.05427331542693024,282.55825987026606,13.74515292214608,0.08704951216265465,0.00742165,0.09447116216265465,0.044534165511738874,0.003760159196573863,-0.0011174729354345525,0.008807241850982096,0.048294324708312734,0.007689768915547544,0.1728690606909134,0.17286548404644547,599.0235109249641
1857,0.27264243692179685,2.457593824119834,1.7100084832510678,0.43887317517485314,0.05588078820043104,282.66235627074616,14.096497873568566,0.0890210093754588,0.00668489,0.0957058993754588,0.04479353434103647,0.003869634258689147,-0.0011239811442154944,0.009063660076460188,0.04866316859972562,0.007939678932244693,0.17303462767964276,0.1730309778668697,599.2441952939819
1858,0.2755404309851485,2.516824822761145,1.7460234316526402,0.4464549338236794,0.056178042311674815,282.76548123054914,14.455874925060451,0.09097339254502103,0.00731801,0.09829140254502103,0.045202132006741634,0.003981189588388901,-0.0011342338755210108,0.009324950813652113,0.04918332159513054,0.008190716938131101,0.17321613890807344,0.17321240146679484,599.4628202087642
1859,0.280081580328226,2.576685228446984,1.7821866093119454,0.4537299432358901,0.056955920008953824,282.86955770100377,14.819378521385152,0.09294306812335854,0.00666178,0.09960484812335854,0.04572516898954039,0.004094867657637065,-0.001147358173816325,0.009591213542616757,0.049820036647177456,0.008443855368800431,0.17340921415745866,0.17340537778073617,599.683462326128
1860,0.2861025335457427,2.6375320968654825,1.8188667020987135,0.46121777566800454,0.058030179011166576,282.9756467536434,15.188242680085002,0.09495008664781358,-0.00044288,0.09450720664781358,0.04591586829574071,0.004205702127299789,-0.0011521432935336538,0.009850815843666772,0.050121570423040496,0.008698672550133119,0.17357630149333905,0.17357239055639923,599.908371117724
1861,0.29263851988104916,2.699686982173399,1.8563847719615079,0.4692942708544525,0.0594035284597784,283.0847695534491,15.563439715613825,0.09701371346750545,-0.01194759,0.08506612346750546,0.04527888021249993,0.0043067652884430435,-0.0011361596788181548,0.010087531274019944,0.04958564550094297,0.00895137159520179,0.17367536833133673,0.17367143036776642,600.1397114533122
1862,0.2678521748071911,2.7632617880998676,1.8948343295137091,0.47798533737277693,0.060789819072389874,283.19687127405876,15.946177730069204,0.09913284662393329,-0.00804954,0.0910833066239333,0.04463515674001054,0.00440526994279998,-0.0011200070564405954,0.01031825403574754,0.04904042668281052,0.009198246979306945,0.17377660252426647,0.1737726363793492,600.3773671010047
1863,0.27091900070044905,2.821450164455109,1.9271865334722158,0.47835110427784977,0.05352044591602761,283.2805082481212,16.33671395564813,0.10071334548393054,-0.00030669,0.10040665548393055,0.044960184781246165,0.004513326718104489,-0.0011281628180938002,0.010571350275558658,0.049473511499350656,0.009443187457464858,0.17396345205895106,0.17395939311726472,600.5546774860169
1864,0.27484787343593486,2.8803046446698324,1.9597838714137372,0.4796062533778282,0.056894559377131566,283.3765893288385,16.70737034601232,0.10252842641809219,-0.00098311,0.1015453164180922,0.04575293562256068,0.004627750201619141,-0.0011480549076733934,0.010839358952867757,0.050380685824179816,0.009691304045194363,0.17418287630769022,0.17417869016505375,600.7583693771377
1865,0.2783883639290096,2.9400125514721474,1.9928221570517108,0.4818685076416088,0.056943547587339834,283.4716467637528,17.088526075678224,0.10432356400198114,-0.0029952,0.10132836400198114,0.04641579451574817,0.004742365484011273,-0.0011646876853315686,0.01110781687155532,0.051158159999759444,0.009943129186223752,0.17439562567174421,0.17439131977471378,600.959891139156
1866,0.2801953637113531,3.0004894846609442,2.026207978243727,0.48486751621088253,0.05799808963002361,283.5695630687456,17.471126840623004,0.10617206139528643,-0.00933409,0.09683797139528642,0.046670783516128675,0.004853539093571433,-0.0011710859933156625,0.011368213523839387,0.05152432260970011,0.010197127530523724,0.17457433376125583,0.17456994270837467,601.1674737057407
1867,0.28355046839270126,3.0613587497348136,2.059543334901967,0.48798408824712547,0.05822607006125246,283.66711224294517,17.85833676238798,0.1080129933781933,-0.01627919,0.0917338033781933,0.046355902464710254,0.004958131437252723,-0.0011631848448648509,0.011613195190413901,0.05131403390196298,0.01045001034554905,0.17470613761637183,0.17470169945253836,601.3742779550438
1868,0.2845508501689657,3.1229567436132797,2.093168643222319,0.4916172836306911,0.05913610891417138,283.7668787793805,18.247958698137648,0.1098951163530721,-0.01746806,0.0924270563530721,0.04588855094055175,0.005059512413617923,-0.001151457833174387,0.011850655024229072,0.05094806335416967,0.010699197191054685,0.1748257633865342,0.17482128615786965,601.5857830122867
1869,0.2877411805070154,3.1847717801025603,2.12655082186588,0.49501655112315224,0.05916610448929969,283.8655052575809,18.642118366711003,0.1117550815142141,-0.01420371,0.0975513715142141,0.04584523679736607,0.005164291899796074,-0.0011503709736323847,0.012096075025763436,0.05100952869716214,0.010945704052131052,0.17498348241840936,0.17497893842384513,601.7948711460715
1870,0.2886624600790868,3.2472797382129808,2.160191291419383,0.49885449031222007,0.06010859770977093,283.96643411765433,19.038160486030158,0.1136577976446639,-0.01231577,0.10134202764466389,0.04628418682585863,0.005274454111374583,-0.0011613853211835782,0.012354102728711496,0.05155864093723321,0.011192717407527917,0.17518347142319263,0.17517882130700413,602.0088403294272
1871,0.30141887393880273,3.3099875543377135,2.193586412972463,0.5024414163207381,0.0601453166738534,284.06616070030475,19.438704546178933,0.11553718425692523,-0.02044848,0.09508870425692523,0.0464718733272306,0.0053826363197211295,-0.0011660948421371997,0.012607492764364644,0.05185450964695173,0.011441397922227444,0.17536387942438506,0.1753591425067884,602.2202606846461
1872,0.34653816728366643,3.375467000676947,2.229388292763315,0.5091511512543913,0.06373999711369904,284.1777464418084,19.841150786941494,0.11763927938531514,-0.0423676,0.07527167938531515,0.04519675506570825,0.005473613204659846,-0.0011340989547021026,0.012820583590209019,0.050670368270368096,0.011686484635506917,0.17541929459777017,0.17541454856315516,602.4568224566337
1873,0.3562094402064083,3.450750502148733,2.274789435761048,0.5275805549991036,0.07506517477903342,284.32818566768793,20.256880542718218,0.1204720052217735,-0.060576,0.0598960052217735,0.042337145516411795,0.005541566624733439,-0.0010623442414268158,0.012979747650532537,0.04787871214114523,0.011917403409105722,0.1753431863447359,0.17533842745317624,602.7757536154985
1874,0.3537695993096956,3.528135133525005,2.321686447767804,0.5458302178397566,0.07401922703821653,284.4696710261708,20.712095595972183,0.12313476508140024,-0.06308408,0.06005068508140024,0.039335143726521686,0.005599466866440422,-0.000987016552813362,0.013115364629837126,0.04493461059296211,0.012128348077023765,0.17526945945881192,0.17526468855916136,603.0757025754821
1875,0.3636769390574419,3.6049891376780034,2.3673446733582666,0.5605066569986132,0.07364384778745521,284.60648431582234,21.172042972447407,0.12570833723851507,-0.06190074,0.06380759723851506,0.03721650210496671,0.005659688517565501,-0.0009338545670712289,0.013256418935890793,0.04287619062253221,0.012322564368819565,0.17527283965126741,0.175268068640849,603.3657467495434
1876,0.3679430621902155,3.683995568664289,2.414562298865328,0.5756909793120071,0.07650536226554153,284.7507542091072,21.637185909485318,0.12842083455781544,-0.06006402,0.06835681455781545,0.036013241723740146,0.005725057571396923,-0.000903661772508885,0.013409529758216555,0.04173829929513707,0.01250586798570767,0.17535647286980036,0.17535168209695332,603.6715989233072
1877,0.37260553226133397,3.763928587469254,2.4620691445745875,0.5897520311614538,0.07680074599694485,284.89255050920224,22.116617045127065,0.13108548567455364,-0.05445088,0.07663460567455363,0.0357698301637116,0.005798473772337776,-0.0008975539712875486,0.01358148903006216,0.04156830393604938,0.01268393505877461,0.17552802058273212,0.1755231510536287,603.9722070795087
1878,0.37632469774627125,3.844874326166798,2.5099682693477545,0.6030252589879702,0.07809244688444232,285.035960301387,22.60251201408944,0.1337791090774886,-0.05096957,0.08280953907748861,0.03634684493372173,0.005880955477558366,-0.0009120327064658768,0.013774682000939842,0.042227800411280096,0.012862649294473965,0.17577288035935348,0.17576785295714362,604.2762358389405
1879,0.3857507557144809,3.9266278088827167,2.558059092647742,0.6154102719372315,0.0788459591675844,285.17894313263525,23.097196771065192,0.1364633641450822,-0.05348947,0.0829738941450822,0.03712052420062135,0.005967234790788735,-0.0009314462428268371,0.013976769928240597,0.04308775899141008,0.01304532368541376,0.17603856387857447,0.17603335113860777,604.5793594411867
1880,0.40118970358480716,4.010429142601619,2.6076233403269433,0.6286735081456117,0.08136516950368647,285.32809116057786,23.598794553941577,0.13926192635871676,-0.06437074,0.07489118635871676,0.03728155148117929,0.006048098920121125,-0.0009354868176489407,0.01416617412813415,0.043329650401300414,0.013230687310485208,0.1762545101715543,0.1762491738666113,604.8955532604251
1881,0.417843126700108,4.097584911564953,2.6599780503221426,0.6443545210560461,0.084956789172281,285.4868742721154,24.11269652908174,0.14223967073317598,-0.07157924,0.07066043073317597,0.0367584795966582,0.0061207358994201655,-0.0009223616435826388,0.014336308266229773,0.042879215496078364,0.013413946622647135,0.1764163107486953,0.17641090395183098,605.2321734568848
1882,0.40343158703594,4.1883589962051335,2.7153450768246263,0.6623954100824512,0.08851792246378087,285.654617405576,24.64290851474952,0.14538364872068593,-0.06837781,0.07700583872068593,0.036487971926342955,0.006194485780884712,-0.0009155739335867019,0.014509049102078253,0.042682457707227665,0.013593475168491551,0.17660630885650666,0.17660080574937695,605.5877888998211
1883,0.4128218461379324,4.276000964273159,2.766730155272716,0.6736783655470455,0.08353251893993961,285.79994200403286,25.190095330537186,0.1481059480935161,-0.06717105,0.0809348980935161,0.03682029531735035,0.006274604191634567,-0.0009239127537036908,0.014696706640842369,0.043094899508984916,0.013772793887138679,0.17685529591443394,0.17684962954651323,605.8958770485497
1884,0.41594720503244076,4.365682973475009,2.8195368497344355,0.6860116733730137,0.08785512173090425,285.95908661831334,25.72789106207499,0.1510855440082238,-0.06756708,0.0835184640082238,0.03742327364735651,0.006358642118969286,-0.0009390429791540317,0.01489354467668046,0.04378191576632579,0.013954501697526428,0.17712447162580863,0.17711861502500417,606.2332636308244
1885,0.41836542948140354,4.456043653585882,2.8723479880680896,0.6974804042526636,0.0875378835960332,286.11340992950267,26.282533717022382,0.153973289530129,-0.06415817,0.08981511953012901,0.038374400116464764,0.0064481151969430885,-0.0009629091069952224,0.015103113207072754,0.044822515313407855,0.014140204100077531,0.17743098640596744,0.17742488433523132,606.5604290505457
1886,0.42128927123722,4.546929347176262,2.925015859397062,0.7080461919992386,0.08850330214426833,286.2684947007168,26.84068871254896,0.15687371501943642,-0.06135672,0.09551699501943642,0.03975311871892,0.006545014519718733,-0.0009975045845599198,0.015330075877073293,0.04629813323863873,0.014332571292513373,0.17777678540668065,0.17777037219396172,606.8892087655197
1887,0.4274055613015262,4.638449929195762,2.977667348717837,0.7180204151404344,0.08923781089268819,286.4233755039467,27.405474664724476,0.1597687580887639,-0.06233754,0.0974312180887639,0.0412235485655003,0.006646485354590879,-0.0010344013252561284,0.015567746182190784,0.047870033920091176,0.014533344856934655,0.17813409436226213,0.1781273492076914,607.2175560683671
1888,0.4415430938232073,4.731299118575381,3.031023142906868,0.7284081417053717,0.09093623501636139,286.58166663820396,27.975997250058363,0.1627259302073337,-0.06993102,0.0927949102073337,0.0422076114689131,0.006745840702569989,-0.0010590939101219902,0.01580046148308491,0.04895345217148309,0.01474136757296292,0.17845212153851003,0.1784451120927601,607.5531332729925
1889,0.44076805752712583,4.827219919874259,3.0868631831953057,0.7413918453977769,0.09453696669454106,286.7500119151619,28.55517662181271,0.16586914061971117,-0.07247856,0.09339058061971117,0.04276924747389487,0.006842241775529518,-0.0010731867538504144,0.01602625712626469,0.04961148924942439,0.014953070372414274,0.17873728532087763,0.17873006224936527,607.9100252601432
1890,0.45376465674859967,4.922971811427717,3.141806198865334,0.7523469086342891,0.09343183208154296,286.91055675100887,29.149249851774655,0.1688649887719693,-0.07327583,0.09558915877196929,0.04335881437551509,0.006940107245107331,-0.0010879804532184859,0.016255482755918104,0.05029892162062242,0.015167502302699618,0.1790312859807417,0.17902383609865496,608.2503803121389
1891,0.4608048797182336,5.021547373509495,3.1989542418611006,0.7654840032176371,0.0975536777197638,287.083539296308,29.744507928047522,0.1720910552698052,-0.07842425,0.0936668052698052,0.043823004272435,0.007037805242530111,-0.0010996281318209607,0.016484316123516758,0.050860809514965105,0.015384687991695798,0.17931530061278123,0.17930763862947532,608.617103308173
1892,0.46832374052647796,5.121652269862814,3.2569417035901815,0.778786417347389,0.09847203985309026,287.2558524306535,30.356110428237777,0.17530270545533036,-0.08141912,0.09388358545533036,0.04409789162978045,0.00713406013271855,-0.0011065257390534505,0.016709769369752117,0.051231951762499,0.015603243630698666,0.17958962896347824,0.17958176867242437,608.9824071529854
1893,0.46679049898987357,5.223390500037582,3.315863801282962,0.7923634916223037,0.10047282557836197,287.4320906185212,30.975331799874304,0.17858552031612251,-0.08330621,0.09527931031612251,0.04440039413767659,0.00723101734841185,-0.001114116279071224,0.01693686763957718,0.051631411486088435,0.015822751360505958,0.17986981825969983,0.17986175127093362,609.356032111265
1894,0.4803416965197289,5.324795035629433,3.3736834983187753,0.803626688938821,0.09966396614920005,287.60176918903625,31.60520908824097,0.18174424690041607,-0.08568659,0.09605765690041607,0.044750332740281354,0.007329036045005981,-0.0011228971086428828,0.017166452165575212,0.052079368785287336,0.016043555056932328,0.18015885609516738,0.18015056945089206,609.7157506807569
1895,0.493080664126264,5.429143730172796,3.433799917568936,0.8171992115037592,0.10385066623997218,287.78399352548547,32.23721789159044,0.18513445006294507,-0.08962221,0.09551224006294508,0.04503203660966056,0.007426859857589317,-0.001129965759109803,0.017395580224033907,0.05245889646724988,0.016265614464924104,0.18044319066904724,0.180434691197914,610.1020662740292
1896,0.5001685343865498,5.53626007065918,3.4959999569968536,0.8325030774282638,0.10636880490614402,287.97113190999045,32.88581552438757,0.18861384336253068,-0.0909038,0.09771004336253067,0.04534545873079373,0.007525406801652994,-0.0011378302993725027,0.017626402038928027,0.05287086553244672,0.016488571739555525,0.18073737037757834,0.18072864345178158,610.4987996491798
1897,0.5110217099534423,5.644916061663064,3.558993633113242,0.8476929812852789,0.10782584880564379,288.1594285248672,33.546983993748285,0.19211248982660706,-0.09005431,0.10205817982660706,0.045943307868082234,0.007627831279892422,-0.0011528318206251397,0.0178663060174982,0.05357113914797466,0.01671347419687306,0.1810622154977463,0.18105321262858606,610.8979884727186
1898,0.5229837158362233,5.755929902570809,3.6236242816739863,0.8638780529508692,0.11065724789555546,288.3540894850912,34.21766878317474,0.19572698648056208,-0.08999961,0.10572737648056209,0.046834612033436106,0.007735067883872326,-0.0011751968581323654,0.0181174812090671,0.054569679917308433,0.016942284350934735,0.18141752521336724,0.1814081936178892,611.3106697083934
1899,0.5436353270832274,5.869542536492413,3.690128748706733,0.8812505782981106,0.113438555659726,288.554360419157,34.901819880528095,0.19944310438693622,-0.09157408,0.10786902438693621,0.04783459456038833,0.007845675812841787,-0.0012002889059328796,0.01837655289463773,0.05568027037323012,0.01717626398870485,0.18178869159845487,0.1817790019269397,611.7352440886128
1900,0.5572904159941372,5.9876422053467016,3.760435007868886,0.9021058587760465,0.11866050101359978,288.76884357300526,35.599622487786185,0.2034200773463575,-0.09327026,0.11014981734635751,0.048848766985750046,0.007958748088212207,-0.0012257370135640199,0.018641396701446634,0.056807515073962256,0.017415659687882615,0.1821674833381355,0.18215742096134585,612.1899483747711
1901,0.5889700739062014,6.108708543856433,3.8329284703285245,0.9239600823392227,0.12129659275504028,288.9868936892792,36.31881192319297,0.20746016251587082,-0.09732457,0.11013559251587082,0.04975353143635185,0.008072884219913387,-0.0012484398030936522,0.01890873232828492,0.057826415656265236,0.01766029252519127,0.18254603520132814,0.18253560043198624,612.6522146212719
1902,0.5956000521066255,6.236658276981867,3.9116198071340973,0.9517653019409806,0.12964443935186803,289.2296878254088,37.052704911279385,0.2119551255198479,-0.10172533,0.1102297955198479,0.05046188824837093,0.008186670656917472,-0.0012662142366541818,0.019175248881884467,0.0586485589052884,0.017909034645230287,0.18291384620458406,0.18290305918979913,613.1669381898666
1903,0.6308965343266573,6.36604807215278,3.9908125164838104,0.9775611979857256,0.12953093643171273,289.46395272305404,37.81873543873754,0.21628860731822594,-0.10620151,0.11008709731822594,0.05100982825055814,0.00830002561098523,-0.001279963413620903,0.019440754793546764,0.05930985386154337,0.01816079137992586,0.18328106518799459,0.1832699268971617,613.6635797728746
1904,0.6441465635041949,6.503107155260816,4.076924729383132,1.0097583274567519,0.13964368287217505,289.7294338949729,38.593416007042094,0.22119529715861266,-0.11058166,0.11061363715861267,0.05145806100634313,0.008413229872972687,-0.0012912106878789765,0.01970590774632438,0.059871290879315815,0.018414697058445402,0.18364359731784827,0.18363211627562961,614.2263998573426
1905,0.6732487420267874,6.64304479194543,4.164925018118528,1.0411872827968767,0.14094713500789116,289.99010422786876,39.40638561593174,0.22600869925247347,-0.11380284,0.11220585925247346,0.05192217154290721,0.008527403440099826,-0.0013028563751328148,0.019973331056378454,0.060449574983007036,0.01867047468124564,0.18402377555358973,0.18401191850689452,614.7790209630818
1906,0.7015839142259266,6.789305644748057,4.2583480061285846,1.0764715821654984,0.14901082051315645,290.2731360535553,40.2336454785731,0.23123012002503318,-0.11912159,0.11210853002503318,0.052359204555363775,0.008642139359300378,-0.001313822619985498,0.020242071536918413,0.06100134391466415,0.018928248916932913,0.1844081034512835,0.18439586225153057,615.3790484335373
1907,0.7477781057460711,6.941723012566932,4.35695316105546,1.1148440394039953,0.15511468272183698,290.56863489574823,41.094545831283,0.236676104819218,-0.12428273,0.112393374819218,0.052710044429229976,0.008756592958282352,-0.001322626064693885,0.020510150752252706,0.061466637387512325,0.01918752468755882,0.18479912477020455,0.18478648618693275,616.0055059789863
1908,0.7376098832283181,7.104177631331433,4.464676810619969,1.1609171125226327,0.16670506200742366,290.89647661648144,41.98481096751028,0.24271168535132268,-0.12175073,0.12096095535132267,0.05347373315181994,0.008876358555353878,-0.001341788913459198,0.020790672007788193,0.062350091707173816,0.019448883094328996,0.18524019126466046,0.1852270504377878,616.7005304269406
1909,0.754613367879178,7.264421907789293,4.56879063424079,1.1977049832866298,0.1614128012032259,291.19233032651994,42.92133405467269,0.24815252908989674,-0.11645298,0.13169954908989673,0.05510267462158022,0.00900815959421561,-0.001382663104879362,0.02109938330557677,0.06411083421579583,0.01971672020069741,0.1857796241263892,0.18576573966260387,617.3277402922223
1910,0.7749725029057654,7.428360290268553,4.675469748370882,1.2343734110694742,0.1680444042662983,291.5062478539752,43.8556092363714,0.25391953096862524,-0.1169102,0.13700933096862522,0.05721396928179987,0.009149849044824326,-0.0014356407370952628,0.021431255759376273,0.06636381832662419,0.01999561502228101,0.1863637493611693,0.18634899587732284,617.9932454504275
1911,0.7618579745266536,7.596721955679903,4.785453367816935,1.2719595520806806,0.17266625507611555,291.8268011306536,44.81897799597336,0.2598020335477293,-0.1136427,0.1461593335477293,0.059636425439714716,0.009300370737367813,-0.001496426184911346,0.02178381555292373,0.06893679617708252,0.020287389368012384,0.1869903046918996,0.1869745542005785,618.6728183969857
1912,0.7660181521757775,7.76223306725663,4.891221150009478,1.3009485447703706,0.168623739696569,292.123026501733,45.80611911528154,0.26523235075283136,-0.10638151,0.15885084075283135,0.06269409930942477,0.009464455964035737,-0.0015731508244217856,0.02216814456664059,0.0721585552734605,0.020594993742218803,0.18768718364117443,0.1876702052983807,619.300816183674
1913,0.7884126821544782,7.928647454435576,4.996732907085006,1.3275766012836034,0.17153159559579864,292.42448855839996,46.79097803776028,0.2707530148290519,-0.10198563,0.1687673848290519,0.06627273808563847,0.009642549188090805,-0.0016629477686816107,0.022585283845664546,0.07591528727372927,0.020922336076982937,0.18843398557536434,0.18841560088446113,619.9399157438079
1914,0.742989692042031,8.09992745374195,5.10610318604473,1.3574133404090163,0.17786891950168757,292.7413128996974,47.79074532037722,0.2765488775497364,-0.09477063,0.1817782475497364,0.07028678302205293,0.00983480941484914,-0.0017636701360262711,0.02303560582057672,0.08012159243690208,0.021271935684550446,0.18923060017898002,0.1892106191817839,620.6115833473585
1915,0.733239940096199,8.261336309289769,5.204116304477371,1.370919208560344,0.16476511629951626,293.001136938627,48.81505650497559,0.28129731917028206,-0.08578781,0.19550950917028204,0.07483776871817524,0.010043647068293436,-0.0018778656819970591,0.023524756312702528,0.08488141578646868,0.02164689063070547,0.1900911021162863,0.19006926422469753,621.1624103098892
1916,0.7661310418786945,8.420625888393609,5.298947854870478,1.3806159909607167,0.16597241120362383,293.26616214542844,49.80767173956045,0.2861364792091984,-0.08325857,0.20287790920919838,0.07948963076576938,0.010265360831276233,-0.0019945924664293703,0.024044065903120946,0.08975499159704561,0.022049473436691575,0.1909523336011919,0.1909286344526798,621.7242637483083
1917,0.7875337666873716,8.587062065742101,5.400200894187142,1.399101655834119,0.1757068300530476,293.5620714458164,50.8045418315208,0.2915343948826591,-0.0829626,0.2085717948826591,0.08380162542271559,0.010494721735888038,-0.0021027911330374974,0.024581287029268158,0.09429634715860363,0.02247849589623066,0.19178828903301093,0.1917628321955339,622.3515914651308
1918,0.7825839810116157,8.758148379591502,5.505216231602978,1.421856097406366,0.1804422929360185,293.86566300153686,51.830499318770656,0.2970667968027938,-0.08019705,0.2168697468027938,0.08790836091803364,0.010732304231441975,-0.0022058393369562765,0.025137765196418627,0.09864066514947561,0.02293192585946235,0.1926216277702308,0.19259442279289604,622.9952055632582
1919,0.7257386335529317,8.928158410518883,5.608049354181336,1.4408435414819463,0.17901906694555852,294.1560703731277,52.873913730742686,0.30235359505455534,-0.07137412,0.23097947505455535,0.09231156432474039,0.010983510266095769,-0.002316326657862986,0.025726153130535365,0.10329507459083616,0.02340982647267238,0.1934944767231032,0.19346535827819875,623.6108691910308
1920,0.7896811022474441,9.085815273919321,5.6971285137320855,1.4420036147915272,0.16458025517374297,294.38952765761667,53.9175501907583,0.30659984721504446,-0.06632753,0.24027231721504447,0.09697477151505031,0.011248929782387547,-0.002433338120132815,0.026347832625936072,0.10822370129743786,0.02391449450580326,0.19439661766510713,0.1943654582255731,624.1057986341474
1921,0.7515015954597913,9.257366238891604,5.7997099646681445,1.4620034516146851,0.18606352543510696,294.7051431806095,54.92256921877802,0.3123350892031328,-0.06110771,0.2512273792031328,0.1016863926012048,0.011526479962127635,-0.0025515644074180803,0.02699792519674579,0.11321287256333243,0.024446360789327708,0.19529177187509578,0.19525860063025424,624.7749035428923
1922,0.7665125663112751,9.420620132839115,5.892747978306042,1.4693492270429693,0.17234041363673375,294.9550577518249,55.985933710176226,0.31687208349067414,-0.0542606,0.26261148349067415,0.10654449635251367,0.011817466901327284,-0.0026734663089635295,0.027679490049463587,0.11836196325384096,0.02500602374050006,0.1962307940851723,0.19619541512783437,625.3047224338687
1923,0.824990214333776,9.587135305640377,5.9883066305548285,1.4808900272330416,0.1800726166833971,295.23640458011164,57.014485074788205,0.32197510710417493,-0.0610025,0.2609726071041749,0.1108146535054588,0.01211371303586051,-0.0027806151685780796,0.028373373265001386,0.1229283665413193,0.025592758096423307,0.1971038761166128,0.19706657700302774,625.9011777098367
1924,0.8283011835167007,9.766357039201047,6.0960722992646454,1.5082502248781238,0.19575150485272258,295.56643106819655,58.0638081744358,0.3279548803567667,-0.06533134,0.26262354035676666,0.11414453999583592,0.012408926509199943,-0.002864170299527704,0.0290648377273938,0.12655346650503585,0.026200667427866097,0.19790021708938746,0.19786130719595882,626.6008338645768
1925,0.8323405048885076,9.946297536473587,6.203508905294083,1.5335892402841833,0.194791780248722,295.87818746230056,59.158883127990705,0.33359748691749685,-0.06160418,0.27199330691749685,0.11734015507185182,0.01271021506769262,-0.0029443562268596777,0.029770531572483282,0.13005037013954443,0.026826175345623603,0.19870717662990428,0.19866661391967821,627.2617574200772
1926,0.8252924073893089,10.127115073136489,6.310796611317074,1.5574261290803162,0.19700360327988073,296.19234141681375,60.25743861478638,0.3392774769275995,-0.05839943,0.28087804692759955,0.12079894600507055,0.013022221271768141,-0.0030311458907679315,0.030501328848514524,0.13382116727683868,0.027470182957746593,0.1995448503532898,0.1995025119155473,627.9277638036451
1927,0.8851731164353798,10.306400362190157,6.4154745959435715,1.576890111167192,0.19564881400934672,296.49441388331024,61.36666488947914,0.34473335179850945,-0.05890913,0.28582422179850947,0.12421876569173744,0.013342052161813334,-0.003116957669208221,0.031250453513930146,0.1375608178535508,0.028133495844721926,0.20038745315202072,0.20034331818779158,628.5681574326178
1928,0.8839270660550387,10.49869704802791,6.53257854964138,1.6115043289459843,0.2133744194180742,296.85615434603335,62.47634211534916,0.3512596095975554,-0.06001239,0.2912472195975554,0.12743343025051862,0.0136674484868567,-0.003197621595424414,0.03201261383275095,0.1411008787373753,0.02881499223732653,0.20121430631119971,0.20116843737473591,629.3350472135908
1929,0.9330552308374901,10.690722222788867,6.64826133676288,1.6419437400715413,0.2112201869193256,297.19214748654264,63.637962037506156,0.35731423310767063,-0.05949532,0.2978189131076706,0.1305767186584003,0.01399943966632062,-0.003276494516556102,0.03279022096507549,0.1445761583247209,0.029513726448519385,0.20206094599431956,0.20201326268673112,630.0473526714704
1930,0.9240931281478454,10.89342221604556,6.7738421339225265,1.6830525864263612,0.226149485562949,297.5764664219574,64.80128298380238,0.3642313042869735,-0.05584482,0.30838648428697346,0.13394529848071304,0.014341322709661387,-0.003361020559405007,0.03359099733917037,0.14828662119037442,0.030229976779765362,0.20293444817815565,0.2028848389037515,630.8621088145496
1931,0.8730901645785293,11.094173973279743,6.896205477377703,1.7170439197435396,0.22255524341842842,297.9299786138194,66.01091456872832,0.3705860243725133,-0.04664388,0.32394214437251334,0.1379706548239768,0.014698859388842545,-0.003462026758070419,0.03442843847916642,0.15266951421281935,0.030966411721096,0.20389756494024094,0.20384563611999024,631.6115546612972
1932,0.7861554018565948,11.283842055515604,7.006022319535422,1.7331417887336336,0.21018755683188517,298.23319372061655,67.21904969122484,0.3760306017261334,-0.03675129,0.3392793117261334,0.14274978896309834,0.015075069885795128,-0.0035819471157084643,0.03530961841339862,0.15782485884889347,0.031727671297690156,0.20493987914080647,0.2048852531661252,632.2543706877071
1933,0.8057805023345829,11.454618565059693,7.095443278714472,1.7237117254334426,0.18911095206045087,298.46288452126805,68.39875464577965,0.38015128166951445,-0.03097817,0.3491731116695145,0.14780159485410949,0.015466233701129057,-0.0037087094855295794,0.03622582279329239,0.16326782855523855,0.03251711330776281,0.20600265806533383,0.20594523204783377,632.7413151850883
1934,0.8371976812501382,11.629659063989982,7.1886068359346265,1.7222705793329076,0.19845756461536207,298.7389940438729,69.52165712280673,0.38510052373002707,-0.03005086,0.35504966373002705,0.15256397178231684,0.015866195097018563,-0.0038282093630832943,0.03716263332723598,0.1684301668793354,0.03333442396415269,0.207017163039584,0.20695717230416613,633.3266673730105
1935,0.8588877921059284,11.81152594285563,7.288094770390284,1.7310143634375497,0.20703998858877315,299.03767506527225,70.66331244169035,0.3904492102778341,-0.0288055,0.3616437102778341,0.15693570826255127,0.01627279603267724,-0.003937907100570395,0.03811499533904773,0.1732085042952285,0.034177088238477336,0.20800665141314678,0.2079442132707009,633.9598711383773
1936,0.9098574903900747,11.998105475713677,7.391647408822767,1.7458161007302961,0.21308843387820658,299.34865741914496,71.8248719707448,0.39601251136115007,-0.02857808,0.36743443136115006,0.16099558048196858,0.016685957210044237,-0.004039779388383346,0.03908272309265541,0.1776815376920128,0.035042943704272064,0.2089791246817756,0.2089143170170869,634.6191537285873
1937,0.936450739444509,12.195760095437693,7.505774282656061,1.7741331044997866,0.22757134041049035,299.703238823004,73.00205727419052,0.4023487277849624,-0.02649252,0.37585620778496237,0.1649180136400558,0.01710683605734056,-0.004138202988440658,0.0400685275770716,0.18202484969739635,0.03593032458863094,0.20994995692221433,0.20988278650014208,635.3708663047686
1938,0.903712559823945,12.399192752228307,7.624894467337073,1.8073260768376207,0.23446989374871083,300.06588319015174,74.21852678345974,0.4088212765339153,-0.01561886,0.3932024165339153,0.16936405930601978,0.01754286306577928,-0.004249765328148388,0.04108981287807137,0.18690692237179907,0.03684004754992298,0.2109972052404472,0.2109273096445593,636.1396723631217
1939,0.9335030552587062,12.595510726753002,7.735699764169008,1.828116335011846,0.22597644477001735,300.3853032707039,75.45722683951591,0.41451587350473895,-0.00756791,0.40694796350473894,0.17447353152344022,0.017997414958947015,-0.004377974689471597,0.04215448813453331,0.19247094648238725,0.037776513445061714,0.21212850482866025,0.2120554567171372,636.8168429338923
1940,0.9804502219003516,12.798301563865804,7.852342366511915,1.8558873942778238,0.23639383589744306,300.742925160553,76.67809491018429,0.4208843487765844,-0.00821566,0.4126686887765844,0.17946901033793966,0.018462924518166998,-0.004503323672900249,0.04324482901045423,0.19793193485610666,0.03874150533755399,0.2132466972914694,0.21317056416134691,637.5750013403724
1941,0.9865160141018171,13.011293380673118,7.978599096483679,1.8945890189424357,0.24973036102704332,301.1342118571263,77.92712158387769,0.42784365171016947,-0.01102469,0.41681896171016947,0.18387829110701603,0.01893316508232444,-0.004613963489938609,0.044346251093979445,0.2028114561893405,0.039732287604040836,0.21432410839345345,0.21424509710607959,638.4045291371077
1942,0.9928593956804738,13.225602602045626,8.105190264695512,1.931259095156608,0.2515799263054867,301.51363188820324,79.21416506789039,0.43458326766729793,-0.01302018,0.42156308766729794,0.187784272980617,0.019407490763794485,-0.004711974286366275,0.04545724155327834,0.2071917637444115,0.040745267266912064,0.2153731627475429,0.21529141255272247,639.2088996029909
1943,1.0010326628626385,13.441289540878246,8.232171799790855,1.966239280107883,0.25450554382717194,301.89420616460416,80.51220952076304,0.44133487202670824,-0.01260836,0.42872651202670825,0.19146354646216443,0.01988783188212693,-0.004804296405585227,0.04658232168392273,0.21135137834429135,0.0417780252783375,0.21640942551107106,0.21632499773721262,640.0157170689608
1944,1.0139800049480792,13.658751828055646,8.359953312840922,2.000279078184143,0.25784801505215255,302.2768322341329,81.82323149863093,0.44811430163573174,-0.01308194,0.4350323616357317,0.1950424655901254,0.02037517362020435,-0.0048941003845674146,0.04772379903287026,0.21541763921032975,0.04282969864830284,0.2174467933160192,0.21735968221081509,640.8268843363618
1945,0.9042509295947446,13.879026868905738,8.489605189087667,2.0348772850526036,0.2624999573487752,302.66600930039476,83.14781372864567,0.4550010054021849,-0.01360996,0.44139104540218493,0.198502412691351,0.02086897251282075,-0.004980919059605475,0.04888040066744532,0.21937138520417174,0.043899481607839845,0.21848352496849818,0.21839373319439498,641.651939716837
1946,0.9880888025139695,14.07545707154313,8.59363569811969,2.0353488101348387,0.2331940724730987,302.9376356522708,84.48897783340936,0.45980233913118,-0.01775414,0.44204819913118,0.2015556100798337,0.021365559310460084,-0.005057531373072302,0.05004353227921307,0.22292116939029377,0.04498600090614077,0.2194905850480333,0.2193982523299877,642.2277875828141
1947,1.0646469795100415,14.290104640489634,8.7156961921559,2.0606068319735287,0.2593551590360618,303.3257628236551,85.76089649140421,0.46665550433439135,-0.02665017,0.4400053343343914,0.20385084856361968,0.02185950492634353,-0.005115124613150475,0.05120047757671051,0.2257103534899632,0.04608535296356003,0.2203891419469467,0.22029474765094134,643.0506171861489
1948,1.1009003866037645,14.521387588807402,8.853906199396487,2.105383105817328,0.280095762339253,303.7607726563605,87.09572724263013,0.4743260629210726,-0.0351565,0.4391695629210726,0.20548551029363957,0.022349856938137166,-0.005156142340122508,0.05234900574645321,0.22783536723177672,0.0471928634063307,0.22125145706773056,0.22115514996128824,643.9728380314842
1949,1.0842730694700065,14.760547609858401,8.999043911352459,2.155856105751373,0.2901385702543956,304.20558619721663,88.48663135561506,0.4821581403518102,-0.03790194,0.4442562003518102,0.2069971678655706,0.022841229503424855,-0.005194073586949899,0.05349992431005268,0.22983839736899545,0.04830585072310278,0.22213104284363958,0.22203275266568853,644.9158427380993
1950,1.1745252595410498,14.996093698125186,9.13920221456826,2.196446319075466,0.28624750076304933,304.61798973253195,89.91099476802299,0.4894093327518194,-0.04104037,0.4483689627518194,0.20866176201967995,0.02333680906330187,-0.005235842392861609,0.0546606967167681,0.23199857108298183,0.04942485432390649,0.2230467134422109,0.22294628974854466,645.7901382329678
1951,1.3259527767775081,15.251250804050297,9.298405440739336,2.2586338330750735,0.31259219278405037,305.12088227064874,91.33485613744243,0.4982382988936971,-0.05942583,0.43881246889369707,0.20963579202449598,0.0238271287185076,-0.005260283227357457,0.05580914909921557,0.23346292074300357,0.05054886587185811,0.22389165705215985,0.22378938894714648,646.8562704137754
1952,1.346716111669646,15.539312223555633,9.490117579902257,2.357000081451364,0.35456257452139545,305.74099245943063,92.83124242399313,0.5091051680985057,-0.07795559,0.4311495780985057,0.20947908091040182,0.024304615569984738,-0.0052563509558829664,0.056927543816507026,0.23378369648038655,0.05167119286062406,0.2246528728459285,0.2245490753026099,648.170904013993
1953,1.3672530712126043,15.831884464296463,9.684673791525222,2.4501823762719193,0.359962141991538,306.32670277408516,94.44457471366516,0.5193489893310063,-0.08520436,0.4341446293310063,0.20913190958537375,0.024777415931813002,-0.00524763956418583,0.058034961592235125,0.23390932551718677,0.0527873220280493,0.2254527148564298,0.2253472463810255,649.4126098810606
1954,1.4076325462998045,16.128918334032594,9.882022244214404,2.5388717466690682,0.3667724465030954,306.91658477141914,96.09260139028785,0.5296459941758732,-0.09186512,0.4377808741758732,0.20921704755761178,0.02525283234362246,-0.005249775887582946,0.05914850681727431,0.23446987990123425,0.05389873092969136,0.22631892559579106,0.22621152910596534,650.6631597154086
1955,1.5091749605386202,16.43472562001753,10.086621629350413,2.629378008178328,0.37916786622900556,307.52989312377525,97.77656868144848,0.540330966670077,-0.09856007,0.44177089667007696,0.20969093550482606,0.025731497422600495,-0.005261666914379014,0.06026966124074133,0.23542243292742657,0.05500799432636232,0.22724818386637768,0.22713859884991344,651.9633734224036
1956,1.595561919833392,16.76259701833987,10.31213643397606,2.738915685149181,0.4084859012271178,308.2221350386922,99.50846673816639,0.5523655391893006,-0.10503251,0.4473330291893006,0.21057271074256004,0.026214642730429456,-0.005283792847401029,0.061401309490925544,0.2367873534729895,0.05611751664352452,0.2282493176161547,0.22813722785481227,653.4309262820275
1957,1.6416096590982014,17.109239183663664,10.55499041476995,2.8611042739464727,0.4335292849026553,308.95886315728274,101.32919439680128,0.5651438471289263,-0.11132448,0.4538193671289263,0.2119035309776952,0.026703862813853133,-0.005317186435842699,0.06254718639874261,0.23860739379154833,0.057229999962899916,0.22934812347557354,0.22923306647840813,654.9927898934394
1958,1.693533185135185,17.465886363156137,10.806023099403243,2.983289782892237,0.4479175075108516,309.70311675296244,103.2315892512485,0.578021780332754,-0.11301114,0.46501064033275397,0.21389243082967604,0.027202769492580256,-0.005367092878016687,0.06371575175752414,0.2410952003222563,0.05834865887950746,0.23056555026897657,0.23044691378715332,656.5706075162805
1959,1.6993522675927812,17.833815371918224,11.066542215303933,3.1074382114812993,0.4644721125668576,310.4722679112703,105.19127914812242,0.5912980431343958,-0.10587586,0.48542218313439583,0.2171462653931915,0.027720314529672888,-0.005448739677037802,0.06492797285566371,0.2448665799228644,0.059479233178625905,0.23195877113624463,0.23183554611595905,658.201207971893
1960,1.75649877307222,18.203007736109267,11.326230867136207,3.2207093771215467,0.46876364269174997,311.21871162305877,107.21144528642759,0.6041509437895604,-0.09670858,0.5074423637895603,0.22194488969596748,0.02826341598212919,-0.005569149091339215,0.06620005352867367,0.25020830567809665,0.06063090443733445,0.23356401903046692,0.23343482811989277,659.7836686408846
1961,1.7832849941234115,18.584616983659064,11.596732620105742,3.3393662165980547,0.48777319170687683,312.00848901206973,109.26089462063746,0.6177164802459326,-0.10438456,0.5133319202459327,0.22713093417629596,0.02882260812858944,-0.005699279841116018,0.06750982266811136,0.2559535423048854,0.061810542826995336,0.23523946012930144,0.23510381088803672,661.4579967055879
1962,1.821910904742351,18.972045809907947,11.871194632252207,3.4544709897823083,0.49872956341398783,312.7964409953564,111.37100060361131,0.6312164868138208,-0.11533521,0.5158812768138208,0.2316081124573808,0.029385277257665283,-0.005811623375540367,0.06882773577837747,0.2609933897150461,0.06301611240283711,0.23687808023518106,0.2367362354875783,663.1284549101556
1963,1.896449845351032,19.367866957480565,12.15223571354374,3.56987274383714,0.5129443542304927,313.60291976909195,113.52371672134576,0.6449987430430036,-0.11506179,0.5299369530430036,0.23600262242106182,0.02995668529581344,-0.005921892556347551,0.07016611761927173,0.26595930771687526,0.06424422506292418,0.23854096292803528,0.2383927543401532,664.838189910475
1964,1.9679692457523978,19.779884315831097,12.447872069841168,3.695866700699519,0.5373189589033603,314.46094204527515,115.72518316798158,0.6596229886572575,-0.11329105,0.5463319386572576,0.241051049434859,0.030545730816166863,-0.0060485701417386595,0.07154581089494932,0.27159678025102585,0.06549724075321066,0.2403163065848755,0.2401609189661397,666.6571971359833
1965,2.0382557619417723,20.2074417252254,12.757363846886067,3.830735181427272,0.5615794963485423,315.35712024988726,117.99738017519898,0.6748550262683768,-0.10911445,0.5657405762683768,0.24689527009026538,0.031155805621669263,-0.006195216168133894,0.07297476006394894,0.27805107571193466,0.06677954389581504,0.24223440072662825,0.242070733365129,668.557094929761
1966,2.1192369017734385,20.65027128127148,13.080400257337397,3.973548059888885,0.5861039080717008,316.29032350656945,120.3400914863493,0.6906704292743496,-0.10389189,0.5867785392743496,0.2536031851540012,0.03178983074914265,-0.0063635344345880545,0.07445980693173737,0.28539301590314387,0.06809627249714932,0.24430630001628403,0.24413308597935224,670.5354858339273
1967,2.169452337247626,21.110696933875538,13.41935631552482,4.126902454600508,0.6142481351249637,317.2712038391258,122.75340741308952,0.7072436158978423,-0.100381,0.6068626158978423,0.26101327179445877,0.03244815677644586,-0.006549471931671137,0.07600177264014105,0.2934614285709046,0.06945230070846992,0.2465167403893428,0.24633276943871069,672.6149521389467
1968,2.225138241471537,21.582033290802634,13.767291624601478,4.281404155981388,0.6347389993372583,318.26546807072276,125.24480619706894,0.7239907307686432,-0.09489725,0.6290934807686431,0.2690401606207004,0.03313146905269893,-0.0067508865291154895,0.07760226244977182,0.30217162967339933,0.07085137592065634,0.24886299733598094,0.24866702138887242,674.7227923099323
1969,2.3365242792994767,22.065469108126162,14.12545695699089,4.438960536304531,0.656943405260164,319.2868300066817,127.79681196475559,0.7411398835236214,-0.08293519,0.6582046935236213,0.27803904413893155,0.033845505542444296,-0.006976690889996591,0.07927471612177159,0.31188454968137586,0.072298025231775,0.2513816550517058,0.25117199999286954,676.8880796141652
1970,2.462721974750469,22.573108057250362,14.506365576170952,4.615536873058242,0.6953385546632006,320.39034906114273,130.41078304141317,0.759606947525973,-0.06039031,0.699216637525973,0.2888072589476998,0.03460227708641386,-0.0072468921719443195,0.08104726607650597,0.3234095360341137,0.07380037390456165,0.25417479656711217,0.25394858489427186,679.2275400096227
1971,2.479993718437788,23.10816873297592,14.91330840279554,4.814049829750956,0.7401774040979513,321.5757043696204,133.11880037391154,0.779372794246195,-0.03373502,0.745637774246195,0.3018609167299502,0.035412798787436875,-0.007574440900262679,0.08294571246486192,0.33727371551738705,0.07537127156459925,0.2573319647994129,0.2570849874553736,681.7404932635952
1972,2.5608479678896576,23.64698156893173,15.321885871992356,5.0024255891099045,0.7571021872307733,322.72839521726473,135.93268245999363,0.7985242088266249,-0.01816865,0.7803555588266249,0.31631853344174243,0.03627281436500067,-0.007937218448705919,0.08496008600365196,0.3525913478067431,0.07702286755494604,0.2607630274686092,0.26049184742123105,684.1841978606012
1973,2.66418078707236,24.203363148556686,15.746535359764566,5.2006008636630385,0.790080189717807,323.9405795617021,138.79184934171244,0.8185904301622717,-0.01012207,0.8084683601622717,0.3309029477404011,0.037170339741015725,-0.008303177663853216,0.0870623169573735,0.3680732874814168,0.07875913929352028,0.26428272816505755,0.26398622171738845,686.7540286708086
1974,2.65743634266641,24.782198052259755,16.192241474846597,5.414427708565223,0.831600778939573,325.22046801461113,141.72654909013875,0.8396960774210331,-0.00168982,0.8380062574210332,0.34532756253963104,0.03810190415796214,-0.008665127112259502,0.08924427593594332,0.3834294666975932,0.08057914882368382,0.26787411231022146,0.26755137492342695,689.4673921909756
1975,2.650791503921285,25.35956645517613,16.634243510354622,5.611724542759742,0.8445571706172881,326.45009167890777,144.75351196828265,0.8598947612319647,0.00662207,0.8665168312319648,0.3596436150434591,0.03906764362652387,-0.009024352462761938,0.09150628151071047,0.39871125866998297,0.08248192904794853,0.27155492720585367,0.2712048093490614,692.0741943592845
1976,2.79356436089693,25.935490062469956,17.072707573762386,5.794759224881469,0.8543689555593251,327.65732581667316,147.81385358453315,0.8796517781219427,0.0105612,0.8902129781219428,0.3735551042917253,0.04006366762545884,-0.009373426315339875,0.09383922109901184,0.4136187719171841,0.08446579478367197,0.27525399572854997,0.27487631963983716,694.6335307313472
1977,2.8576105190373995,26.54243737424701,17.541201068823174,6.007514912469678,0.9050576127712319,328.9962109683111,150.89777350816217,0.9014783778213232,0.0150762,0.9165545778213232,0.38705279239365314,0.041088473135924224,-0.009712116868346094,0.09623957425137615,0.4281412655295774,0.08652745738303005,0.27896346167575164,0.27855816234055775,697.4719672528196
1978,2.9418515488039163,27.163300993389132,18.021873970922712,6.22514638378844,0.9408145202691549,330.35113586836945,154.0834670203978,0.9234762166945167,0.0292492,0.9527254166945167,0.4009101275083019,0.04215000996226329,-0.01005983185907125,0.09872596141599696,0.4430601374705652,0.08866612955692571,0.28283286489720105,0.282397830161057,700.3444080409432
1979,2.994609535000742,27.80246929482879,18.519288969002424,6.453572157213477,0.9807862423915366,331.7561166634362,157.34163301832055,0.9461916559267095,0.0465308,0.9927224559267095,0.415762382781175,0.04325695674226431,-0.010432511870179259,0.10131871015294351,0.4590193395234393,0.09088619828276426,0.2869353513601321,0.2864673635442161,703.3229673264848
1980,2.963848198076765,28.453101052243003,19.026436277401615,6.68372223614327,1.0140185050931367,333.177278070881,160.67734304873915,0.9690710419606572,0.0541693,1.0232403419606573,0.43105735468414985,0.04440550165077061,-0.010816300742237526,0.10400889220564649,0.47546285633492047,0.09319259146340897,0.2912063296163721,0.2907030277453249,706.3358295102678
1981,2.9054525596542424,29.09704755798385,19.52467748145514,6.892583685526597,1.0238845214816403,334.53819324644724,164.0755610564615,0.9908892291439335,0.0560188,1.0469080291439334,0.4458314122192243,0.045584964217175734,-0.011187018577685611,0.1067714912163413,0.4914163764364,0.09558447263865569,0.29550737410742756,0.29496844719923215,709.2209696824682
1982,2.9559567153560353,29.728303934487855,20.00797423551489,7.074753596776008,1.0216341643984594,335.8326659311772,167.490838391301,1.0115600035497316,0.0548529,1.0664129035497316,0.45961867400240786,0.046788131487945535,-0.011532975254304995,0.10958961262740043,0.5064068054903534,0.09805663737309543,0.2997429930755455,0.2991695444905607,711.9652517740957
1983,2.9949887033673144,30.370534149422372,20.500863022862198,7.263573457703636,1.0464581442941783,337.1814287742824,170.8980894004728,1.0330131234083304,0.0541226,1.0871357234083303,0.47249316356870424,0.04801302221079946,-0.011856028206629395,0.11245861584594193,0.5205061857795037,0.10060258763931253,0.303902901086427,0.3032961570309537,714.8246290014787
1984,3.081662628402427,31.021245259671563,21.000699427547428,7.455254058042462,1.0739278996701151,338.55112664493157,174.34370596583523,1.0547115866516985,0.0614846,1.1161961866516985,0.48518325374267746,0.049265727668438036,-0.01217445411973876,0.11539276819340662,0.5344489814111155,0.10321831407366786,0.3081178887987874,0.30747720986247,717.728388487255
1985,3.1771176307047115,31.690789869030425,21.51817745170138,7.663334163497482,1.1155760374590513,339.98787752168835,177.830918879324,1.0773781535822609,0.0727784,1.1501565535822609,0.49842845826162235,0.05055468921222405,-0.012506809231912466,0.11841184144516746,0.5489831474738464,0.105905032213255,0.3124989256230725,0.31182208214537466,720.7743003459793
1986,3.21931614888954,32.38107611930633,22.05526152567228,7.8894313933397955,1.1639862240796144,341.48975526239803,181.38242744611344,1.1009700102980857,0.0831827,1.1841527102980858,0.5123579792823867,0.051882961870587406,-0.012856335546493748,0.12152299124885454,0.5642409411529741,0.1086666557023608,0.3170853732833523,0.31636951509579125,723.9582811562839
1987,3.307513087213766,33.080531397457776,22.60002874650846,8.117638651791207,1.2005808127824227,342.99877960853985,185.00824606793861,1.124569858868451,0.0908859,1.215455758868451,0.526671997467731,0.053248691960781434,-0.013215509850887618,0.12472187581163109,0.5799206894285124,0.11150636596074348,0.32184548563089177,0.32108819252251686,727.1574127701045
1988,3.421027004389954,33.79915120741807,23.162868776458566,8.361418689496734,1.2477408569379425,344.5711795303113,188.68668597867628,1.1490506428310157,0.1025704,1.2516210428310157,0.5414177062049923,0.05465315008761739,-0.013585516344516577,0.1280114712106483,0.5960708562926097,0.11442595486613172,0.3267766735511803,0.3259755384779527,730.4909006042601
1989,3.466072056061457,34.542436943513906,23.749455521849832,8.627255005019085,1.3058123878022434,346.22495985818506,192.43324893289068,1.1746781989809163,0.1190117,1.2936898989809162,0.5570759287227263,0.05610314623444348,-0.013978420077628347,0.131407728145654,0.6131790749571697,0.11742930806802565,0.33196916533054627,0.33112031801953873,733.9969148993524
1990,3.5289253882778575,35.2955103481473,24.34446329677724,8.894849848163913,1.3495626387450406,347.8843861318335,196.2633379916063,1.200270500366334,0.1343003,1.3345708003663341,0.5736797918757557,0.05760155996178002,-0.014395052285371829,0.1349173912741484,0.6312813518375358,0.12052233898877657,0.3374481356979632,0.3365472022039799,737.514898599487
1991,3.6183857358869354,36.062241239656785,24.952024659220843,9.170040125858877,1.3953949888312231,349.5797010135677,200.15059226547876,1.2262905321934867,0.1391029,1.3653934321934866,0.5903995225212316,0.05914096194198126,-0.014814591896575503,0.13852305923572475,0.6495404844632129,0.12370846733914925,0.3430726847426863,0.3421175863808786,741.1089661487637
1992,3.4890301042444456,36.848411344610355,25.57813379623347,9.460368516040521,1.4501398519448658,351.33705350882923,204.09598273560468,1.2531298699236884,0.1365819,1.3897117699236883,0.6063336926064163,0.06071052373839444,-0.015214419840227242,0.1421993690987934,0.6670442163448108,0.12698494925856618,0.3487013036338177,0.3476923442250908,744.834553438718
1993,3.5170052534027105,37.60647191298024,26.173691343255513,9.703188599424983,1.4479210015459372,352.9312728572067,208.11298153804267,1.2773618612434678,0.1396404,1.4170022612434678,0.6214894423507932,0.06230786406151598,-0.015594715282186204,0.14594074328233217,0.6837973064123092,0.13034602800014597,0.35434195995641266,0.35327931752821107,748.2142984572782
1994,3.53367429126682,38.37061102409395,26.7742144453654,9.946974217424001,1.4702678165358016,354.56206750341914,212.11174802528603,1.3020368028863263,0.145195,1.4472318028863262,0.6363549248327305,0.06393669894842012,-0.015967727196855686,0.14975588568304568,0.7002916237811506,0.13378815848619,0.3600057907094261,0.35888946916264547,751.6715831072486
1995,3.5892838358469303,39.13837186427003,27.377188466290573,10.188725120810727,1.4977345753532911,356.20202002672465,216.12643817336402,1.326736123865387,0.156397,1.4831331238653869,0.6514600876998748,0.06560247413261133,-0.016346753288293627,0.15365755158322988,0.7170625618324862,0.13731079829493625,0.3658060367238194,0.3646342105119324,755.1482824566563
1996,3.6701011264798145,39.91821624965637,27.991429618676843,10.4400836080339,1.5381663422178624,357.887895818585,220.16166322661562,1.3520088403555908,0.1701565,1.5221653403555908,0.6672156681812988,0.0673107379739871,-0.016742099974769907,0.1576587366420946,0.734526406155286,0.14091663666732468,0.3718194062537854,0.37058899284307206,758.7223391354001
1997,3.6724666787415163,40.71562186528817,28.62265416341678,10.708091813483184,1.5910479809812834,359.6374158231694,224.2332952050338,1.3781100714380008,0.1702767,1.5483867714380009,0.6829252442608553,0.06905508986502516,-0.017136292296425222,0.16174444902139717,0.7519803341258805,0.14460815672497196,0.37794402379837433,0.3766536372796203,762.4313215451192
1998,3.6610565943530347,41.51354114534024,29.253267119902336,10.969813786109077,1.6276499100749733,361.36427196142665,228.35798955086048,1.4037489574764648,0.1630465,1.5667954574764649,0.6975098993254429,0.07082209913574451,-0.01750225755298828,0.16588323070232516,0.7683319984611875,0.14838097314933688,0.384005111928068,0.38265626796186447,766.0922565582246
1999,3.6868601898280366,42.30898063655224,29.88019123871803,11.221899695705822,1.6543914792858918,363.065463050262,232.512904422558,1.4288872672468154,0.1599972,1.5888844672468154,0.7110246062554537,0.07260902435846645,-0.017841375150704036,0.17006866056935632,0.7836336306139202,0.1522272854186523,0.3899879696367104,0.3885823805003464,769.6987816665554
2000,3.7591862035393158,43.1100268678896,30.51178261084293,11.475576144993186,1.6874389115506596,364.78482453527636,236.684001676763,1.45417467946028,0.1536205,1.6077951794602798,0.7237184482830892,0.07441611679706507,-0.018159895207149807,0.17430132714589938,0.7981345650801542,0.15614143193874958,0.3959197408822178,0.394458648518403,773.3438280147859
2001,3.7785344035675266,43.926789144146106,31.158440788696375,11.743940934243213,1.7358434196432801,366.56501428672897,240.8794741551868,1.4802314403941315,0.1490739,1.6293053403941316,0.7357557158572569,0.07624293427082873,-0.018461940178154612,0.17858019473312725,0.8119986501280856,0.16011825455497264,0.4018321631971871,0.400316293875503,777.1178302878654
2002,3.8995545770449502,44.74775535378154,31.80822769574694,12.011163653026708,1.7761763596699498,368.3433230622251,245.1199524866981,1.5061346326617366,0.1532646,1.6593992326617366,0.7478921899491111,0.07809662473110525,-0.018766474487339656,0.18292200563714145,0.8259888146802163,0.1641555311498018,0.4078784622426983,0.4063061870224091,780.8878448919173
2003,4.0587545724227025,45.59501885482173,32.48399827355189,12.306489306833356,1.8418503736818044,370.22735680888877,249.39285664710647,1.5334417590861902,0.157713,1.6911547590861902,0.7606369984468052,0.07998370105749177,-0.019086273419234214,0.18734201466571995,0.840620699504297,0.16825574124648573,0.4141458957402285,0.4125142356992465,784.8819964348443
2004,4.232606602773274,46.47687612931113,33.19428474744326,12.639453690598877,1.9299788070861592,372.2405933744394,253.72935482167523,1.5624683884108754,0.1605016,1.7229699884108753,0.7739433131762103,0.08190515580271242,-0.01942016193852318,0.1918425466278494,0.8558484689789227,0.1724223846893262,0.4206583278507418,0.41896391112233905,789.1500579538116
2005,4.331038222334268,47.39651105804594,33.94231174123948,13.012441835708838,2.033463765651825,374.38472840064605,258.1569145639965,1.5932101715517182,0.1662832,1.7594933715517183,0.7879511803762365,0.08386394591755704,-0.019771654153529758,0.1964305274485733,0.8718151262937935,0.17665887329504354,0.4274733491844599,0.4257118482384702,793.6956242093697
2006,4.440224059872106,48.33753478781533,34.7111403414168,13.402457568298093,2.124893348574159,376.5760260461044,262.69316458697347,1.6244467752567042,0.179783,1.8042297752567042,0.8032019817358088,0.08586827779179247,-0.02015433467683536,0.20112517856390594,0.8890702595276013,0.18097084388707058,0.4347210460398333,0.4328859063707043,798.3411752177414
2007,4.543962345945691,49.30228428395138,35.503298886203595,13.81264346141678,2.2160518831313167,378.8342785147031,267.3189443604731,1.6564482009422064,0.1975976,1.8540458009422063,0.8201218885977477,0.08792656610462204,-0.020578897206996752,0.20594620927629104,0.9080484547023697,0.1853673120692943,0.4424835294105046,0.4405666134690886,803.1286704511706
2008,4.613277742163261,50.28957587998647,36.31770722668362,14.241556966763948,2.307930354826912,381.156770428261,272.0284616771352,1.6891615893030147,0.2166772,1.9058387893030146,0.8387098048732581,0.09004317264586899,-0.021045314240420922,0.21090383599835058,0.9287529775191271,0.18985852175792967,0.4507744072799893,0.4487671100531759,808.0523533079133
2009,4.537012021663712,51.29192957073417,37.14680312635223,14.679717840989102,2.3930057561326676,383.5114562942082,276.8166764547133,1.722125577428888,0.2369709,1.959096477428888,0.8587777969525143,0.09222011261270413,-0.02154887005558878,0.21600277883046676,0.9509979095652185,0.19445390877487798,0.45957075338821446,0.4574646935916029,813.0442873437214
2010,4.7368808064211505,52.27771067470023,37.95815126006738,15.086798256444428,2.4367668074317814,385.7594269986438,281.6694440472369,1.7534073268489934,0.2547602,2.008167526848993,0.8798393692893773,0.09445541560380523,-0.022077357269701677,0.2212384225954406,0.9742947848931826,0.19916106532573893,0.4687777651173261,0.46656623042076817,817.8099852371249
2011,4.868504920593646,53.306923354758304,38.813906797100486,15.543725379575697,2.537823489339317,388.20237902077383,286.532573069934,1.7871963234380788,0.2663866,2.053582923438079,0.9012566749156656,0.09674381699411172,-0.022614770716485558,0.22659843621266113,0.9980004919097774,0.20398366549617558,0.47822425359136633,0.47590379129427335,822.9890435240405
2012,4.932504257968513,54.364738005538555,39.698664464130204,16.029072692011624,2.6500070832763813,390.74248224495676,291.4687846663247,1.8221042965511274,0.2762132,2.0983174965511275,0.9227259990767035,0.09908233344019597,-0.023153489437637006,0.23207583193886586,1.0218083325168994,0.20892234250122885,0.48791102329284236,0.48547818074152116,828.3740623593084
2013,4.955177342855941,55.4364597573277,40.59724583016967,16.522930055399968,2.7509312730092996,393.30756691590665,296.4877141908042,1.857126052123914,0.2874157,2.144541752123914,0.9442837848107284,0.10147131139616518,-0.023694427879591643,0.23767142125701413,1.0457550962068936,0.2139769933774225,0.49786038894518053,0.49531129350821745,833.8120418617222
2014,4.981607359787681,56.513108444521926,41.50045242584529,17.014010549341023,2.8362392868888975,395.8638107065971,301.573453321395,1.891800608070047,0.2990513,2.190851908070047,0.9659913152999909,0.10391158941083962,-0.024239123789756997,0.24338716826008125,1.0699029047108306,0.21914804447032427,0.5080760237556111,0.505406736360369,839.2312786979859
2015,4.970937672781833,57.59550049417318,42.409229076645396,17.504365036482646,2.9156516400976944,398.4247462473989,306.7052775776451,1.9263150050985665,0.311306,2.2376210050985663,0.9878452372591622,0.10640333875484692,-0.02478749302586709,0.2492234741071034,1.094248576014009,0.22443598108123633,0.5185423118652773,0.5157491981298662,844.6604620444857
2016,4.965903383842454,58.675574178528784,43.31535229333766,17.98432452171608,2.982712696061844,400.9579636896444,311.8732444663822,1.9602382679231831,0.3241427,2.284380967923183,1.009835995780928,0.10894666846452612,-0.02533929583154159,0.25518059418870603,1.1187826642454541,0.22984129835716444,0.5292520454479842,0.5263316082476026,850.0308830220462
2017,5.020040774601,59.754554118750534,44.22020304150369,18.456738263232772,3.045378901501732,403.4768743249887,317.06086909319816,1.9937580937425978,0.3375113,2.331269393742598,1.0319398774639246,0.11154147420794257,-0.025893937178583005,0.2612582841331661,1.1434813516718672,0.23536434695458308,0.5401872892065357,0.5371363730732067,855.3709735689762
2018,5.106581704241743,60.84529836085555,45.137134180763475,18.939332243622367,3.122556677097502,406.04432146233887,322.26036760416997,2.0277091418824877,0.3513641,2.379073241882488,1.0541892089948133,0.11418824876142183,-0.026452228223931663,0.2674576981470081,1.1683774577562351,0.24100546992307642,0.5513511064394384,0.5481664808830051,860.8139615001585
2019,5.106581704241743,61.95484820846966,46.07343645618666,19.44134430178632,3.2176448033826297,408.6872737698253,327.48326192529123,2.062435139840845,0.3513641,2.413799239840845,1.07587160461552,0.1168789572634852,-0.026996293437753567,0.2737600165567601,1.192750561879005,0.24676372311900652,0.562590318618633,0.5592717150067075,866.4170203920297
