Summe von AggValue,MAR,ABW,AGO,AIA,ALB,ARE,ARG,ARM,ATG,AUS,AUT,AZE,BDI,BEL,BEN,BFA,BGD,BGR,BHR,BHS,BIH,BLR,BLZ,BMU,BOL,BRA,BRB,BRN,BTN,BWA,CAF,CAN,CHE,CHL,CHN,CIV,CMR,COD,COG,COL,COM,CPV,CRI,CYM,CYP,CZE,DEU,DJI,DMA,DNK,DOM,DZA,ECU,EGY,ESP,EST,ETH,FIN,FJI,FRA,GAB,GBR,GEO,GHA,GIN,GMB,GNB,GNQ,GRC,GRD,GTM,HKG,HND,HRV,HTI,HUN,IDN,IND,IRL,IRN,IRQ,ISL,ISR,ITA,JAM,JOR,JPN,KAZ,KEN,KGZ,KHM,KNA,KOR,KWT,LAO,LBN,LBR,LCA,LKA,LSO,LTU,LUX,LVA,MAC,MDA,MDG,MDV,MEX,MKD,MLI,MLT,MMR,MNE,MNG,MOZ,MRT,MSR,MUS,MWI,MYS,NAM,NER,NGA,NIC,NLD,NOR,NPL,NZL,OMN,PAK,PAN,PER,PHL,POL,PRT,PRY,PSE,QAT,ROU,RUS,RWA,SAU,SDN,SEN,SGP,SLE,SLV,SRB,STP,SUR,SVK,SVN,SWE,SWZ,SYC,SYR,TCA,TCD,TGO,THA,TJK,TKM,TTO,TUN,TUR,TWN,TZA,UGA,UKR,URY,USA,UZB,VCT,VEN,VGB,VNM,YEM,ZAF,ZMB,ZWE
Zeilenbeschriftungen,MAR,ABW,AGO,AIA,ALB,ARE,ARG,ARM,ATG,AUS,AUT,AZE,BDI,BEL,BEN,BFA,BGD,BGR,BHR,BHS,BIH,BLR,BLZ,BMU,BOL,BRA,BRB,BRN,BTN,BWA,CAF,CAN,CHE,CHL,CHN,CIV,CMR,COD,COG,COL,COM,CPV,CRI,CYM,CYP,CZE,DEU,DJI,DMA,DNK,DOM,DZA,ECU,EGY,ESP,EST,ETH,FIN,FJI,FRA,GAB,GBR,GEO,GHA,GIN,GMB,GNB,GNQ,GRC,GRD,GTM,HKG,HND,HRV,HTI,HUN,IDN,IND,IRL,IRN,IRQ,ISL,ISR,ITA,JAM,JOR,JPN,KAZ,KEN,KGZ,KHM,KNA,KOR,KWT,LAO,LBN,LBR,LCA,LKA,LSO,LTU,LUX,LVA,MAC,MDA,MDG,MDV,MEX,MKD,MLI,MLT,MMR,MNE,MNG,MOZ,MRT,MSR,MUS,MWI,MYS,NAM,NER,NGA,NIC,NLD,NOR,NPL,NZL,OMN,PAK,PAN,PER,PHL,POL,PRT,PRY,PSE,QAT,ROU,RUS,RWA,SAU,SDN,SEN,SGP,SLE,SLV,SRB,STP,SUR,SVK,SVN,SWE,SWZ,SYC,SYR,TCA,TCD,TGO,THA,TJK,TKM,TTO,TUN,TUR,TWN,TZA,UGA,UKR,URY,USA,UZB,VCT,VEN,VGB,VNM,YEM,ZAF,ZMB,ZWE
1950,0.194889218,0,0,0,0,0,0.308120757,0,0,0.052901439,0.065484546,0,0,0.092037037,0,0,0,0,0,0,0,0,0,0,0.299416602,0.294121385,0,0,0,0,0,0.036715861,0.040017836,0,0,0,0,0,0,0.227316841,0,0,0.147779539,0,0.115092784,0,0.103720032,0,0,0.071730569,0,0,0.329766124,0.536667466,0.123615071,0,0,0.090614229,0,0.065287031,0,0.229749337,0,0,0,0,0,0,0,0,0.289615214,0,0,0,0,0,0,0.167277753,0.217828333,0,0,0.067314126,0.094161481,0.123466998,0,0,0.064695992,0,0.125194624,0,0,0,0,0,0,0,0,0,0.496863157,0,0,0.185072944,0,0,0,0,0,0.40668866,0,0,0,0,0,0,0,0,0,0.303339422,0,0,0,0,0.010162465,0,0.054057922,0.079918697,0,0.125752449,0,0,0,0.155022219,0.215872139,0,0.146698862,0,0,0,0,0,0,0,0,0,0,0,0,0,0,0,0,0,0.096855834,0,0,0,0,0,0,0.140432507,0,0,0.167194054,0,0.379408509,0,0,0,0,0.311716139,0.082167737,0,0,0.115733162,0,0,0,0.164077505,0,0
1951,0.203941524,0,0,0,0,0,0.356292576,0,0,0.040417194,0.0653442,0,0,0.075909846,0,0,0,0,0,0,0,0,0,0,0.294405729,0.269804478,0,0,0,0,0,0.032660596,0.040405866,0.067491591,0,0,0,0,0,0.230046555,0,0,0.159466758,0,0.131824076,0,0.104155041,0,0,0.060824037,0.088852562,0,0.326885492,0.473342061,0.13851656,0,0,0.113425486,0,0.060338087,0,0.191195428,0,0,0,0,0,0,0.091784142,0,0.265092224,0,0,0,0,0,0,0.163756803,0.19443363,0,0,0.069046915,0.098240137,0.123912901,0,0,0.081986584,0,0.123429067,0,0,0,0,0,0,0,0,0,0.499286652,0,0,0.218117982,0,0,0,0,0,0.414801061,0,0,0,0,0,0,0,0,0,0.295654505,0,0,0,0,0.010836444,0,0.054282863,0.07310959,0,0.104746565,0,0,0,0.167663306,0.219475463,0,0.146116436,0.24563995,0,0,0,0,0,0,0,0,0,0,0,0,0,0,0,0,0.096001543,0,0,0,0,0,0,0.140922472,0,0,0.163533434,0,0.400224596,0.093034625,0,0,0,0.23720111,0.082711793,0,0,0.111829139,0,0,0,0.168419868,0,0
1952,0.201122716,0,0,0,0,0,0.309781224,0,0,0.038721871,0.069887288,0,0,0.073078707,0,0,0,0,0,0,0,0,0,0,0.271804452,0.298010051,0,0,0,0,0,0.034970209,0.042329356,0.086033858,0.187793314,0,0,0,0,0.226147532,0,0,0.190250322,0,0.137483567,0,0.108038597,0,0,0.060699813,0.051925201,0,0.362803757,0.454252243,0.138053745,0,0,0.102302045,0,0.054360121,0,0.187004551,0,0,0,0,0,0,0.098681837,0,0.25595358,0,0,0,0,0,0,0.166372538,0.203649029,0,0,0.064654678,0.069344901,0.129178986,0,0,0.078615755,0,0.09479177,0,0,0,0,0,0,0,0,0,0.369374603,0,0,0.281481802,0,0,0,0,0,0.402219504,0,0,0,0,0,0,0,0,0,0.289191842,0,0,0,0,0.01,0,0.079859853,0.076099023,0,0.093167804,0,0,0,0.116404511,0.225996956,0,0.146299034,0.229526311,0,0,0,0,0,0,0,0,0,0,0,0,0,0,0,0,0.076570019,0,0,0,0,0,0,0.138652459,0,0,0.148595408,0,0.420782506,0.119571045,0,0,0,0.144813225,0.078745574,0,0,0.116155781,0,0,0,0.105081946,0,0
1953,0.189213425,0,0,0,0,0,0.306920052,0,0,0.045719616,0.06091211,0,0,0.080033943,0,0,0,0,0,0,0,0,0,0,0.235736951,0.256168574,0,0,0,0,0,0.035419371,0.047605895,0.072933942,0.212805495,0,0,0,0,0.251200974,0,0,0.188364074,0,0.161455691,0,0.111939363,0,0,0.070407696,0.047816422,0,0.318482727,0.488509476,0.119195253,0,0,0.092771828,0,0.063434169,0,0.189750373,0,0,0,0,0,0,0.120719455,0,0.272015184,0,0,0,0,0,0,0.169921502,0.208637178,0,0,0.069483936,0.061216209,0.13692309,0.126459599,0,0.084469341,0,0.087811567,0,0,0,0.030586444,0,0,0,0,0,0.393064111,0,0,0.179769367,0,0,0,0,0,0.374995708,0,0,0,0,0,0,0,0,0,0.284989744,0,0,0,0,0.01,0,0.078883998,0.080895759,0,0.104426011,0,0,0,0.09456329,0.230065048,0,0.148469225,0.208153456,0,0,0,0,0,0,0,0,0,0,0,0,0,0,0,0,0.076572508,0,0,0,0,0,0,0.11600709,0,0,0.158514053,0,0.46222946,0.152864203,0,0,0,0.087538972,0.080787204,0,0,0.113814764,0,0,0,0.133067891,0,0
1954,0.194561616,0,0,0,0,0,0.29426676,0,0,0.045351394,0.070416816,0,0,0.082236901,0,0,0,0,0,0,0,0,0,0,0.225689992,0.233011991,0,0,0,0,0,0.032988459,0.051236954,0.108042702,0.2006284,0,0,0,0,0.259468168,0,0,0.174484968,0,0.137848258,0,0.110525489,0,0,0.073706754,0.055678513,0,0.328634173,0.47072199,0.118481025,0,0,0.092929848,0,0.068428874,0,0.191996068,0,0,0,0,0,0,0.115246952,0,0.28000778,0,0,0,0,0,0,0.166171342,0.208152235,0,0,0.07681632,0.070122972,0.140491977,0.131576583,0.210109457,0.09784928,0,0.105042592,0,0,0,0.041854657,0,0,0,0,0,0.476316243,0,0,0.164070711,0,0,0,0,0,0.385677338,0,0,0.288525343,0,0,0,0,0,0,0.272165686,0,0,0,0,0.012504096,0,0.061066162,0.075969703,0,0.108506978,0,0,0,0.112411618,0.253581136,0,0.152873725,0.208568916,0,0,0,0,0,0,0,0,0,0,0,0,0,0,0,0,0.085922256,0,0,0,0,0,0,0.127477691,0,0,0.155513108,0,0.389184326,0.128827453,0,0,0,0.106586002,0.079879642,0,0,0.116101906,0,0,0,0.154030159,0,0.107098497
1955,0.194651648,0,0,0,0,0,0.313304007,0,0,0.043163642,0.080170006,0,0,0.083168209,0,0,0,0,0,0,0,0,0,0,0.22318919,0.263990939,0,0,0,0,0,0.036391519,0.051150303,0.106615514,0.196377277,0,0,0,0,0.234131008,0,0,0.209992915,0,0.106018953,0,0.113286041,0,0,0.073469512,0.059218857,0,0.308815449,0.418273896,0.121387832,0,0,0.091703653,0,0.070223451,0,0.183716491,0,0,0,0,0,0,0.124780506,0,0.269034714,0,0,0,0,0,0,0.158251181,0.195225462,0.12407802,0,0.084775291,0.074993819,0.141169593,0.116733946,0.276086211,0.10474167,0,0.104171962,0,0,0,0.046153821,0,0,0,0,0,0.499443144,0,0,0.148879558,0,0,0,0,0,0.393318772,0,0,0.260224938,0,0,0,0,0,0,0.280721664,0,0.201136112,0,0,0.01,0,0.068608776,0.075722031,0,0.104512163,0,0,0,0.100335918,0.258546233,0,0.148686066,0.215338886,0,0,0,0,0,0,0,0,0,0,0,0,0,0,0,0,0.080781482,0,0,0,0,0,0,0.105739176,0,0,0.173623368,0,0.391825557,0.127326861,0,0,0,0.094345696,0.087372772,0,0,0.121127695,0,0,0,0.155134618,0.062989637,0.111644156
1956,0.208015338,0,0,0,0,0,0.290520906,0,0,0.042649645,0.085917793,0,0,0.081347227,0,0,0,0,0,0,0,0,0,0,0.193964571,0.265761524,0,0,0,0,0,0.035276428,0.051548034,0.084176809,0.20585458,0,0,0,0,0.212685823,0,0,0.201125994,0,0.101011954,0,0.109632753,0,0,0.073978655,0.059311111,0,0.300429851,0.392825633,0.116181716,0,0,0.087162443,0,0.073108271,0,0.178602353,0,0,0,0,0,0,0.141792834,0,0.258282065,0,0,0,0,0,0,0.15275009,0.182684228,0.130771026,0,0.07270021,0.078863844,0.144034684,0.08122617,0.103044368,0.099218793,0,0.095439836,0,0,0,0.061795317,0,0,0,0,0,0.406004101,0,0,0.177102715,0,0,0,0,0,0.383795023,0,0,0.236525506,0,0,0,0,0,0,0.272844404,0,0.199195847,0,0,0.01,0,0.06238053,0.071358874,0,0.100618683,0,0,0,0.088893943,0.231742308,0,0.156655878,0.211816639,0,0,0,0,0,0,0,0,0,0,0,0,0,0,0,0,0.081585884,0,0,0,0,0,0,0.117508411,0,0,0.187176496,0,0.404678047,0.115136035,0,0,0,0.071075261,0.077272512,0,0,0.118953645,0,0,0,0.151759475,0.058769181,0.130434245
1957,0.191178843,0,0,0,0,0,0.286447734,0,0,0.038477696,0.088344567,0,0,0.077060193,0,0,0,0,0,0,0,0,0,0,0.17623046,0.280703783,0,0,0,0,0,0.033042684,0.049261071,0.077605717,0.198115036,0,0,0,0,0.162728399,0,0,0.210091919,0,0.092601456,0,0.104738414,0,0,0.075540043,0.073676474,0,0.289587885,0.399932355,0.109930634,0,0,0.082359917,0,0.072649814,0,0.174138308,0,0,0,0,0,0,0.156240061,0,0.236347064,0,0,0,0,0,0,0.140664011,0.175403625,0.144075319,0,0.065452591,0.084755264,0.140063092,0.088395946,0.149433583,0.095109083,0,0.092429154,0,0,0,0.05597204,0,0,0,0,0,0.318957746,0,0,0.16228877,0,0,0,0,0,0.385558516,0,0,0.263284266,0,0,0,0,0,0,0.266922385,0,0.205024764,0,0,0.01,0,0.055741757,0.072269291,0,0.098275371,0,0,0,0.061647061,0.232420683,0,0.157268986,0.204618528,0,0,0,0,0,0,0,0,0,0,0,0,0,0,0,0,0.079265244,0,0,0,0,0,0,0.146656558,0,0,0.197603241,0,0.548421204,0.109977521,0,0,0,0.04764637,0.076169021,0,0,0.116772287,0,0,0,0.155570224,0.045799609,0.150739789
1958,0.189954758,0,0,0,0,0,0.286358923,0,0,0.040597171,0.090861112,0,0,0.073217861,0,0,0,0,0,0,0,0,0,0,0.17711769,0.239327744,0,0,0,0,0,0.033561517,0.047966916,0.076000132,0.21285446,0,0,0,0,0.139955074,0,0,0.212934822,0,0.084506348,0,0.100865863,0,0,0.076053858,0.062108953,0,0.279655606,0.400544763,0.11348962,0,0,0.074190944,0,0.07333184,0,0.16852349,0,0,0,0,0,0,0.168078154,0,0.222837776,0,0,0,0,0,0,0.115427136,0.179797202,0.124954857,0,0.073822483,0.08999119,0.144972935,0.094949111,0.157632798,0.109304629,0,0.084227011,0,0,0,0.060396131,0,0,0,0,0,0.380806088,0,0,0.144451499,0,0,0,0,0,0.378808588,0,0,0.253594846,0,0,0,0,0,0,0.185835406,0,0.186990708,0,0,0.01,0,0.061847031,0.068364918,0,0.094754718,0,0,0,0.056344453,0.230315283,0,0.152904078,0.203728333,0,0,0,0,0,0,0,0,0,0,0,0,0,0,0,0,0.08221671,0,0,0,0,0,0,0.157481745,0,0,0.180922434,0,0.623697281,0.104230888,0,0,0,0.046066817,0.075827584,0,0,0.112590581,0,0,0,0.137761831,0.045799624,0.151967302
1959,0.195442915,0,0,0,0,0,0.282770514,0,0,0.042879399,0.088365294,0,0,0.075185224,0,0.240003467,0,0,0,0,0,0,0,0,0.186224326,0.213712886,0,0,0,0,0,0.03343121,0.05011066,0.066739887,0.183739886,0,0,0,0,0.14647755,0,0,0.20898591,0,0.089894481,0,0.101068877,0,0,0.084921949,0.046259727,0,0.285112709,0.55535394,0.103577048,0,0,0.075573139,0,0.078233175,0,0.172191754,0,0,0,0,0,0,0.167666107,0,0.254764736,0,0,0,0,0,0,0.112362169,0.181819767,0.134002343,0,0.071118273,0.0999185,0.145809501,0.081496567,0.202543288,0.111156628,0,0.075382926,0,0,0,0.05288507,0,0,0,0,0,0.374574661,0,0,0.128867552,0,0,0,0,0,0.368900269,0,0,0.248504952,0,0,0,0,0,0,0.17595996,0,0.245180264,0,0,0.01,0,0.061611902,0.068840906,0,0.097526185,0,0,0,0.06026499,0.230522528,0,0.1504592,0.195071802,0,0,0,0,0,0,0,0,0,0,0,0,0,0,0,0,0.089583978,0,0,0,0,0,0,0.165745422,0,0,0.16459766,0,0.466393173,0.113524273,0,0,0,0.048553232,0.0826125,0,0,0.106435433,0,0,0,0.122491226,0.060344171,0.187911898
1960,0.201586112,0,0,0,0,0,0.309728444,0,0,0.037276845,0.093619853,0,0,0.077409603,0,0.277036816,0,0,0,0,0,0,0,0,0.203517273,0.235041246,0.069874048,0,0,0.380755335,0,0.033948909,0.049348999,0.078564607,0.155891851,0.411189228,0.187634617,0,0,0.148602575,0,0,0.210942447,0,0.105179921,0,0.100888573,0,0,0.085961416,0.069998302,0,0.282206178,0.415423334,0.115839012,0,0,0.074807249,0,0.087890372,0.085031234,0.164459884,0,0,0,0,0,0,0.16774337,0,0.230483964,0.188076347,0,0,0,0,0.188617572,0.163570598,0.183304802,0.129158825,0,0.058112204,0.100363478,0.14598918,0.092707701,0.232697234,0.116204977,0,0.081390545,0,0,0,0.05898444,0,0,0,0,0,0.378152132,0,0,0.178966388,0,0,0,0,0,0.326659769,0,0,0.247480467,0,0,0,0.513891816,0,0,0.146094203,0,0.247431278,0.25891757,0.146028981,0.01,0,0.054478161,0.064014748,0,0.090180606,0,0,0,0.067391433,0.216025665,0,0.149467289,0.193499416,0,0,0.163691416,0,0.159052536,0,0,0.189784899,0.325654328,0,0,0,0,0,0,0,0.083653316,0,0,0,0,0.581754625,0,0.16228193,0,0,0.145240903,0.103726231,0.4125081,0.128721625,0.167211682,0,0,0.031449482,0.080484346,0,0,0.094728902,0,0,0,0.134330332,0.054685581,0.207109407
1961,0.19972077,0,0,0,0,0,0.242245987,0,0,0.042862773,0.091422349,0,0,0.07703355,0,0.348721564,0,0,0,0,0,0,0,0,0.223254427,0.216098964,0.06937179,0,0,0.404143363,0,0.037107628,0.047673739,0.116711527,0.121525325,0.36882323,0.177604869,0,0,0.153322399,0,0,0.192258701,0,0.108769417,0,0.093038529,0,0,0.089081176,0.094770782,0,0.270312577,0.414981961,0.124272734,0,0,0.076990388,0,0.084765241,0.085514545,0.162733257,0,0,0,0,0,0,0.16877234,0,0.231240213,0.191273764,0,0,0,0,0.210458621,0.149190664,0.188539773,0.139941081,0,0.066789649,0.103231728,0.147044212,0.084831707,0.221814916,0.112549499,0,0.062321763,0,0,0,0.068621799,0,0,0,0,0,0.365018457,0,0,0.159235716,0,0,0,0,0,0.338509679,0,0,0.254141182,0,0,0,0.495017409,0,0,0.168499038,0,0.220258236,0.240309283,0.159937337,0.01,0,0.053790636,0.067236647,0,0.090523139,0,0,0,0.067172617,0.215382338,0,0.143106163,0.192455411,0,0,0.174001515,0,0.134394705,0,0,0.203394741,0.338713765,0,0,0,0,0,0,0,0.080421858,0,0,0,0,0.522361696,0,0.165228009,0,0,0.148447618,0.122131228,0.41263783,0.130781993,0.172277987,0,0,0.029719319,0.081773557,0,0,0.089577757,0,0,0,0.134889707,0.050080445,0.226429313
1962,0.23486723,0,0,0,0,0,0.274885386,0,0,0.044021677,0.090963289,0,0,0.076664157,0,0.385366946,0,0,0,0,0,0,0,0,0.244263634,0.241831824,0.080451101,0,0,0.430482119,0,0.03849712,0.046138585,0.126519531,0.121548727,0.342116266,0.167885154,0,0,0.1514768,0,0,0.193444759,0,0.111700699,0,0.086065806,0,0,0.090019308,0.09733852,0,0.271746516,0.421243489,0.123263724,0,0,0.071331099,0,0.080670908,0.080894314,0.161584273,0,0,0,0,0,0,0.14040783,0,0.234169975,0.199672908,0,0,0,0,0.374483317,0.14528878,0.183903769,0.138684794,0,0.057737134,0.093050629,0.146478459,0.080343865,0.234708607,0.118544817,0,0.059079718,0,0,0,0.063874096,0,0,0,0,0,0.358965993,0,0,0.122246206,0,0,0,0,0,0.335669547,0,0,0.226105794,0,0,0,0.516345084,0,0,0.161628112,0,0.213219345,0.253470182,0.17887032,0.01,0,0.057416469,0.068144955,0,0.096633635,0,0,0,0.065460421,0.211531937,0,0.139780149,0.190896839,0,0,0.176880747,0,0.136233941,0,0,0.210285857,0.386216193,0,0,0,0,0,0,0,0.074538484,0,0,0,0,0.535113394,0,0.160435721,0,0,0.137865126,0.111184537,0.434291363,0.137039885,0.189581439,0,0,0.024567205,0.086830914,0,0,0.098029152,0,0,0,0.131370887,0.050731126,0.211860299
1963,0.2573331,0,0,0,0,0,0.255952924,0,0,0.04859418,0.090196624,0,0,0.074055769,0,0.354833573,0,0,0,0,0,0,0,0,0.214844882,0.206576422,0.076045267,0,0,0.43180424,0,0.038167108,0.04341124,0.234357134,0.125545457,0.342771918,0.21564807,0,0,0.144521177,0,0,0.192632824,0,0.107045755,0,0.081145316,0,0,0.088135704,0.092924491,0,0.264113218,0.430862159,0.123836301,0,0,0.071272239,0,0.079081848,0.082363434,0.15586552,0,0,0,0,0,0,0.158856004,0,0.249513432,0.203452677,0,0,0,0,0.176536918,0.147119328,0.184446916,0.137849107,0,0.066787198,0.098932475,0.145815387,0.086971052,0.21067594,0.120715015,0,0.089849129,0,0,0,0.106626861,0,0,0,0,0,0.37494722,0,0,0.116990417,0,0,0,0,0,0.323421091,0,0,0.20385319,0,0,0,0.508199871,0,0,0.203421548,0,0.221192628,0.252850413,0.206301227,0.01,0,0.057744328,0.064948909,0,0.099894509,0,0,0,0.067789324,0.217528999,0,0.133672446,0.234021649,0,0,0.18014814,0,0.105840102,0,0,0.219861433,0.347186685,0,0,0,0,0,0,0,0.072453305,0,0,0,0,0.468926251,0,0.154914647,0,0,0.140390635,0.124174677,0.448931992,0.149648979,0.19645457,0,0,0.019026676,0.089320458,0,0,0.103944786,0,0,0,0.132926941,0.049222548,0.265965134
1964,0.266527474,0,0,0,0,0,0.256041259,0,0,0.043562211,0.094922349,0,0,0.07551039,0,0.325410962,0,0,0,0,0,0,0,0,0.222923696,0.226060778,0.0724857,0,0,0.428853631,0,0.038069494,0.043242298,0.188819438,0.1509718,0.335815907,0.216446266,0,0,0.160599738,0,0,0.193273768,0,0.113926478,0,0.078890666,0,0,0.093610972,0.09316545,0,0.26919502,0.43978548,0.121009283,0,0,0.07359869,0,0.079986162,0.082638562,0.156909704,0,0,0,0,0,0,0.144247696,0,0.228381619,0.183609754,0,0,0,0,0.12640208,0.15324834,0.182371408,0.119858965,0,0.075470097,0.093717031,0.138562173,0.090411872,0.239186972,0.1228569,0,0.068005703,0,0,0,0.10311202,0,0,0,0,0,0.384813994,0,0,0.109088816,0,0,0,0,0,0.35520947,0,0,0.204037637,0,0,0,0.497258008,0,0,0.133342609,0,0.218166873,0.270513415,0.198870733,0.01,0,0.055231269,0.072514884,0,0.099958114,0,0,0,0.075969175,0.209530056,0,0.135154948,0.179853797,0,0,0.177740782,0,0.077615567,0,0,0.233209983,0.339819342,0,0,0,0,0,0,0,0.07589265,0,0,0,0,0.421778381,0,0.155884713,0,0,0.137667552,0.123514786,0.438862473,0.157693326,0.21928373,0,0,0.021443512,0.092728026,0,0,0.107822634,0,0,0,0.133887053,0.059907723,0.264148086
1965,0.275320679,0,0,0,0,0,0.239222586,0,0,0.037628859,0.089518704,0,0,0.076002784,0,0.531344891,0,0,0,0,0,0,0,0,0.171184972,0.213903442,0.091461502,0,0,0.106442027,0,0.036880188,0.043091126,0.15832676,0.169697553,0.273987323,0.19192408,0,0,0.147540823,0,0,0.199628323,0,0.118400976,0,0.075882785,0,0,0.094441824,0.104933739,0,0.265063614,0.434135079,0.120770164,0,0,0.071982518,0,0.07962811,0.075691536,0.154391602,0,0,0,0,0,0,0.147551179,0,0.214754611,0.191248849,0,0,0,0,0.268830478,0.137688413,0.170341313,0.121094555,0,0.079429314,0.10647241,0.141395494,0.097964808,0.238288701,0.126535654,0,0.065567248,0,0,0,0.093332641,0,0,0,0,0,0.392614871,0,0,0.106375724,0,0,0,0,0,0.336329192,0,0,0.196640357,0,0,0,0.474581033,0,0,0.128428951,0,0.232686698,0.27090773,0.228844285,0.01,0,0.059099518,0.073484153,0,0.096334845,0,0,0,0.085111141,0.21008499,0,0.137480736,0.218401983,0,0,0.183638901,0,0.078782842,0,0,0.238201857,0.323948652,0,0,0,0,0,0,0,0.072801068,0,0,0,0,0.428854644,0,0.158788994,0,0,0.128270268,0.104015619,0.424426615,0.15603365,0.204821438,0,0,0.019977948,0.096507326,0,0,0.105640322,0,0,0,0.129429728,0.087823704,0.286198556
1966,0.261940688,0,0,0,0,0,0.242121577,0,0,0.038644534,0.088677861,0,0,0.074181266,0,0.566256344,0,0,0,0,0,0,0,0,0.152941316,0.219920278,0.071496047,0,0,0.273742855,0,0.036209881,0.042560294,0.184981719,0.168883696,0.262440175,0.205201194,0,0,0.133377239,0,0,0.199297577,0,0.125360921,0,0.074772611,0,0,0.09401305,0.090473399,0,0.230536371,0.415580481,0.123027138,0,0,0.069587514,0,0.080002554,0.085369229,0.148932412,0,0,0,0,0,0,0.153222308,0,0.224082857,0.193707108,0,0,0,0,0.475287825,0.115518264,0.176484779,0.112477601,0,0.078212045,0.138784215,0.146169201,0.09535493,0.216477484,0.126570836,0,0.074583389,0,0,0,0.106314182,0,0,0,0,0,0.381766438,0,0,0.09685304,0,0,0,0,0,0.351548314,0,0,0.204573885,0,0,0,0.45575574,0,0,0.12401028,0,0.234245077,0.258903384,0.227023154,0.01,0,0.058795553,0.073331475,0,0.098812141,0,0,0,0.096337765,0.210104257,0,0.134459779,0.211706668,0,0,0.181276247,0,0.081816956,0,0,0.17597875,0.365871221,0,0,0,0,0,0,0,0.065884911,0,0,0,0,0.39880082,0,0.158549592,0,0,0.125992984,0.109080285,0.43361479,0.149809271,0.206908032,0,0,0.019389702,0.096923068,0,0,0.090503126,0,0,0,0.128611356,0.070185475,0.280540407
1967,0.266880065,0,0,0,0,0,0.232098639,0,0,0.040851153,0.090133741,0,0,0.072621182,0,0.511969507,0,0,0,0,0,0,0,0,0.181453452,0.242640719,0.085185625,0,0,0.270356715,0,0.035353433,0.043300994,0.16981253,0.156554893,0.24661091,0.160592675,0,0,0.148004085,0,0,0.195702061,0,0.126511335,0,0.073126651,0,0,0.095701918,0.106628649,0,0.219960123,0.412862301,0.119125232,0,0,0.069435045,0,0.080700405,0.0553919,0.146328852,0,0,0,0,0,0,0.157634631,0,0.214037865,0.214938983,0,0,0,0,0.195891738,0.11891523,0.187751889,0.108162768,0,0.067891277,0.15037711,0.150303021,0.095111392,0.264378011,0.122944519,0,0.068381049,0,0,0,0.107175641,0,0,0,0,0,0.371949285,0,0,0.110525347,0,0,0,0,0,0.322964251,0,0,0.203686595,0,0,0,0.478042573,0,0,0.115440831,0,0.228988007,0.224659488,0.225080907,0.01,0,0.060741127,0.081055082,0,0.086261086,0,0,0,0.091038249,0.204896465,0,0.120308533,0.223987326,0,0,0.189949483,0,0.086878695,0,0,0.108622409,0.392148912,0,0,0,0,0,0,0,0.067773342,0,0,0,0,0.37853384,0,0.151881322,0,0,0.126007169,0.105614439,0.414644241,0.146833107,0.185992032,0,0,0.017101657,0.091724858,0,0,0.091460906,0,0,0,0.131125718,0.07058353,0.298578262
1968,0.190185532,0,0,0,0,0,0.235309392,0,0,0.043920547,0.092143923,0,0,0.073736101,0,0.507062972,0,0,0,0,0,0,0,0,0.147097781,0.24202919,0.090015464,0,0,0.298927814,0,0.037436649,0.044353187,0.180603132,0.140853673,0.26059261,0.156456634,0,0,0.141446128,0,0,0.196651563,0,0.125706911,0,0.071832046,0,0,0.097913854,0.106542833,0,0.205309525,0.437192172,0.119694896,0,0,0.068485163,0,0.079137079,0.039657392,0.143956095,0,0,0,0,0,0,0.152430907,0,0.219120234,0.236453757,0,0,0,0,0.251451194,0.118328229,0.183859438,0.101073705,0,0.048877928,0.068488128,0.152044013,0.091095582,0.353276044,0.126215398,0,0.100175701,0,0,0,0.111571513,0,0,0,0,0,0.388266027,0,0,0.109830439,0,0,0,0,0,0.353258163,0,0,0.208724812,0,0,0,0.485415101,0,0,0.111015253,0,0.225752845,0.20994851,0.214096382,0.01,0,0.063155584,0.086091831,0,0.075662933,0,0,0,0.080858871,0.20293577,0,0.123829544,0.204409435,0,0,0.185517952,0,0.092150405,0,0,0.142514259,0.406930894,0,0,0,0,0,0,0,0.06456314,0,0,0,0,0.366199702,0,0.139148191,0,0,0.12720716,0.112142593,0.4079642,0.142997131,0.186196044,0,0,0.020601427,0.090611033,0,0,0.099146634,0,0,0,0.124160811,0.068912089,0.292766541
1969,0.294022471,0,0,0,0,0,0.248216227,0,0,0.047643498,0.095029071,0,0,0.075312592,0,0.505912602,0,0,0,0,0,0,0,0,0.139918149,0.256297022,0.084806204,0,0,0.111552387,0,0.037687935,0.045245707,0.195092633,0.156903818,0.257638633,0.185835034,0,0,0.142900929,0,0,0.19108209,0,0.125173047,0,0.070930876,0,0,0.098253526,0.113224439,0,0.187695637,0.439314187,0.11801859,0,0,0.072603509,0,0.083584741,0.043456268,0.140034139,0,0,0,0,0,0,0.153852716,0,0.213226706,0.243362248,0,0,0,0,0.216262326,0.114383489,0.175859779,0.090096205,0,0.048999418,0.096476108,0.148670822,0.092568368,0.312900096,0.126293644,0,0.099705569,0,0,0,0.08867041,0,0,0,0,0,0.37235713,0,0,0.122542866,0,0,0,0,0,0.295793474,0,0,0.21048516,0,0,0,0.478474706,0,0,0.123913221,0,0.240238458,0.205526397,0.212774485,0.01,0,0.055067461,0.083370507,0,0.086096793,0,0,0.378052473,0.08728002,0.206317589,0,0.125046015,0.207586512,0,0,0.18290624,0,0.104019515,0,0,0.122819945,0.346598595,0,0,0,0,0,0,0,0.067570403,0,0,0,0,0.368583292,0,0.14109081,0,0,0.112286061,0.113427982,0.400971144,0.13602829,0.17687808,0,0,0.031086041,0.084552988,0,0,0.092031971,0,0,0,0.129329741,0.095073394,0.35643065
1970,0.236517474,0,0.21378012,0,0,0,0.227823004,0,0,0.043298855,0.092278771,0,0,0.072967447,0,0.471667141,0.274192601,0,0.128946468,0,0,0,0,0,0.130301446,0.26085481,0.088787176,0,0,0.227223083,0,0.036493208,0.038191877,0.192614987,0.165116042,0.236846715,0.144185767,0,0,0.145346776,0,0,0.194522828,0,0.112233952,0,0.067376494,0,0,0.09347561,0.122077264,0,0.179783836,0.525349498,0.113683186,0,0,0.068079844,0,0.08251749,0.061749388,0.136080727,0,0,0,0,0,0,0.154458106,0,0.215381131,0.194213927,0.153820932,0,0,0.088731289,0.232584029,0.107397497,0.170870841,0.095243283,0.578057408,0.05315569,0.107857667,0.146869585,0.104666837,0.307466567,0.124338813,0,0.097299896,0,0,0,0.100183837,0.431902766,0,0.199759617,0,0,0.396391332,0,0,0.111619137,0,0,0,0,0,0.247407317,0,0,0.196250528,0,0,0,0.42898944,0,0,0.114960127,0,0.233454466,0.190751478,0.227132618,0.01,0,0.052664805,0.078864664,0,0.076148912,0.085195743,0,0.38572666,0.098176055,0.196711242,0.105816692,0.123604134,0.218478993,0,0.030265197,0.191706479,0,0.107325315,0.194823682,0.087623991,0.114668638,0.292492479,0,0,0,0,0,0,0,0.073442347,0,0,0,0,0.362154692,0,0.161248714,0,0,0.106838621,0.134488747,0.402240098,0.143453941,0.161157548,0,0,0.192591205,0.078785412,0,0,0.1082142,0,0,0,0.131885409,0.117212303,0.394559801
1971,0.212358072,0,0.212561697,0,0,0,0.230314448,0,0,0.040734641,0.089581132,0,0,0.06785927,0,0.366734415,0.255832434,0,0.117903665,0,0,0,0,0,0.131777987,0.258792818,0.079901315,0,0,0.210525662,0,0.033243675,0.035829801,0.190510139,0.153299078,0.21126762,0.09991885,0,0,0.146258846,0,0,0.178463638,0,0.1159833,0,0.063514784,0,0,0.090422608,0.162225172,0,0.176272869,0.477322757,0.112482086,0,0,0.05994612,0,0.080686137,0.061789367,0.130974233,0,0,0,0,0,0,0.153880343,0,0.207723677,0.181305259,0.150164172,0,0,0.078931421,0.228317693,0.10163407,0.166678414,0.1081677,0.531695485,0.060848624,0.11114867,0.138468415,0.097480014,0.274289757,0.116142325,0,0.094988674,0,0,0,0.112952247,0.439945549,0,0.214470208,0,0,0.387881577,0,0,0.088384919,0,0,0,0,0,0.25233233,0,0,0.216198176,0,0,0,0.41858688,0,0,0.120658398,0,0.263342679,0.179805115,0.155847877,0.01,0,0.049154803,0.078284599,0,0.089516893,0.016540136,0,0.372547686,0.082194366,0.204987317,0.107324868,0.114885867,0.235504657,0,0.011945984,0.200757667,0,0.119674034,0.180054501,0.088743746,0.116028123,0.262920737,0,0,0,0,0,0,0,0.064297773,0,0,0,0,0.371311992,0,0.141097575,0,0,0.065736555,0.14806211,0.373342663,0.138544813,0.145401284,0,0,0.176319033,0.080565743,0,0,0.099163175,0,0,0,0.122494929,0.107165486,0.415860027
1972,0.199626207,0,0.205272272,0,0,0,0.220124125,0,0,0.042824503,0.082584843,0,0,0.070091538,0,0.361968696,0.244850472,0,0.123708434,0,0,0,0,0,0.126219794,0.2691845,0.081510693,0,0,0.20022212,0,0.031954277,0.034072734,0.151916474,0.13549915,0.194103345,0.087943196,0,0,0.148900464,0,0,0.176350549,0,0.113648109,0,0.06221427,0,0,0.089575142,0.128913119,0,0.141497418,0.464876264,0.114588588,0,0,0.058625884,0,0.077603519,0.044102732,0.12633948,0,0,0,0,0,0,0.151252195,0,0.202320874,0.193226472,0.155834064,0,0,0.07036069,0.201361269,0.093508542,0.168412954,0.099978775,0.434090495,0.059410956,0.114146113,0.134733707,0.095601581,0.266398966,0.112620868,0,0.164225429,0,0,0,0.130012169,0.366623998,0,0.234773964,0,0,0.403936088,0,0,0.092646815,0,0,0,0,0,0.245547846,0,0,0.260168523,0,0,0,0.40013501,0,0,0.130918667,0,0.237342194,0.165003896,0.245179042,0.01,0,0.047239691,0.07658197,0,0.088799678,0.012698503,0,0.359087735,0.04479434,0.207963318,0.10542424,0.106100731,0.260397851,0,0.01,0.203536093,0,0.212457553,0.164327353,0.079272859,0.120517403,0.239914447,0,0,0,0,0,0,0,0.066094019,0,0,0,0,0.34262836,0,0.128935352,0,0,0.043680221,0.155416176,0.401278734,0.136408165,0.14005065,0,0,0.175299227,0.078971557,0,0,0.086217135,0,0,0,0.111619107,0.124842599,0.454705
1973,0.187971249,0,0.208967045,0,0,0,0.219334438,0,0,0.036360282,0.082754321,0,0,0.069933891,0,0.31157431,0.238805965,0,0.131577671,0.208896056,0,0,0,0,0.107508227,0.295065343,0.075759925,0,0,0.191166103,0,0.033866327,0.033444773,0.139663815,0.128115028,0.198930502,0.104895167,0,0,0.156204775,0,0,0.170186564,0,0.070074745,0,0.062085379,0,0,0.08923842,0.147347867,0,0.108000413,0.485430509,0.110918999,0,0,0.057308123,0,0.077975966,0.107559524,0.117859378,0,0,0,0,0,0,0.14238888,0,0.200290993,0.206382498,0.156887904,0,0,0.068182528,0.226191044,0.090470396,0.170175955,0.108692065,0.428824544,0.063251384,0.099975608,0.122920528,0.085275687,0.237489611,0.101460971,0,0.165568978,0,0,0,0.14358893,0.27766633,0,0.228301153,0,0,0.390770763,0,0,0.104611538,0,0,0,0,0,0.255813122,0,0,0.298855394,0,0,0,0.383618236,0,0,0.139582992,0,0.237905473,0.156500548,0.186689958,0.01,0,0.049764492,0.077543303,0,0.091251396,0.01,0,0.306370109,0.041391518,0.217862546,0.103467435,0.108079553,0.266550988,0,0.01,0.209742367,0,0.238970503,0.141917288,0.077411339,0.109145239,0.235354513,0,0,0,0,0.104964033,0,0,0.072746664,0,0,0,0,0.254256845,0,0.127754286,0,0,0.067555338,0.13365981,0.392295927,0.117621377,0.132049963,0,0,0.156242773,0.077947624,0,0,0.081742689,0,0,0,0.113304526,0.148258045,0.46585682
1974,0.147477433,0,0.200753197,0,0,0,0.19866018,0,0,0.026807791,0.07992164,0,0,0.064506903,0,0.26265648,0.23211512,0,0.123579957,0.163270071,0,0,0,0,0.131069183,0.274994016,0.082066081,0,0,0.18187587,0,0.034673523,0.031846378,0.115978785,0.110922784,0.184319153,0.104491465,0,0,0.150255233,0,0,0.149953634,0,0.041976999,0,0.057511214,0,0,0.078550003,0.139797375,0,0.221342847,0.493567705,0.098681174,0,0,0.050898854,0,0.071362153,0.28656581,0.098431915,0,0,0,0,0,0,0.111147925,0,0.168481827,0.17844823,0.137644604,0,0,0.060536135,0.26098308,0.081720114,0.138865188,0.149812818,0.380616516,0.056928664,0.089334935,0.109333925,0.076032229,0.198332429,0.082951039,0,0.152428091,0,0,0,0.139749452,0.458760113,0,0.220509335,0,0,0.456429273,0,0,0.103227064,0,0,0,0,0,0.24204959,0,0,0.239199013,0,0,0,0.375308782,0,0,0.14496845,0,0.216173053,0.155310243,0.181140855,0.01,0,0.047221996,0.070476338,0,0.078817748,0.01,0,0.262101054,0.071361057,0.189165279,0.104930989,0.091439076,0.239534706,0,0.01,0.215843379,0,0.102352925,0.137649447,0.081744269,0.107953906,0.200259477,0,0,0,0,0.085790507,0,0,0.070438527,0,0,0,0,0.258976609,0,0.104932316,0,0,0.286824614,0.141983062,0.487326592,0.09127856,0.125080705,0,0,0.145882398,0.069600113,0,0,0.1013247,0,0,0,0.109455913,0.171532854,0.516887844
1975,0.198666096,0,0.177893534,0,0,0,0.128734037,0,0,0.026688609,0.075614475,0,0,0.058147371,0,0.388813853,0.230439827,0,0.110808492,0.125884548,0,0,0,0,0.123776928,0.248774558,0.087960534,0,0,0.182548702,0,0.035982043,0.029736537,0.081769153,0.098995797,0.171630189,0.082506925,0,0,0.146411538,0,0,0.152238995,0,0.029871164,0,0.057140369,0,0,0.075334549,0.140318349,0,0.178296417,0.387369633,0.090602316,0,0,0.045335416,0,0.05752141,0.170747802,0.094871067,0,0,0,0,0,0,0.121969812,0,0.166490868,0.186692998,0.140838817,0,0,0.053917494,0.210309938,0.0650682,0.139929622,0.101137146,0.341381699,0.047225725,0.095791087,0.098131493,0.069407597,0.180178791,0.081702419,0,0.14040935,0,0,0,0.135443211,0.271102458,0,0.136499673,0,0,0.415343702,0,0,0.074788019,0,0,0,0,0,0.219329461,0,0,0.274411052,0,0,0,0.353426188,0,0,0.13238658,0,0.172092363,0.145354375,0.064523019,0.01,0,0.044038221,0.063027896,0,0.060190368,0.01,0,0.251095325,0.052694827,0.191182882,0.103715293,0.071185619,0.176975951,0,0.01,0.21159406,0,0.094019741,0.088177614,0.086678237,0.124744736,0.195381284,0,0,0,0,0.089872763,0,0,0.071449153,0,0,0,0,0.292355418,0,0.096563682,0,0,0.215757415,0.123656504,0.438687682,0.082886942,0.124028318,0,0,0.155524582,0.068798222,0,0,0.071847029,0,0,0,0.084221169,0.150209114,0.406117529
1976,0.182854339,0,0.163940474,0,0,0,0.13435261,0,0,0.030621827,0.075712673,0,0,0.057774991,0,0.338112295,0.224640206,0,0.132948041,0.132386342,0,0,0,0,0.116101056,0.250106186,0.074183822,0,0,0.194279179,0,0.038933259,0.032341957,0.092142448,0.078810915,0.194790393,0.078693591,0,0,0.144821674,0,0,0.164399892,0,0.045124125,0,0.057648513,0,0,0.078813672,0.141799048,0,0.175050735,0.320872754,0.089266449,0,0,0.041174445,0,0.055158772,0.195330232,0.094511881,0,0,0,0,0,0,0.120910473,0,0.158005044,0.211257994,0.142504618,0,0,0.050717879,0.1925423,0.074713692,0.136509284,0.101832405,0.34283182,0.053023167,0.09423247,0.098027945,0.061457422,0.176609427,0.081872061,0,0.124112189,0,0,0,0.16542381,0.218057334,0,0.024270017,0,0,0.424641132,0,0,0.079766519,0,0,0,0,0,0.20507738,0,0,0.261201084,0,0,0,0.346768588,0,0,0.156128183,0,0.186347738,0.135832295,0.076466456,0.01,0,0.045094538,0.058081813,0,0.060693357,0.01,0,0.215962246,0.040457178,0.194296136,0.109802477,0.069631018,0.205385104,0,0.01,0.214858606,0,0.085188255,0.060189575,0.099633679,0.121311426,0.18552573,0,0,0,0,0.091688685,0,0,0.059161101,0,0,0,0,0.245525792,0,0.103560485,0,0,0.15738757,0.107433274,0.409457296,0.087742694,0.122782201,0,0,0.165320277,0.072149143,0,0,0.060957354,0,0,0,0.067775615,0.110697933,0.367638677
1977,0.172663197,0,0.156547353,0,0,0,0.15515326,0,0,0.028593866,0.075518601,0,0,0.056540102,0,0.370982468,0.218239918,0,0.113065891,0.147037357,0,0,0,0,0.125970498,0.235560104,0.0632094,0,0,0.198714882,0,0.039301932,0.032147162,0.099976368,0.07299687,0.210661843,0.096118629,0,0,0.152015075,0,0,0.1822083,0,0.057127129,0,0.057052642,0,0,0.076888613,0.139379695,0,0.183260128,0.303349316,0.086638339,0,0,0.039062325,0,0.054300368,0.119330011,0.095279753,0,0,0,0,0,0,0.111001432,0,0.177753836,0.206870809,0.15318957,0,0,0.047196496,0.210023642,0.068480067,0.136687592,0.069953389,0.304173827,0.061340142,0.101018429,0.095674179,0.063759781,0.193846658,0.081310436,0,0.130140096,0,0,0,0.169285357,0.167049646,0,0.084717855,0,0,0.451095015,0,0,0.075390346,0,0,0,0,0,0.190810397,0,0,0.271228701,0,0,0,0.322752863,0.023191918,0,0.153845355,0,0.181183025,0.127515674,0.064132683,0.01,0,0.042497966,0.0536578,0,0.056620758,0.01,0,0.198009863,0.021514831,0.193184242,0.110210434,0.070767313,0.206422269,0,0.01,0.202597499,0,0.115060136,0.037165493,0.103191301,0.114937089,0.183367282,0,0,0,0,0.098648667,0,0,0.0448143,0,0,0,0,0.198866189,0,0.101288579,0,0,0.140655294,0.087623879,0.293132156,0.08953128,0.111995399,0,0,0.17005536,0.071167804,0,0,0.04952031,0,0,0,0.060950592,0.088517502,0.272520036
1978,0.135029852,0,0.141933173,0,0,0,0.139019027,0,0,0.034472562,0.071272217,0,0,0.053828184,0,0.416206211,0.210306108,0,0.11234609,0.135415956,0,0,0,0,0.118015029,0.212746903,0.084045179,0,0,0.198003784,0,0.042980433,0.032248363,0.106072947,0.071600914,0.189293355,0.135843396,0,0,0.143877208,0,0,0.171267956,0,0.056713723,0,0.054436129,0,0,0.075929128,0.121019423,0,0.159478903,0.26279676,0.083704576,0,0,0.049253706,0,0.052989356,0.013208313,0.096162744,0,0,0,0,0,0,0.104182795,0,0.162265688,0.1873568,0.151667535,0,0,0.04377652,0.213459328,0.074725367,0.135208607,0.058851376,0.323508531,0.063216455,0.087568402,0.093689449,0.073298477,0.183386877,0.080682948,0,0.130051807,0,0,0,0.163328558,0.138850376,0,0.086482726,0,0,0.337932348,0,0,0.075942062,0,0,0,0,0,0.187908903,0,0,0.281073332,0,0,0,0.303775251,0.01976816,0,0.150869995,0,0.159038469,0.120767258,0.074214987,0.01,0,0.039856929,0.052587558,0,0.05581487,0.015924692,0,0.203859478,0.188034728,0.191119671,0.109120406,0.065488257,0.209908977,0,0.01,0.186113998,0,0.151769087,0.017348059,0.08677116,0.107329316,0.18048586,0,0,0,0,0.100678504,0,0,0.047623441,0,0,0,0,0.184573472,0,0.10574463,0,0,0.104406767,0.080222972,0.282872915,0.093326084,0.103334129,0,0,0.176146254,0.070054024,0,0,0.034130484,0,0,0,0.056459911,0.072254352,0.283022881
1979,0.131454319,0,0.134700999,0,0,0,0.151434094,0,0,0.036329094,0.071667679,0,0,0.051773921,0,0.284498453,0.208783314,0,0.119155645,0.196756527,0,0,0,0,0.118354149,0.190673605,0.076038763,0,0,0.215778902,0,0.051012903,0.032582659,0.118440613,0.066710621,0.163873494,0.088434771,0,0,0.138733223,0,0,0.150837258,0,0.061222427,0,0.052402038,0,0,0.075247042,0.108660854,0,0.17590715,0.253333569,0.078739777,0,0,0.057184502,0,0.052565925,0.045796141,0.094253808,0,0,0,0,0,0,0.093662836,0,0.154822692,0.164581001,0.143697202,0,0,0.04293704,0.197186142,0.073485628,0.125142097,0.065161496,0.382816523,0.061176922,0.082408272,0.094228551,0.049632382,0.172135085,0.073969953,0,0.121957541,0,0,0,0.143244684,0.22740753,0,0.102053717,0,0,0.277714163,0,0,0.074817397,0,0,0,0,0,0.182827011,0,0,0.257710248,0,0,0,0.296283543,0.026287436,0,0.146597534,0,0.158288896,0.118195318,0.088580988,0.01,0,0.036690131,0.062393945,0,0.055001725,0.022861358,0,0.201514542,0.201783329,0.176417366,0.107231908,0.065080665,0.203203768,0,0.01,0.174628779,0,0.077458858,0.019659882,0.073827632,0.114010774,0.18130745,0,0,0,0,0.091541693,0,0,0.052106522,0,0,0,0,0.135150567,0,0.094207048,0,0,0.107190318,0.079736739,0.268889487,0.082992062,0.098350257,0,0,0.190541074,0.067135237,0,0,0.034960076,0,0,0,0.055681072,0.06918437,0.329022974
1980,0.143461809,0,0.135414332,0,0,0,0.151923925,0,0,0.034880746,0.066899188,0,0.067178816,0.059799593,0.073619425,0.28252244,0.202020422,0,0.130913004,0.269371659,0,0,0,0,0.108460963,0.184269711,0.075179361,0,0,0.23433426,0.256356627,0.053719852,0.030016785,0.11814566,0.068882488,0.145993724,0.088397041,0,0,0.135928333,0,0.04163029,0.137993023,0,0.061180387,0,0.047366478,0.163178623,0,0.070387512,0.109580621,0,0.164497793,0.228386149,0.072961755,0,0,0.051992822,0.082009576,0.047839984,0.060293518,0.089165032,0,0,0.349829674,0,0,0,0.08529038,0,0.150426582,0.161370814,0.12913315,0,0,0.043589868,0.221966252,0.061901145,0.116905734,0.054075234,0.36981681,0.060458824,0.074466385,0.087771863,0.043700248,0.16989699,0.065955244,0,0.119159542,0,0,0,0.126797944,0.236831903,0.51536268,0.11545562,0,0,0.214958429,0.010454117,0,0.071174823,0,0.338436127,0,0,0,0.184406906,0,0,0.260379434,0,0,0.063232034,0.293540716,0.026765374,0,0.12377467,0,0.144656152,0.127558321,0.108708732,0.01,0.202186972,0.031952944,0.076133884,0,0.056442901,0.038764998,0,0.229413316,0.228105575,0.179508984,0.085145347,0.06017239,0.214796782,0,0.017712926,0.161741525,0,0.081834204,0.031468477,0.069713801,0.103360981,0.169426396,0.149210587,0,0,0.165186942,0.079895154,0,0,0.05469599,0.01,0,0,0,0.123987675,0.01,0.088235252,0,0,0.143878326,0.083919488,0.26789552,0.074142054,0.09664733,0,0,0.176306605,0.061801266,0,0,0.037884977,0,0,0,0.080388799,0.076122865,0.338215381
1981,0.114999108,0,0.118486181,0,0,0,0.137317508,0,0,0.032902233,0.062702246,0,0.077912807,0.055742413,0.074861474,0.29068464,0.196417987,0,0.1345191,0.25576511,0,0,0,0,0.115144901,0.169039041,0.066993058,0,0,0.222681835,0.294539362,0.045741931,0.03374543,0.116693705,0.064466238,0.13247095,0.082446791,0,0,0.127934456,0,0.037912417,0.087994196,0,0.058000658,0,0.044514656,0.15598391,0,0.067210346,0.099826038,0,0.151206434,0.203090057,0.068640091,0,0,0.048814084,0.064130217,0.046638101,0.069963463,0.087952793,0,0,0.351106226,0,0,0,0.080321699,0,0.153104231,0.157202318,0.1239696,0,0,0.04394586,0.191078305,0.065798245,0.114928715,0.05566781,0.243102387,0.060279526,0.065448508,0.077908844,0.040985826,0.155466273,0.066240728,0,0.11533124,0,0,0,0.12961866,0.197653592,0.585946739,0.113710396,0,0,0.238651574,0.01,0,0.066962458,0,0.332898468,0,0,0,0.181112587,0,0,0.257714033,0,0,0.062493868,0.272696465,0.028458163,0,0.118209042,0,0.125832304,0.103257127,0.0787099,0.01,0.187621236,0.034294464,0.075833596,0,0.056249153,0.046521764,0,0.236945435,0.221974984,0.181682572,0.090556741,0.05229219,0.216788262,0,0.036817692,0.138426617,0,0.096994445,0.046544638,0.071455076,0.096745804,0.157856494,0.147070691,0,0,0.133997768,0.084648497,0,0,0.05505766,0.01,0,0,0,0.107141823,0.01,0.085578047,0,0,0.083375052,0.079377331,0.281361282,0.077702776,0.075860195,0,0,0.168795064,0.064215086,0,0,0.040884573,0,0,0,0.057385102,0.082028247,0.376160741
1982,0.106501453,0,0.113711789,0,0,0,0.108000219,0,0,0.029972823,0.061655685,0,0.047597405,0.056769259,0.075975403,0.251665324,0.187145323,0,0.145459011,0.286513507,0,0,0,0,0.085163973,0.157072708,0.05934719,0,0,0.191550612,0.224735767,0.037895136,0.027055973,0.089365944,0.06483949,0.129575357,0.08011917,0,0,0.125033572,0,0.036667716,0.069651745,0,0.062138028,0,0.043562181,0.13432391,0,0.069145069,0.088287562,0,0.1335693,0.205197796,0.067688495,0,0,0.05180208,0.048709515,0.045515638,0.065559752,0.095023692,0,0,0.346610785,0,0,0,0.084269837,0,0.145849675,0.157149509,0.119988911,0,0,0.04421882,0.195344448,0.064306743,0.120555535,0.075975426,0.217261389,0.057325918,0.076216683,0.076561466,0.042380329,0.119378127,0.063206948,0,0.10144861,0,0,0,0.13275519,0.158243209,0.608083189,0.059586067,0,0,0.226663277,0.01,0,0.065850675,0,0.322893977,0,0,0,0.161539808,0,0,0.250887424,0,0,0.06714806,0.257843792,0.022451533,0,0.125715524,0,0.119189344,0.097181216,0.051978126,0.01,0.191403806,0.035057403,0.071003512,0,0.055464026,0.049804304,0,0.217682749,0.166978195,0.178741321,0.06252975,0.049303997,0.178649604,0,0.024883123,0.143777162,0,0.214831039,0.044186033,0.066970639,0.110608131,0.143275112,0.143361911,0,0,0.130772576,0.076189473,0,0,0.061296243,0.01900005,0,0,0,0.115098476,0.01,0.082378678,0,0,0.041504003,0.069873489,0.25485611,0.074637882,0.054118548,0,0,0.139956757,0.059602652,0,0,0.03814286,0,0,0,0.04887734,0.088755563,0.360596955
1983,0.105860561,0,0.114542991,0,0,0,0.113644339,0,0,0.039767839,0.06251388,0,0.050177474,0.058696736,0.066164412,0.200116649,0.182462856,0,0.149557218,0.264987618,0,0,0,0,0.070540436,0.142094523,0.058456745,0,0,0.178160071,0.241794974,0.05233847,0.022647513,0.085034169,0.069622412,0.120223224,0.085761271,0,0,0.121989265,0,0.037120584,0.100096807,0,0.063320935,0,0.042922147,0.115481108,0,0.069264784,0.08564312,0,0.164523318,0.172452778,0.066957548,0,0,0.052367128,0.04276628,0.04811449,0.059407249,0.101287909,0,0,0.340637237,0,0,0,0.080627553,0,0.151171207,0.165916234,0.129743591,0,0,0.04117329,0.194399238,0.06357605,0.121672578,0.083737202,0.204187214,0.054571155,0.080065124,0.077789724,0.04644905,0.109989971,0.061867058,0,0.093507305,0,0,0,0.140458792,0.154762447,0.607999742,0.084035464,0,0,0.227755964,0.01,0,0.067770518,0,0.336400181,0,0,0,0.146752492,0,0,0.236006334,0,0,0.058713783,0.235368803,0.022983277,0,0.128227249,0,0.119919442,0.088342458,0.065074272,0.01,0.162322477,0.03943586,0.07302627,0,0.0694004,0.054956865,0,0.20397763,0.118268102,0.162203714,0.06920673,0.04516042,0.162610039,0,0.01,0.135974795,0,0.279689342,0.043652806,0.064315245,0.110589691,0.13692598,0.136472419,0,0,0.117592856,0.072214693,0,0,0.06645295,0.015853301,0,0,0,0.071087345,0.01,0.084207825,0,0,0.032283455,0.067252941,0.25770548,0.080588102,0.079537883,0,0,0.126646399,0.068926461,0,0,0.034588113,0,0,0,0.04704164,0.083348334,0.4354752
1984,0.100371644,0,0.119158223,0,0,0,0.113306247,0,0,0.040640332,0.061933514,0,0.061244894,0.060440324,0.072180994,0.17958197,0.17932786,0,0.139625922,0.249191657,0,0,0,0,0.028923387,0.154155463,0.061026454,0,0,0.183628947,0.194417015,0.062299103,0.035978492,0.089702748,0.073023036,0.103060849,0.087638564,0,0,0.119381316,0,0.03973943,0.118188314,0,0.065951325,0,0.043378226,0.100727849,0,0.070918061,0.072728634,0,0.158046022,0.170963883,0.068755589,0,0,0.054470643,0.050271902,0.051215161,0.072396241,0.101318911,0,0,0.337123007,0,0,0,0.081986286,0,0.148458585,0.190923467,0.127837896,0,0,0.041927017,0.199652851,0.059722152,0.125179753,0.067374185,0.221803725,0.061080296,0.083448395,0.085190356,0.043867551,0.126366511,0.06467469,0,0.095557988,0,0,0,0.153255746,0.171104819,0.646786392,0.133046225,0,0,0.233042717,0.01,0,0.071643159,0,0.322418213,0,0,0,0.150300652,0,0,0.209360451,0,0,0.062609285,0.301754653,0.02001445,0,0.134856388,0,0.130549043,0.091661632,0.096416697,0.01,0.162029922,0.045711692,0.080322064,0,0.072994336,0.061554525,0,0.237611189,0.112669088,0.141893372,0.073022813,0.045529936,0.14026463,0,0.038699459,0.135925531,0,0.292991996,0.048950266,0.060658764,0.111460336,0.13026692,0.138818577,0,0,0.103255555,0.071025692,0,0,0.07405261,0.044024594,0,0,0,0.08332178,0.01,0.082238033,0,0,0.033460874,0.071466252,0.250521034,0.086675271,0.039243151,0,0,0.122611172,0.07608749,0,0,0.042037655,0,0,0,0.05101157,0.065461367,0.296175212
1985,0.111796573,0,0.117778808,0,0,0,0.110079184,0,0,0.039295483,0.062576041,0,0.060910869,0.060538981,0.034486003,0.232484519,0.17424354,0,0.09296789,0.280322433,0,0,0,0,0.092051193,0.169368312,0.061588962,0,0,0.21683979,0.274269462,0.066773906,0.033987995,0.091329977,0.081007361,0.119858459,0.07827279,0,0,0.10290876,0,0.035886124,0.130653173,0,0.065484405,0,0.043865405,0.090431802,0,0.071539305,0.097205356,0,0.164045677,0.17771633,0.070162706,0,0,0.050278943,0.060439311,0.0537518,0.064155355,0.103224367,0,0,0.346096754,0,0,0,0.081115253,0,0.120321177,0.181510776,0.138021797,0,0,0.040043063,0.20167847,0.061823502,0.129497394,0.067523181,0.236902028,0.062025823,0.083158121,0.085559644,0.041397464,0.14185214,0.068139836,0,0.106139526,0,0,0,0.152264327,0.172765657,0.65180254,0.161402881,0,0,0.213940546,0.01,0,0.073419899,0,0.311264157,0,0,0,0.148198023,0,0,0.192261711,0,0,0.052681368,0.353096724,0.020666573,0,0.144312307,0,0.115579136,0.099123783,0.047598626,0.01,0.147240415,0.04656525,0.075302817,0,0.072795935,0.081586562,0,0.217221528,0.097781122,0.136155725,0.071231611,0.047934242,0.139893666,0,0.048925955,0.127738237,0,0.180538744,0.05290762,0.064434208,0.120623946,0.113395154,0.137723535,0,0,0.100405194,0.085115977,0,0,0.071326219,0.046639968,0,0,0,0.089452542,0.01,0.076940753,0,0,0.027503643,0.069714747,0.228584439,0.085535988,0.020056333,0,0,0.109575666,0.078616045,0,0,0.041695725,0,0,0,0.048327103,0.051508565,0.408018351
1986,0.117356524,0,0.090591818,0,0,0,0.126827553,0,0,0.03982155,0.062578447,0,0.074747473,0.064810462,0.050016504,0.211314783,0.171733111,0,0.06229936,0.259600431,0,0,0,0.144883841,0.15053615,0.178275123,0.065205753,0,0,0.2607342,0.251253545,0.059108745,0.027486358,0.09202867,0.081658274,0.126472816,0.071025901,0,0,0.106843278,0,0.043819617,0.152248219,0,0.069386199,0,0.044511084,0.084534444,0,0.074762158,0.082675949,0,0.125052482,0.194223985,0.073238932,0,0,0.050771758,0.077056669,0.060290541,0.029580461,0.103323944,0,0,0.342897892,0,0,0,0.074762203,0,0.141687706,0.183388382,0.13834013,0,0,0.037887696,0.201656625,0.062682755,0.131233588,0.070272475,0.272297829,0.066347972,0.092865825,0.092845671,0.060042676,0.145518228,0.071804523,0,0.105556644,0,0,0,0.169410199,0.116879813,0.657584548,0.141133517,0,0,0.219732389,0.01,0,0.075570993,0,0.302465856,0,0,0,0.122410804,0,0,0.18358174,0,0,0.063752584,0.388058543,0.023708507,0,0.161261871,0,0.099579051,0.089790933,0.064503238,0.01,0.211065829,0.045069657,0.052799396,0,0.079125009,0.056580931,0,0.246567488,0.143141434,0.144519985,0.068244047,0.053408831,0.114709884,0,0.029809413,0.121624477,0,0.204169318,0.06560453,0.073927343,0.143100664,0.121733487,0.134154275,0,0,0.060666859,0.080334,0,0,0.073965907,0.107195303,0,0,0,0.089830637,0.01,0.077099934,0,0,0.01,0.06227969,0.200314865,0.100614302,0.012193393,0,0,0.125975758,0.076899737,0,0,0.036564443,0,0,0,0.044816218,0.026891949,0.462131321
1987,0.121989191,0,0.1009266,0,0,0,0.126864299,0,0,0.047612417,0.061466467,0,0.059184317,0.06604442,0.064780645,0.193502545,0.173427135,0,0.07633625,0.367940754,0,0,0,0.14735584,0.144576535,0.136463523,0.071216047,0,0,0.255515814,0.228127822,0.063283451,0.028926061,0.097742245,0.085489117,0.114111632,0.073349945,0,0,0.105185926,0,0.04553413,0.151174217,0,0.075069778,0,0.04370033,0.079277575,0,0.073273495,0.078924477,0,0.099915169,0.208474591,0.07433974,0,0,0.049667343,0.04588405,0.060871691,0.012286341,0.106476746,0,0,0.347646475,0,0,0,0.072834231,0,0.132117137,0.181760848,0.149406746,0,0,0.040963653,0.196240544,0.058324344,0.136745572,0.079199016,0.344230443,0.074137732,0.084782012,0.094765469,0.065148622,0.1507622,0.073224358,0,0.109486759,0,0,0,0.179491326,0.160527244,0.594340801,0.155324787,0,0,0.219824538,0.01,0,0.072173402,0,0.299507529,0,0,0,0.130790755,0,0,0.192118645,0,0,0.048639223,0.158643216,0.025076736,0,0.174765572,0,0.118046708,0.0860072,0.058334436,0.01,0.224713057,0.038933586,0.046467319,0,0.081645757,0.063219018,0,0.23509562,0.185098305,0.151425064,0.065017849,0.055251081,0.114802986,0,0.050264701,0.114182256,0,0.106775679,0.065738618,0.070603848,0.144161314,0.136507303,0.114721581,0,0,0.04194025,0.070249997,0,0,0.069102436,0.358847737,0,0,0,0.091142192,0.01,0.081883803,0,0,0.01,0.060551431,0.283378839,0.105268888,0.01241522,0,0,0.139810264,0.075258791,0,0,0.035388902,0,0,0,0.051625162,0.01,0.468913555
1988,0.129987061,0,0.093026035,0,0,0,0.127717063,0,0,0.050491493,0.061790742,0,0.019343389,0.07310386,0.043509308,0.195083886,0.191872224,0,0.109375112,0.351130068,0,0,0,0.138528034,0.1220202,0.118708715,0.069369711,0,0,0.253141254,0.241211116,0.061781362,0.030349515,0.103870876,0.091528967,0.106875427,0.079956323,0,0,0.097189471,0,0.048323721,0.148484305,0,0.076594204,0,0.044442002,0.074419551,0,0.070292935,0.077135585,0,0.10789188,0.150358126,0.073552288,0,0,0.051566616,0.088538826,0.066328838,0.040811397,0.108174473,0,0,0.361644268,0,0,0,0.073643424,0,0.133900702,0.164287567,0.157424867,0,0,0.046120204,0.201701313,0.061269358,0.137052163,0.057370029,0.356470913,0.074356422,0.09162657,0.09690053,0.064278796,0.138354674,0.075911246,0,0.110117406,0,0,0,0.172998309,0.149821356,0.518477142,0.092542112,0,0,0.214847088,0.01,0,0.078196593,0,0.316915929,0,0,0,0.129994914,0,0,0.19364278,0,0,0.054374248,0.052164581,0.026530817,0,0.167367175,0,0.11904034,0.089425035,0.056991812,0.01,0.070189625,0.040844806,0.041600462,0,0.089742281,0.054108907,0,0.231909022,0.129182413,0.164721459,0.067248829,0.057614561,0.116681464,0,0.073612869,0.110414311,0,0.165722251,0.080180109,0.077022023,0.14319773,0.153323755,0.109450869,0,0,0.048111379,0.077856332,0,0,0.066450112,0.195136964,0,0,0,0.111438043,0.01,0.083314575,0,0,0.01638617,0.060129907,0.237890854,0.097333208,0.017262358,0,0,0.139070645,0.075890437,0,0,0.034533821,0,0,0,0.055730801,0.013891853,0.565560102
1989,0.126853108,0,0.094974525,0,0,0,0.118984707,0,0,0.048213076,0.061155245,0,0.027336173,0.073429585,0.056543238,0.188727602,0.188377663,0,0.11661806,0.331294566,0,0,0,0.134102106,0.128593355,0.102978654,0.06944488,0,0,0.335509598,0.252681315,0.057365824,0.031725708,0.109600246,0.092151366,0.132950366,0.064310066,0,0,0.095581502,0,0.050272033,0.150756314,0,0.076818503,0,0.04558669,0.067442283,0,0.068292625,0.091572553,0,0.109417342,0.195472062,0.073747247,0,0,0.049194623,0.150514036,0.069195904,0.032846954,0.100113325,0,0,0.367445856,0,0,0,0.072387904,0,0.136356473,0.149286613,0.153262183,0,0,0.049698785,0.21068427,0.065236837,0.142228454,0.061001673,0.309450179,0.069427587,0.091781154,0.097599439,0.06642165,0.129614502,0.073995464,0,0.114791118,0,0,0,0.157091603,0.188961312,0.506160438,0.03237005,0,0,0.220819607,0.01,0,0.082009189,0,0.298179924,0,0,0,0.119188532,0,0,0.179727018,0,0,0.061415561,0.054412052,0.029721797,0,0.157019541,0,0.128918424,0.088140301,0.056716226,0.01,0.050509449,0.046352495,0.052230727,0,0.090553008,0.066188045,0,0.203342125,0.121477783,0.162408188,0.10272146,0.059106614,0.126198739,0,0.096907921,0.095516272,0,0.136104614,0.082277417,0.070986435,0.131540105,0.152377203,0.097749315,0,0,0.051305186,0.078689098,0,0,0.05937469,0.198516443,0,0,0,0.110787928,0.01,0.080759078,0,0,0.034320828,0.062019814,0.264943033,0.092965864,0.030971315,0,0,0.138923705,0.080868855,0,0,0.034691222,0,0,0,0.059835799,0.010062642,0.656888664
1990,0.115993105,0,0.103003509,0,0,0,0.11111515,0.038503982,0,0.045726974,0.061710626,0.05926358,0.01,0.070146434,0.066336133,0.174459383,0.140896559,0,0.128162339,0.308823615,0.072471015,0.124769658,0,0.128966615,0.145313233,0.10328424,0.059840057,0,0,0.298668027,0.248008698,0.05028934,0.030313149,0.106681764,0.093052864,0.135752782,0.056069907,0,0,0.099039152,0,0.04607407,0.148580566,0,0.080980696,0.107167751,0.045884036,0.0679961,0,0.066116795,0.10190814,0,0.128902838,0.212747306,0.073157713,0.063613422,0,0.040944159,0.160933495,0.067228682,0.042028818,0.089305244,0.124964789,0,0.362601131,0,0,0,0.071134098,0,0.126800641,0.143698558,0.118623264,0.076710276,0,0.053727128,0.211566418,0.068890795,0.141961455,0.053459987,0.29999727,0.066939399,0.101011708,0.093146518,0.067138731,0.098101541,0.071928576,0.081056058,0.111310281,0.067456722,0,0,0.146112621,0.122701228,0.474508435,0.059029952,0,0,0.239050418,0.01,0.1132925,0.078047894,0.100448474,0.316517919,0.114917763,0,0,0.128703147,0.01189917,0,0.171797216,0,0,0.01,0.055015959,0.030080356,0,0.148612157,0,0.136556536,0.060516547,0.05682027,0.01,0.068285726,0.051676404,0.061079342,0,0.091989197,0.088060617,0,0.229260057,0.126548871,0.159150645,0.067643836,0.061254561,0.135633871,0,0.095223591,0.090983056,0.083913237,0.119459204,0.094162412,0.072156779,0.133194074,0.152925909,0.116718188,0,0.01959471,0.028596899,0.071461342,0.085143983,0.047536004,0.050625075,0.23957324,0,0,0,0.11144761,0.016814522,0.077055492,0.113615289,0,0.04839037,0.065214463,0.283099204,0.089055039,0.038690403,0.074508242,0,0.139686406,0.080346279,0.226754799,0,0.046825834,0,0,0,0.064047143,0.01,0.65865922
1991,0.126142263,0.114419118,0.213091269,0,0,0,0.146851197,0.02842172,0,0.049334392,0.061545558,0.057377111,0.01,0.066789486,0.071906798,0.162064835,0.191849977,0,0.129725039,0.273358285,0.058438875,0.138018191,0,0.128963411,0.141337216,0.152070716,0.074077524,0,0,0.265449315,0.240767196,0.042262375,0.030295957,0.114384383,0.097556107,0.117710501,0.035044145,0,0,0.10434559,0,0.047760103,0.14352192,0.383265406,0.076861955,0.071320556,0.046372019,0.114093326,0,0.064836696,0.01,0,0.139475271,0.240945995,0.072853744,0.042387966,0,0.028943811,0.153264135,0.063863017,0.043798994,0.094578788,0.089269303,0,0.310703427,0,0,0,0.073990434,0,0.141931489,0.152088478,0.124251753,0.054232236,0,0.042917147,0.235716626,0.062985621,0.140100539,0.061256487,0.076389536,0.065536305,0.110625483,0.09023843,0.06435468,0.095219262,0.067034483,0.097648799,0.124796309,0.098783061,0,0,0.137545198,0.043797176,0.442622006,0.067996837,0,0,0.222162649,0.01,0.100553811,0.079860635,0.154466256,0.302625656,0.086354658,0,0,0.13075304,0.01,0,0.174721554,0,0,0.12149141,0.161735639,0.032198071,0,0.141997412,0,0.141295001,0.053395946,0.061624054,0.01,0.073319875,0.051037963,0.064426355,0,0.087374143,0.079126105,0,0.244655713,0.159169063,0.15112327,0.07051377,0.063047156,0.121582814,0,0.089554176,0.079557963,0.083241738,0.102174409,0.104362376,0.0733613,0.129024923,0.148953676,0.147623882,0,0.013942839,0.023820752,0.072477661,0.057681721,0.029380886,0.050174169,0.225386605,0,0,0,0.11610356,0.01,0.072984368,0.15305011,0,0.036746003,0.067036323,0.248415366,0.090816699,0.077611543,0.066627286,0,0.137932539,0.079607211,0.20347017,0,0.050883293,0.272522569,0,0,0.069648445,0.01,0.693178654
1992,0.117843121,0.111404188,1.095874786,0,0,0,0.172413945,0.01,0,0.053043321,0.059503682,0.033079386,0.01,0.067129038,0.072929569,0.145904928,0.203720495,0,0.126361758,0.24571076,0.050753657,0.079701774,0,0.127113387,0.130780265,0.13197726,0.059506927,0,0,0.243913367,0.225850552,0.039901242,0.030925149,0.119673744,0.100888796,0.112762503,0.05576995,0,0,0.107103519,0,0.049929544,0.15470174,0.364984602,0.082771465,0.059924692,0.043873392,0.102083817,0,0.065273643,0.01,0,0.139895841,0.288673282,0.072979346,0.01,0,0.035718422,0.168726206,0.064238407,0.048409589,0.105495341,0.034366343,0,0.317093223,0,0,0,0.074069791,0,0.13539499,0.150272116,0.128241211,0.044650793,0,0.045164917,0.230689302,0.068147548,0.138304651,0.056305468,0.10774783,0.061355475,0.111640118,0.088134706,0.068751313,0.103913464,0.06122762,0.061668191,0.118573777,0.100219481,0,0,0.13012442,0.127678812,0.425846428,0.06278681,0,0,0.231892124,0.01,0.069008358,0.076612517,0.039689966,0.306080103,0.049415186,0,0,0.131256983,0.03133224,0,0.178482339,0,0,0.187050194,0.113153808,0.032928895,0,0.143453643,0,0.145509794,0.068857372,0.066194996,0.01,0.081024617,0.047021199,0.064576462,0,0.090912998,0.085616566,0,0.27150467,0.166979864,0.149858728,0.090490915,0.0668604,0.11562901,0,0.103317134,0.060947694,0.02899193,0.097819895,0.106480405,0.072395921,0.128988653,0.140221685,0.169848293,0,0.01,0.015471568,0.071752101,0.035650533,0.025430365,0.054213297,0.172245219,0,0,0,0.114048116,0.01,0.074061736,0.03094192,0,0.031016054,0.069714814,0.250151455,0.080187783,0.05856248,0.043007839,0,0.15683414,0.081389897,0.161835641,0,0.056134354,0.309861004,0,0,0.077987507,0.01,0.561831057
1993,0.105873473,0.110878341,0.083808623,0,0,0,0.169041455,0.01,0,0.055464871,0.057605408,0.016427297,0.01,0.06411463,0.075631395,0.136324763,0.218071669,0,0.130825579,0.229930043,0.046745133,0.024124984,0,0.136884004,0.127014041,0.138896272,0.070442751,0,0,0.229369506,0.21611613,0.045487978,0.031902965,0.123051628,0.10715434,0.118762359,0.102695145,0,0,0.108805515,0,0.053234588,0.157704562,0.354779541,0.07878653,0.046502583,0.041586086,0.108028926,0,0.062686272,0.01,0,0.124601215,0.304725587,0.069284104,0.01,0,0.04924779,0.171533033,0.062254664,0.048796657,0.119824834,0.017158441,0,0.320520163,0,0,0,0.07193093,0,0.134274721,0.14583762,0.12276651,0.038939208,0,0.051689569,0.215681687,0.074011929,0.14111048,0.05588299,0.173611,0.060661327,0.11519476,0.088894494,0.065592818,0.098609649,0.056498457,0.017144926,0.09915942,0.070684403,0,0,0.132065237,0.1801534,0.414265275,0.069798768,0,0,0.243696705,0.01,0.051353998,0.081811339,0.017816117,0.279568315,0.049241554,0,0,0.146262869,0.016382858,0,0.172772467,0,0,0.069925778,0.114167154,0.038061123,0,0.13560994,0,0.149649128,0.070543289,0.057300039,0.01,0.078726768,0.046528026,0.06951341,0,0.098802201,0.085522205,0,0.2855739,0.167906255,0.139307156,0.099739291,0.063433595,0.11100322,0,0.07413502,0.082201503,0.021356514,0.070856363,0.101164438,0.067771062,0.122516073,0.150149673,0.070973188,0,0.01,0.011530196,0.065851428,0.033670556,0.029726315,0.059552342,0.17255713,0,0,0,0.10641218,0.01,0.070743039,0.02036275,0,0.030257873,0.070336692,0.252450407,0.074471518,0.047718652,0.04137253,0,0.166266307,0.083630785,0.144171685,0,0.054816023,0.36240086,0,0,0.087829337,0.01,0.554467022
1994,0.11224205,0.105223216,0.05766876,0,0,0,0.181944907,0.01,0,0.05666193,0.056972075,0.01,0.01,0.067073293,0.019253664,0.107818618,0.208375409,0,0.137945995,0.227381349,0.052948918,0.026642067,0,0.140176028,0.133717284,0.135775462,0.087597959,0,0,0.252105087,0.224960595,0.054379825,0.034731019,0.127009735,0.125552818,0.150760517,0.088234529,0,0,0.101917006,0,0.059895445,0.158251151,0.34742254,0.083149172,0.036268063,0.046554767,0.082564205,0,0.064942427,0.01,0,0.136649847,0.31816861,0.069299757,0.01,0,0.058677495,0.188916266,0.063373148,0.05304436,0.130129769,0.014685164,0,0.350758076,0,0,0,0.074249312,0,0.143812761,0.144386783,0.113796912,0.044025484,0,0.055654828,0.216526672,0.082184769,0.144133344,0.050193246,0.160705552,0.061854795,0.112883233,0.094746619,0.062164925,0.097740225,0.053172838,0.026461501,0.096506082,0.039567731,0,0,0.134404331,0.192206353,0.409760058,0.076345824,0,0,0.240675271,0.01,0.043658379,0.085211307,0.016241699,0.25069055,0.01,0,0,0.152493671,0.030157138,0,0.174620777,0,0,0.075829841,0.129756466,0.040297337,0,0.127545252,0,0.154742196,0.097050846,0.062997729,0.01,0.080257535,0.051954221,0.070194073,0,0.102886006,0.080931753,0,0.273984551,0.192157388,0.144943729,0.092293605,0.062442578,0.107224144,0,0.065097332,0.092197604,0.01,0.01,0.099822789,0.066861093,0.116769627,0.159092322,0.130286425,0,0.01,0.01,0.063514672,0.04927687,0.030549394,0.069022909,0.182604715,0,0,0,0.115019113,0.01,0.067854486,0.01,0,0.036840893,0.07870461,0.216260374,0.075980119,0.051560041,0.01,0,0.178517833,0.086798981,0.123582385,0,0.047881398,0.396204323,0,0,0.095145218,0.01,0.622303367
1995,0.116205499,0.104265973,0.077278949,0,0,0,0.180345103,0.01,0,0.057834148,0.056707129,0.01,0.01,0.069419898,0.035542272,0.120821275,0.233996034,0,0.142248169,0.225312874,0.06925983,0.024491919,0,0.147213161,0.151805311,0.117101274,0.069526434,0,0,0.237316251,0.236903772,0.05971168,0.032895695,0.144268662,0.133940503,0.162002578,0.098890252,0,0,0.102945462,0,0.054246884,0.158421576,0.337637901,0.089191027,0.03660633,0.046828803,0.096431442,0,0.065657675,0.031333379,0,0.136474445,0.308354288,0.069247715,0.01,0,0.068984009,0.199067175,0.063497849,0.049746137,0.143639192,0.018306201,0,0.437446952,0,0,0,0.075667225,0,0.149317369,0.133856639,0.106572419,0.049064741,0,0.050094318,0.220159382,0.086907752,0.153579131,0.043628063,0.120668061,0.060990609,0.127758294,0.100936629,0.058680847,0.097936831,0.054317944,0.01,0.089934073,0.01,0,0,0.129852429,0.186759859,0.407000631,0.081323445,0,0,0.241372719,0.01,0.046796117,0.081392221,0.022212802,0.25636974,0.01,0,0,0.142441809,0.035545412,0,0.17732951,0,0,0.035479721,0.111907244,0.036248226,0,0.133839697,0,0.158766329,0.087744653,0.061520971,0.01,0.086192042,0.06542784,0.072046719,0,0.102942035,0.084730022,0,0.246058777,0.183349282,0.156947374,0.103148803,0.062350702,0.10846363,0,0.086027667,0.098206647,0.01,0.027409792,0.096079327,0.065777421,0.113338381,0.165641576,0.125539392,0,0.01,0.01,0.056268606,0.053993437,0.030729132,0.07798896,0.167624354,0,0,0,0.10592287,0.01,0.06329798,0.01,0,0.061191116,0.082649291,0.238292113,0.072002493,0.049042929,0.01,0,0.177295431,0.085315384,0.107771121,0,0.053896051,0.420905828,0,0,0.101662286,0.01,0.535190463
1996,0.129174471,0.100388527,0.080857053,0,0,0,0.200929031,0.01,0,0.056583647,0.059045441,0.012447739,0.01,0.066161424,0.043473143,0.123011656,0.32016784,0,0.141945198,0.223627225,0.134072095,0.030549441,0,0.162458062,0.15228948,0.129564047,0.066087782,0,0,0.279685408,0.151675999,0.061142165,0.03216096,0.136083797,0.127990961,0.168432772,0.105280749,0,0,0.097858839,0,0.069909707,0.154854313,0.33055982,0.085707121,0.036450878,0.047095947,0.074346483,0,0.063833848,0.040951528,0,0.133817047,0.326771259,0.069344424,0.014832187,0,0.070289031,0.222191676,0.062129077,0.080980204,0.144158944,0.025556143,0,0.407522947,0,0,0,0.078708261,0,0.153954923,0.129687369,0.108383656,0.048639871,0,0.052095424,0.216470703,0.088751338,0.153185904,0.043431696,0.189446881,0.055682443,0.127940908,0.101488546,0.054251079,0.093575634,0.055762082,0.01,0.125601798,0.01,0,0,0.118832417,0.184431881,0.396154165,0.098586388,0,0,0.245130837,0.01,0.057548359,0.087817721,0.018794952,0.266805649,0.01,0,0,0.157692447,0.035041146,0,0.149575219,0,0,0.06789837,0.156441748,0.042236883,0,0.142490834,0,0.159920365,0.103284776,0.061702855,0.01,0.090214148,0.065907001,0.079302207,0,0.100313395,0.090434335,0,0.229654625,0.184068978,0.158871457,0.099564821,0.057262052,0.10453029,0,0.074189246,0.100673944,0.01,0.045091983,0.096835896,0.035476744,0.117377646,0.15909417,0.071117207,0,0.01,0.01,0.055404749,0.04866593,0.035765361,0.07343059,0.138836294,0,0,0,0.093532667,0.01,0.056800731,0.01,0,0.043745462,0.085995808,0.23780705,0.075063817,0.062681749,0.01,0,0.184845656,0.086286463,0.088276073,0,0.052261379,0.403152496,0,0,0.103744164,0.020261584,0.431331992
1997,0.125457272,0.101205438,0.077715307,0,0,0,0.218073621,0.018052569,0,0.057180248,0.060912039,0.020738635,0.01,0.067222685,0.043408889,0.1213063,0.327248037,0,0.145179108,0.218099579,0.153264478,0.033854466,0,0.169949651,0.152414784,0.140485585,0.082500808,0,0,0.287150919,0.165172115,0.06125034,0.035995632,0.134399801,0.126835421,0.180533156,0.106635109,0,0,0.09966898,0,0.052716121,0.16122207,0.32625097,0.083664365,0.032207128,0.049717158,0.087669514,0,0.064299449,0.066610649,0,0.136249736,0.364136368,0.065373704,0.024850467,0,0.078239568,0.198192671,0.063433945,0.069963016,0.128116012,0.032580867,0,0.436347187,0,0,0,0.079716682,0,0.167165354,0.122548521,0.111483783,0.049250118,0,0.063523725,0.22301586,0.086587623,0.168049529,0.040350623,0.221803561,0.062072441,0.12568377,0.098832108,0.048840497,0.093967259,0.05158589,0.01,0.135030568,0.014024019,0,0,0.120454393,0.179502741,0.391139805,0.089022391,0,0,0.25401929,0.01,0.062218059,0.087181047,0.036503009,0.257793963,0.01,0,0,0.156777054,0.036486942,0,0.169010803,0,0,0.103445321,0.179162979,0.038464911,0,0.150556237,0,0.154841751,0.112610929,0.07026872,0.01,0.088456787,0.069140382,0.079918168,0,0.100566499,0.086186059,0,0.235145375,0.191481173,0.164275914,0.100290947,0.057995848,0.092397511,0,0.097271606,0.115939461,0.01,0.067603998,0.094902493,0.01,0.117400661,0.15728429,0.082261495,0,0.01,0.01,0.060660765,0.046314571,0.043390743,0.073551387,0.134098709,0,0,0,0.094697468,0.01,0.043782901,0.01,0,0.054815922,0.084253222,0.233303607,0.072976187,0.078886263,0.01,0,0.18878749,0.086287595,0.104236729,0,0.0528883,0.365505427,0,0,0.103799596,0.020211818,0.300280362
1998,0.128254026,0.103944838,0.066208929,0,0,0,0.209858879,0.020796401,0,0.054680061,0.061705742,0.038118355,0.01,0.066890299,0.042279232,0.125629216,0.272091657,0,0.132794648,0.229125112,0.142174736,0.029310375,0,0.167300209,0.158830836,0.133651555,0.070240274,0,0,0.262613893,0.175907508,0.054126777,0.035962258,0.12659736,0.120082907,0.183313563,0.10953401,0,0,0.095155619,0,0.070972957,0.16169107,0.395248443,0.09520065,0.035826545,0.05175608,0.084299847,0,0.057416964,0.082573652,0,0.11799635,0.361265332,0.064730495,0.031657077,0,0.083757721,0.180658817,0.065879159,0.051768336,0.123432994,0.034203485,0,0.299239665,0,0,0,0.079136685,0,0.167263329,0.107081726,0.101441219,0.044481914,0,0.070666872,0.146313265,0.094155006,0.172079667,0.032930821,0.25475809,0.061811108,0.124363422,0.10556782,0.044817507,0.09364444,0.048549764,0.01,0.124529198,0.014425527,0,0,0.109224655,0.167331159,0.380661905,0.091637634,0,0,0.274338901,0.01,0.05999545,0.084722705,0.040217143,0.22831507,0.01,0,0,0.152006045,0.031462226,0,0.162504524,0,0,0.050373171,0.210025236,0.038101632,0,0.161680013,0,0.134074733,0.1156995,0.063066527,0.01,0.088756874,0.070440747,0.059660506,0,0.098055288,0.064894162,0,0.219083592,0.180595458,0.166095152,0.092886239,0.056772426,0.091987126,0,0.080768377,0.096759394,0.01,0.075244933,0.075573079,0.034536473,0.115858451,0.12610805,0.07213299,0,0.028519638,0.01,0.062663473,0.045131076,0.04477749,0.078455925,0.134030029,0,0,0,0.092274077,0.01,0.032544971,0.01,0,0.042275216,0.087040707,0.225491256,0.066020034,0.085559927,0.01,0,0.180775091,0.081514485,0.111285992,0,0.032983854,0.351388246,0,0,0.09290912,0.02633876,0.556518555
1999,0.12705107,0.086199954,0.061694533,0,0,0,0.184339225,0.026167635,0,0.056251496,0.061631881,0.043597311,0.01,0.063506491,0.042387702,0.139351591,0.234715238,0,0.141814351,0.205493152,0.139196545,0.024185164,0,0.173570305,0.14304617,0.12782,0.057614733,0,0,0.288910657,0.185364351,0.061492831,0.032217134,0.112862825,0.107721224,0.189405188,0.116279475,0,0,0.090376914,0,0.076960154,0.154099181,0.374089897,0.099863172,0.034346107,0.050598793,0.055416755,0,0.058021426,0.087962613,0,0.084393099,0.340281695,0.06184319,0.036489811,0,0.082188845,0.219652757,0.064236999,0.042444188,0.112185776,0.044607162,0,0.387776554,0,0,0,0.076226503,0,0.152182713,0.099172316,0.0929581,0.034517635,0,0.07176698,0.148380786,0.095802397,0.171603113,0.043948874,0.327049136,0.055195604,0.120055571,0.103697971,0.045989253,0.091712788,0.047358233,0.01,0.11379461,0.023462061,0,0,0.121368229,0.150625184,0.377388507,0.09466742,0,0,0.262424022,0.01,0.053962901,0.103049703,0.043091584,0.223431081,0.01,0,0,0.151083723,0.0332678,0,0.172443032,0,0,0.033626527,0.218421832,0.030749885,0,0.167898506,0,0.161280692,0.11950615,0.05136029,0.01,0.087675542,0.067237698,0.064829104,0,0.104651801,0.078514293,0,0.230110258,0.167854711,0.177250713,0.092545003,0.056293048,0.081745282,0,0.108197093,0.109104261,0.01,0.077730447,0.083131269,0.07282234,0.136174932,0.125922143,0.092709929,0,0.033354022,0.01,0.042534653,0.048416913,0.048957486,0.076942146,0.037731595,0,0,0,0.078348555,0.01,0.036463674,0.01,0,0.055500682,0.0908489,0.211537987,0.061754674,0.114984222,0.01,0,0.155144483,0.080058239,0.10940773,0,0.034675322,0.350837082,0,0,0.095661581,0.032574475,0.618386567
2000,0.118258931,0.080654219,0.091971032,0,0,0,0.186405227,0.034446791,0,0.054033585,0.064244583,0.057007398,0.01,0.065841511,0.047483042,0.146326303,0.267910659,0,0.193424493,0.2266175,0.12600413,0.025684409,0,0.152791545,0.12130066,0.12156973,0.054203168,0,0,0.303798437,0.189100817,0.070429437,0.036486689,0.123462923,0.108774439,0.1382083,0.107467949,0,0,0.101835713,0,0.074708648,0.150797293,0.349217057,0.104332663,0.034439903,0.04740271,0.070236377,0,0.067289084,0.104423732,0,0.074779153,0.346890181,0.060094547,0.043817658,0,0.084293522,0.211584345,0.065462507,0.046037324,0.107149489,0.042480424,0,0.296218514,0,0,0,0.075002149,0,0.14415811,0.100598484,0.095231734,0.034119118,0,0.066771597,0.159802809,0.094370484,0.175803095,0.050008483,0.331414044,0.055782501,0.125374854,0.105740234,0.046205461,0.09769202,0.049176913,0.01,0.111164197,0.039065108,0,0,0.123323858,0.152080938,0.384933114,0.097334139,0,0,0.279408008,0.01,0.070089407,0.116171271,0.052405626,0.247474551,0.01,0,0,0.14117384,0.043338094,0,0.175744966,0,0,0.053485144,0.219251573,0.027146662,0,0.179632261,0,0.172484547,0.133923069,0.045732345,0.011078076,0.08761178,0.066957772,0.098097049,0,0.10045968,0.106483892,0,0.20370847,0.165315732,0.191236988,0.095970601,0.05399194,0.08336661,0,0.211588115,0.090555526,0.01,0.090566136,0.094059281,0.083100259,0.125304222,0.147418708,0.090667225,0,0.035184268,0.01,0.037707806,0.050151344,0.04540173,0.072131,0.033028845,0,0,0,0.060936064,0.01,0.033924833,0.01,0,0.090544231,0.090839952,0.224657327,0.058503725,0.129842713,0.01,0,0.145806924,0.075181819,0.111777849,0,0.054045297,0.336539388,0,0,0.107597411,0.043166094,0.181063622
2001,0.112459384,0.086332783,0.064422846,0,0,0,0.172002107,0.035970744,0,0.052398656,0.065115668,0.072055452,0.01,0.061295025,0.057989754,0.174134701,0.258936554,0,0.159698099,0.212067142,0.119342498,0.024597067,0,0.151264146,0.12038523,0.111916751,0.057126995,0,0,0.284481734,0.19053103,0.066557981,0.026876485,0.11460042,0.10811048,0.187292814,0.09767884,0,0,0.099320292,0,0.074295379,0.146874234,0.32634446,0.109425992,0.036677931,0.051357031,0.135767475,0,0.059759419,0.111725964,0,0.085630395,0.34220764,0.06196567,0.051419612,0,0.08521542,0.246372342,0.0640295,0.029245261,0.098575085,0.049927972,0,0.399034679,0,0,0,0.07438989,0,0.144894868,0.098552436,0.090166979,0.041743819,0,0.068123773,0.167659953,0.095192961,0.172831118,0.047164235,0.258290887,0.063022919,0.112851724,0.106480211,0.046632484,0.105136357,0.048228733,0.01,0.123126693,0.054377165,0,0,0.119757645,0.11848399,0.38843593,0.103097081,0,0,0.284078538,0.015823426,0.080564559,0.084423095,0.061649013,0.25968653,0.010908801,0,0,0.126722991,0.048585963,0,0.153935209,0,0,0.056287743,0.205807492,0.022969253,0,0.185939446,0,0.16139403,0.149658963,0.064407542,0.01,0.086469196,0.065709472,0.089430168,0,0.101572201,0.09598875,0,0.215168089,0.159220949,0.196431041,0.086190552,0.0520094,0.086461417,0,0.21996811,0.083325461,0.01,0.082488,0.07746169,0.081805564,0.126536071,0.124319136,0.071204618,0,0.032123778,0.021622593,0.03293125,0.05243931,0.047249973,0.064531088,0.04016418,0,0,0,0.043702558,0.01,0.03089278,0.01,0,0.07009279,0.094091468,0.205051869,0.052973211,0.142428353,0.01,0,0.141261771,0.070734397,0.089233696,0,0.042545166,0.315493941,0,0,0.114855774,0.061667074,0.164418504
2002,0.113255948,0.078907155,0.01,0,0,0,0.156090125,0.051515631,0,0.052829195,0.066167727,0.047459241,0.01,0.061026316,0.065468475,0.172596022,0.271406174,0,0.149131268,0.2346607,0.203897581,0.030488933,0,0.141779751,0.126704052,0.109958261,0.068043359,0,0,0.253558248,0.189856112,0.06477505,0.02200981,0.108561195,0.09605021,0.205737069,0.099030994,0,0,0.097659804,0,0.07412941,0.148118168,0.310437292,0.101663731,0.036490876,0.052746378,0.162842587,0,0.056204855,0.117268145,0,0.084353521,0.325761497,0.061039388,0.058669694,0,0.085091889,0.243900061,0.061827514,0.023131087,0.100664586,0.063517191,0,0.398264199,0,0,0,0.06840191,0,0.147177726,0.105438121,0.089758217,0.040638726,0,0.078376129,0.167397723,0.101235293,0.182137266,0.062470939,0.188045695,0.062645197,0.110414766,0.102002755,0.04718893,0.110847324,0.050022922,0.01,0.114103392,0.038445216,0,0,0.124669328,0.121167928,0.200074047,0.11194247,0,0,0.325087428,0.025368212,0.087324411,0.080305055,0.058222346,0.284523398,0.01,0,0,0.123919755,0.04658227,0,0.162301213,0,0,0.051531602,0.155782357,0.021326432,0,0.188776225,0,0.169548944,0.145598516,0.063028678,0.01,0.08465194,0.063050114,0.076715454,0,0.106509797,0.085461788,0,0.231754676,0.167425856,0.200358301,0.097712621,0.051267661,0.121206552,0,0.142921552,0.08780735,0.01,0.089788489,0.069828227,0.047962867,0.111323625,0.131217271,0.089846998,0,0.026007574,0.021366689,0.029481737,0.054234933,0.050178338,0.063760974,0.045323044,0,0,0,0.049991287,0.01,0.036830887,0.01,0,0.072463252,0.091430672,0.217548624,0.053158239,0.156871393,0.01,0,0.133898661,0.073180839,0.108482987,0,0.039779421,0.276150644,0,0,0.121515162,0.05250898,0.14122811
2003,0.11770574,0.076359108,0.013463359,0,0,0,0.171649009,0.065572217,0,0.051351652,0.064667836,0.023691708,0.01,0.061613511,0.068141036,0.188408315,0.256193578,0,0.165041938,0.227067262,0.189996332,0.041545287,0,0.151833594,0.136534438,0.111058556,0.034730494,0,0,0.239554122,0.177934736,0.069356464,0.023878638,0.102160886,0.091595672,0.213375971,0.097671412,0,0,0.100624286,0,0.085950442,0.150225714,0.293833226,0.099758893,0.037022941,0.053233162,0.187896952,0,0.054130759,0.121032588,0,0.081932425,0.27673918,0.060290489,0.062793843,0,0.083159044,0.237293005,0.060506381,0.020275613,0.103377223,0.084117204,0,0.282989621,0,0,0,0.070071116,0,0.137714088,0.108742408,0.083443046,0.044284243,0,0.074628226,0.157243222,0.101839557,0.16763261,0.06524732,0.077699929,0.054757547,0.110319786,0.099681087,0.046095613,0.111598514,0.051204957,0.01,0.10417901,0.045773786,0,0,0.115559012,0.136145085,0.197343394,0.113310821,0,0,0.337809265,0.020645496,0.093914069,0.095417924,0.057012498,0.306189984,0.01,0,0,0.117023572,0.047933239,0,0.167205766,0,0,0.038156934,0.26492393,0.020503802,0,0.197206721,0,0.176349744,0.121934794,0.059173126,0.01,0.081786029,0.0606879,0.079056285,0,0.106737904,0.073841065,0,0.220703274,0.167529777,0.207524717,0.105956219,0.049937058,0.11862272,0,0.238820523,0.094221838,0.010958451,0.092207372,0.077552721,0.05372835,0.136005327,0.131954819,0.112183101,0,0.023752701,0.023537291,0.030466976,0.063324735,0.053168844,0.065798402,0.050389104,0,0,0,0.063905925,0.01,0.03990373,0.015283453,0,0.135573998,0.091467485,0.233189642,0.052283064,0.157024384,0.01,0,0.147272423,0.075542666,0.101992443,0,0.038228586,0.217849299,0,0,0.123453446,0.045352481,0.114740036
2004,0.115223937,0.077886686,0.021464989,0,0,0,0.171770424,0.075024128,0,0.048447616,0.067979373,0.010466706,0.01,0.066792443,0.072556749,0.197486222,0.25451526,0,0.15930444,0.202713192,0.117294237,0.048236374,0,0.148408026,0.152853325,0.113984816,0.033492185,0,0,0.250684917,0.186032653,0.070570186,0.033156049,0.126080424,0.095702417,0.213493168,0.105445266,0,0,0.105941452,0,0.075906016,0.142943382,0.274635762,0.102508597,0.039725017,0.056995451,0.144894138,0,0.057757013,0.126621336,0,0.071750373,0.325585127,0.058875531,0.066133641,0,0.084239647,0.25341031,0.060764059,0.025975306,0.099033147,0.090788409,0,0.310112774,0,0,0,0.075246289,0,0.131917611,0.114231884,0.085945919,0.050082188,0,0.076360121,0.146951869,0.104741827,0.152429417,0.071809836,0.109280482,0.058910366,0.111751288,0.097997494,0.046916068,0.119101301,0.052980587,0.012993266,0.10788776,0.069789276,0,0,0.112551406,0.14519082,0.19043228,0.105768934,0,0,0.331066966,0.026480446,0.093423352,0.091128789,0.062620327,0.35365358,0.01,0,0,0.122095816,0.054777842,0,0.159146205,0,0,0.04072303,0.285761446,0.015945932,0,0.199088007,0,0.189589649,0.137134835,0.04294841,0.01,0.078046732,0.063138112,0.089137837,0,0.100867227,0.074604191,0,0.245105848,0.172802463,0.189353988,0.120679654,0.050458957,0.121116303,0,0.208080858,0.112555906,0.015688553,0.08995939,0.091536894,0.062014092,0.140298098,0.159138337,0.127622426,0,0.030308519,0.02469274,0.030249028,0.076055057,0.050150782,0.068876699,0.057165895,0,0,0,0.118632212,0.01,0.041476328,0.01,0,0.161174193,0.094365671,0.231184289,0.05007863,0.137791783,0.010066331,0,0.152889639,0.075787909,0.082426429,0,0.055139408,0.208838105,0,0,0.133671835,0.039703142,0.104915589
2005,0.110878624,0.070547037,0.042923406,0,0,0,0.168430761,0.081580728,0,0.049246971,0.070353888,0.03879185,0.01,0.067659751,0.070438996,0.187270015,0.231018975,0,0.17518279,0.201908976,0.114541367,0.052229911,0,0.134632513,0.145386636,0.111054502,0.035492558,0,0,0.267655343,0.190345511,0.072760366,0.029328795,0.143422499,0.096019208,0.20845224,0.105286166,0,0,0.110852607,0,0.072187878,0.14166449,0.274325162,0.094407894,0.04167572,0.057818014,0.209456533,0,0.057054821,0.127684072,0,0.065477766,0.302828848,0.058283933,0.07351844,0,0.078211226,0.247327417,0.059200913,0.040393159,0.098838665,0.097514622,0,0.296314687,0,0,0,0.073510699,0,0.134945989,0.117712505,0.091929644,0.053393014,0,0.074861266,0.149309665,0.110476464,0.142924666,0.081530429,0.10563086,0.052733142,0.107570685,0.092960455,0.047977347,0.117819861,0.051733591,0.017816093,0.118810482,0.063977689,0,0,0.106274195,0.176007718,0.173260346,0.105460167,0,0,0.325048327,0.03911915,0.096252389,0.111377731,0.056526989,0.308263093,0.01,0,0,0.124447539,0.066795498,0,0.158635825,0,0,0.02688751,0.289648622,0.019827088,0,0.189129591,0,0.174594164,0.132157907,0.040563069,0.01,0.076949231,0.067327343,0.100772277,0,0.095209911,0.111608431,0,0.255948454,0.179020137,0.190215036,0.121615745,0.047386132,0.11688529,0,0.210943237,0.10312894,0.021292958,0.095240839,0.120425373,0.055380683,0.135797173,0.166254476,0.142615467,0,0.03533775,0.027807042,0.025646757,0.076681942,0.046516567,0.067645907,0.067739241,0,0,0,0.176819935,0.01,0.038148988,0.010216682,0,0.156155899,0.101515256,0.237647355,0.053130671,0.144352749,0.012084308,0,0.144451261,0.076216869,0.087288842,0,0.077994615,0.223068923,0,0,0.137103826,0.04189942,0.097438656
2006,0.110117294,0.065013729,0.064468518,0,0,0,0.169293299,0.08706747,0,0.049776498,0.073474519,0.120889619,0.01,0.065346651,0.074318111,0.200332895,0.22046414,0,0.177663848,0.167042434,0.112742558,0.058574848,0,0.148104176,0.155652806,0.112763196,0.039929174,0,0,0.256599903,0.205902308,0.067163944,0.033819776,0.172897577,0.102230564,0.217286855,0.107758231,0,0,0.115330532,0,0.07600677,0.143327802,0.270610243,0.092495836,0.045264401,0.062459607,0.215323761,0,0.056586631,0.141916007,0,0.055908225,0.279488683,0.057541527,0.073729895,0,0.07669729,0.249275178,0.05722288,0.035511415,0.094154544,0.108194314,0,0.280103385,0,0,0,0.07305,0,0.136064306,0.113132268,0.090131827,0.056586705,0,0.079082891,0.139554456,0.120111749,0.13276431,0.078282207,0.089227639,0.04473003,0.108370982,0.090379894,0.046885449,0.157240719,0.049915172,0.03079967,0.124385163,0.034412313,0,0,0.102015495,0.208688661,0.243571177,0.101919308,0,0,0.314137191,0.056427866,0.092076436,0.119458087,0.044856865,0.275333852,0.01,0,0,0.128838733,0.067409873,0,0.149982542,0,0,0.042927779,0.309001774,0.038932677,0,0.193667442,0,0.180833057,0.157931596,0.03779687,0.01,0.072522096,0.071676463,0.105653353,0,0.087834619,0.101205066,0,0.263246149,0.191684768,0.189893275,0.124805085,0.049212288,0.116921261,0,0.308881044,0.112077847,0.023816969,0.121152557,0.127302602,0.057589203,0.1294595,0.175122619,0.149191216,0,0.034217637,0.033006556,0.025362616,0.087478809,0.048552971,0.071203895,0.072765455,0,0,0,0.166019931,0.01,0.038420312,0.01,0,0.208866984,0.104246467,0.229743764,0.051403493,0.137317508,0.014756927,0,0.142068028,0.073120259,0.089736149,0,0.08336135,0.201632276,0,0,0.131464645,0.052912701,0.090884119
2007,0.111281142,0.063797846,0.057957936,0,0,0,0.178532764,0.092186451,0,0.047204934,0.0740031,0.192868099,0.01,0.065810122,0.074411355,0.204456791,0.210250854,0,0.198687851,0.172244146,0.128172129,0.063764982,0,0.157346398,0.159582391,0.117249757,0.033379424,0,0,0.240576923,0.196819395,0.062003277,0.040889572,0.162678733,0.106257498,0.216953248,0.104184806,0,0,0.119244494,0,0.079902649,0.145817414,0.255791694,0.091255739,0.049274478,0.063941091,0.174364462,0,0.048488595,0.154015869,0,0.049450688,0.308392793,0.060610794,0.072598986,0,0.081113622,0.250732005,0.058606002,0.039981324,0.091772392,0.115042992,0,0.250127137,0,0,0,0.073881902,0,0.145576328,0.12092828,0.085524984,0.059346069,0,0.076291926,0.137592524,0.119079523,0.132656768,0.089883402,0.095125169,0.049382281,0.108844571,0.089357667,0.045365181,0.134970188,0.049472328,0.027661612,0.113510825,0.042121388,0,0,0.103515565,0.17762512,0.272112578,0.105139412,0,0,0.309911281,0.064549111,0.097137019,0.124368295,0.042806406,0.252603292,0.012288263,0,0,0.130398288,0.076448694,0,0.152395919,0,0,0.034807168,0.344073623,0.028832583,0,0.187053904,0,0.181882948,0.175168484,0.058712069,0.01,0.073975757,0.072396025,0.091522336,0,0.087671392,0.091843054,0,0.214327917,0.191220447,0.194073841,0.124841496,0.053787056,0.144490615,0,0.205850303,0.140620589,0.022704318,0.126193643,0.120648794,0.04778919,0.132948145,0.172791347,0.157207772,0,0.036566891,0.030321753,0.021938423,0.097496852,0.052701324,0.069154851,0.074470639,0,0,0,0.153546199,0.01,0.037584938,0.01,0,0.232923642,0.106763639,0.221055984,0.053618662,0.138798103,0.01852311,0,0.145365134,0.072202824,0.096223786,0,0.082736589,0.187783629,0,0,0.128358677,0.058326401,0.084137209
2008,0.1105147,0.058344591,0.057809308,0,0,0,0.17217721,0.090773046,0,0.051431719,0.067427225,0.274654388,0.020135151,0.056310046,0.081327416,0.178367317,0.177528635,0,0.206633508,0.160192505,0.121057935,0.077309266,0,0.164652899,0.181758642,0.113671117,0.032020949,0,0,0.206373766,0.186644688,0.062041245,0.034244906,0.125134021,0.100512296,0.261448771,0.102927826,0,0,0.121612824,0,0.078529239,0.138668716,0.237684742,0.085406952,0.047277,0.058438234,0.156454146,0,0.045924965,0.145132482,0,0.044667546,0.302036464,0.061739255,0.057821847,0,0.0738407,0.238241151,0.054902274,0.042330272,0.089085579,0.105806395,0,0.251524091,0,0,0,0.073230423,0,0.145211026,0.114003405,0.078751728,0.057703119,0,0.075366713,0.125214905,0.10524831,0.120872512,0.079706475,0.094865963,0.062954307,0.10828194,0.083627343,0.042215649,0.125398874,0.042379372,0.041576583,0.139667585,0.055805817,0,0,0.092122845,0.187349603,0.229154378,0.10965085,0,0,0.280290544,0.072216719,0.092948332,0.111906104,0.035813708,0.224244162,0.01,0,0,0.126211703,0.06493488,0,0.156313598,0,0,0.018052636,0.354360729,0.021217979,0,0.179954901,0,0.184763879,0.161381289,0.070759937,0.029429426,0.070738748,0.068344191,0.097180173,0,0.078843817,0.135583878,0,0.223290399,0.183847785,0.190382406,0.113473549,0.049287967,0.158689037,0,0.233538494,0.12806344,0.02163502,0.110378578,0.150985539,0.039013989,0.131745011,0.143354863,0.157940999,0,0.039359633,0.032020364,0.02732674,0.098422885,0.049352802,0.062525921,0.072965123,0,0,0,0.152996123,0.01,0.035223976,0.01,0,0.284729779,0.111282632,0.20474349,0.042559154,0.127269745,0.019278737,0,0.145924404,0.06996084,0.101483703,0,0.105536692,0.175024137,0,0,0.113571204,0.043649994,0.077659786
2009,0.104803815,0.047264207,0.01,0,0,0,0.142641827,0.059742153,0,0.04837808,0.057006232,0.207138196,0.0251402,0.050656393,0.081252821,0.197854474,0.171713889,0,0.185953572,0.131132722,0.101323001,0.059765335,0,0.149859414,0.172346428,0.102899365,0.026863804,0,0,0.178421855,0.185221434,0.043025713,0.019385507,0.106449492,0.096010372,0.271362454,0.100820854,0,0,0.112196095,0,0.066067003,0.129428133,0.206192449,0.072619915,0.042347837,0.048300941,0.106080331,0,0.038968846,0.136482432,0,0.031679507,0.287929952,0.061750103,0.037354182,0,0.056492142,0.230401754,0.048527841,0.02968039,0.079551026,0.08754985,0,0.206386477,0,0,0,0.067911103,0,0.147413716,0.096755967,0.07408049,0.044311579,0,0.066917554,0.100504667,0.104240343,0.11784701,0.072780222,0.06308566,0.062974237,0.118873611,0.073198646,0.03860338,0.12790069,0.037953019,0.036120426,0.144976139,0.057848673,0,0,0.089840665,0.111174785,0.18015033,0.131693348,0,0,0.284455031,0.049380638,0.079735748,0.090590104,0.039810397,0.240505457,0.01,0,0,0.10410817,0.066985741,0,0.138906077,0,0,0.01,0.374890268,0.018057905,0,0.173152059,0,0.151461467,0.138023436,0.068454273,0.019869203,0.0703362,0.055748194,0.066406131,0,0.078406841,0.062742338,0,0.226715595,0.164641902,0.177137733,0.126305014,0.047804486,0.151885331,0,0.157714367,0.128734902,0.01,0.099049971,0.070053563,0.044599108,0.14240706,0.13557975,0.147005945,0,0.040677208,0.032053098,0.014084211,0.081504449,0.038868144,0.054753695,0.080255531,0,0,0,0.102826864,0.01,0.034911603,0.01,0,0.099387005,0.100641333,0.18451035,0.044136103,0.136920035,0.01,0,0.143091708,0.071769983,0.115229607,0,0.064695567,0.163655922,0,0,0.108005844,0.047382172,0.136255637
2010,0.100032531,0.039764855,0.046927851,0,0,0,0.166089013,0.061773427,0,0.05097669,0.057511061,0.238368928,0.034597926,0.056209214,0.080061845,0.191973865,0.166679695,0,0.196837604,0.114804141,0.104385808,0.055200338,0,0.15508835,0.196620882,0.11482507,0.04978136,0,0,0.190471992,0.163675278,0.052007042,0.032579776,0.120587841,0.09643022,0.290260851,0.102447048,0,0,0.120678432,0,0.056262415,0.141190812,0.192479491,0.073959038,0.042767946,0.052902546,0.059121732,0,0.050035592,0.147060543,0,0.025018994,0.277361661,0.060431987,0.05302855,0,0.06350179,0.235170439,0.048908316,0.047006462,0.08434625,0.102395512,0,0.221541584,0,0,0,0.068691924,0,0.144198269,0.091935262,0.074585654,0.04476947,0,0.07334552,0.100581504,0.111712165,0.132668018,0.090978764,0.09129402,0.060621157,0.123483106,0.07326746,0.041945416,0.106230281,0.04309098,0.047811035,0.123498134,0.050766088,0,0,0.098415256,0.125436634,0.177237421,0.142356575,0,0,0.263024539,0.049538963,0.100411698,0.112062149,0.042420268,0.342055172,0.018526934,0,0,0.113481537,0.068150267,0,0.153523013,0,0,0.022281693,0.306833714,0.0219483,0,0.174158722,0,0.165710896,0.13841334,0.077712841,0.054972876,0.069827728,0.058492497,0.074181825,0,0.080281414,0.088864118,0,0.228371158,0.182657048,0.170586124,0.127505496,0.048969958,0.152800143,0,0.208197579,0.105255313,0.017263938,0.096352428,0.084701896,0.039669525,0.142196789,0.168131486,0.11524941,0,0.043682918,0.01,0.012087987,0.092187621,0.036388103,0.062368315,0.085321136,0,0,0,0.096202865,0.01,0.03952834,0.01,0,0.170452788,0.103066444,0.187765613,0.051508341,0.144816622,0.01,0,0.152673334,0.076274827,0.126627311,0,0.105815865,0.154800385,0,0,0.111716494,0.054139301,0.141119093
2011,0.101151586,0.039935809,0.068997189,0,0,0,0.163584635,0.06311135,0,0.051812366,0.058396861,0.291273713,0.042780008,0.054469559,0.083773367,0.197160497,0.169060051,0,0.204767883,0.122239538,0.098317377,0.089082599,0,0.146001205,0.195363626,0.116465777,0.051548932,0,0,0.212506384,0.169762447,0.056930467,0.025509197,0.121319316,0.09601377,0.273737639,0.108522251,0,0,0.136213154,0,0.053411428,0.140086859,0.184843972,0.077031851,0.043469343,0.054098785,0.106945388,0,0.050390698,0.14345552,0,0.022597926,0.257820368,0.062435851,0.0656932,0,0.063334368,0.232860982,0.048255756,0.076265492,0.086436369,0.105097368,0,0.217113718,0,0,0,0.060197137,0,0.155423418,0.084391065,0.073401555,0.049817737,0,0.073915392,0.106385484,0.106370434,0.144942343,0.100248061,0.101881869,0.057399951,0.12374831,0.072834507,0.043322876,0.11656078,0.039627269,0.063519649,0.123337239,0.061200462,0,0,0.091375157,0.153912097,0.184124663,0.12921007,0,0,0.255105853,0.062781706,0.115141444,0.117763676,0.049771812,0.410329789,0.026970018,0,0,0.118791364,0.081045911,0,0.136898965,0,0,0.020047752,0.260553867,0.030250352,0,0.173899606,0,0.172618523,0.138986051,0.06904652,0.063256599,0.068471462,0.060124431,0.078658648,0,0.083331682,0.108348325,0,0.244623095,0.191121608,0.160618559,0.134129673,0.048860978,0.14726381,0,0.29594624,0.109407261,0.023931164,0.091557704,0.112211488,0.023960836,0.131468773,0.170945287,0.077558503,0,0.048900306,0.445608169,0.01,0.09310925,0.039088819,0.062882952,0.088385768,0,0,0,0.087214358,0.01,0.036985472,0.01,0,0.169768363,0.09006229,0.195943803,0.051786292,0.136824355,0.01,0,0.152674466,0.075328343,0.138625205,0,0.121936411,0.142308965,0,0,0.114263907,0.06915272,0.150715247
2012,0.093164556,0.036883481,0.080589786,0,0,0,0.14068523,0.069107965,0,0.048036974,0.055632211,0.262227356,0.051929999,0.052525066,0.101598069,0.182359338,0.156882435,0,0.16221711,0.142916813,0.095302105,0.072567932,0,0.148172364,0.198195636,0.107726499,0.045394,0,0,0.190935269,0.181197479,0.052402411,0.029133834,0.118921556,0.088722795,0.293781638,0.116938971,0,0,0.133815035,0,0.041239548,0.140770867,0.178942561,0.07453464,0.040565841,0.049850479,0.102508083,0,0.051952958,0.139902219,0,0.019759284,0.31641233,0.066939592,0.064536475,0,0.055723794,0.233640656,0.046019815,0.09491875,0.087508872,0.094107449,0,0.200845167,0,0,0,0.060035031,0,0.153971106,0.074734882,0.080851033,0.059370104,0,0.066731572,0.105426207,0.105305545,0.142630726,0.064026073,0.122730687,0.05553361,0.121963114,0.068536289,0.042908713,0.133333221,0.041066438,0.068834208,0.128275365,0.046705216,0,0,0.087180004,0.189164907,0.184350595,0.131913453,0,0,0.253437221,0.050804969,0.119633242,0.107835218,0.049309202,0.423852563,0.021000421,0,0,0.12064907,0.087816283,0,0.134967253,0,0,0.022092281,0.237043098,0.027732801,0,0.171572745,0,0.165943161,0.150362268,0.095663331,0.077573448,0.06896276,0.059222374,0.079627916,0,0.081439279,0.124624297,0,0.245933369,0.177068025,0.167353451,0.131158665,0.051539075,0.14474462,0,0.276155144,0.115237206,0.025405016,0.089465916,0.119931728,0.044906784,0.13206394,0.16629824,0.078740001,0,0.047171097,0.01,0.01,0.096718222,0.035941754,0.056820046,0.096463323,0,0,0,0.111051954,0.01,0.041941218,0.01,0,0.205955684,0.091841877,0.185371414,0.055039912,0.126860395,0.01,0,0.145170465,0.074973412,0.149516448,0,0.120047837,0.134913459,0,0,0.111011878,0.061061013,0.236164749
2013,0.094456568,0.042177863,0.089694105,0,0,0,0.126042217,0.067566484,0,0.047130361,0.052828282,0.245406747,0.068159603,0.051990159,0.109561034,0.154846162,0.137726143,0,0.200629115,0.131069824,0.095838673,0.044068366,0,0.157718718,0.202783823,0.10784331,0.046039369,0,0,0.198138714,0.09620554,0.053129222,0.036141861,0.117806032,0.083378896,0.334828705,0.12150719,0,0,0.134104818,0,0.048182216,0.136532798,0.177101925,0.072644942,0.041676287,0.048883144,0.186954692,0,0.052979521,0.14107506,0,0.029059773,0.30118376,0.071471661,0.064136155,0,0.055551685,0.220893696,0.04585861,0.093144462,0.084834568,0.095835693,0,0.19110924,0,0,0,0.062022187,0,0.160905495,0.073562123,0.078022122,0.06098612,0,0.070178084,0.108735539,0.106637374,0.142836109,0.070745461,0.127372086,0.057383794,0.128502294,0.068723828,0.041501388,0.146514073,0.042535849,0.084650323,0.123112977,0.057842758,0,0,0.087405384,0.167461172,0.178328231,0.129226267,0,0,0.236343354,0.044680655,0.117435321,0.110365435,0.047120988,0.457842618,0.030926239,0,0,0.119459927,0.09429989,0,0.142517328,0,0,0.018222589,0.179833293,0.031112691,0,0.174179882,0,0.160320505,0.124804236,0.092012405,0.092064239,0.068008147,0.059296735,0.076078862,0,0.083931588,0.120467596,0,0.243711397,0.166659668,0.172122866,0.133117408,0.054967877,0.151343852,0,0.256981701,0.125318259,0.021921303,0.079547808,0.11897517,0.056459002,0.140334204,0.157204494,0.137501404,0,0.051549915,0.01,0.01,0.093956165,0.038660277,0.05581357,0.098173097,0,0,0,0.102252863,0.01,0.042071808,0.01,0,0.372305125,0.09419927,0.191770121,0.062081698,0.130499169,0.01,0,0.14119409,0.075119071,0.154332891,0,0.099671528,0.135129929,0,0,0.105803579,0.077604823,0.235479936
2014,0.094926424,0.04018883,0.089198992,0,0,0,0.116982132,0.06874001,0,0.041091941,0.053465232,0.224338949,0.071711004,0.0544888,0.123133689,0.154553309,0.13676174,0,0.191886231,0.130213305,0.095111728,0.050573874,0,0.155074134,0.18546544,0.105884157,0.042888343,0,0,0.210153237,0.093698688,0.054562125,0.032861643,0.110865317,0.080493107,0.341462135,0.126700237,0,0,0.127891704,0,0.038897984,0.135209486,0.177363023,0.072164245,0.046585966,0.050644878,0.168474853,0,0.056409243,0.149872601,0,0.031556133,0.300070047,0.072274059,0.065144092,0,0.057321716,0.231323346,0.045272671,0.07905788,0.090112366,0.105485588,0,0.191700101,0,0,0,0.061103582,0,0.164583817,0.071160346,0.085346855,0.059178166,0,0.07759466,0.105574951,0.108941607,0.152589113,0.071761772,0.120040879,0.060177892,0.129141301,0.069916487,0.041122012,0.158388212,0.041537456,0.091508508,0.110395327,0.057350244,0,0,0.085215144,0.145301834,0.189182997,0.131333068,0,0,0.222483277,0.047218818,0.115440421,0.116261847,0.04393407,0.401230782,0.034797195,0,0,0.123484693,0.092220664,0,0.160179853,0,0,0.024201294,0.15167743,0.023425715,0,0.175955981,0,0.163147688,0.120573349,0.0885114,0.104424223,0.070589684,0.061075866,0.070238598,0,0.086502723,0.126180351,0,0.230144486,0.151447371,0.174272656,0.135630295,0.055520374,0.153928787,0,0.229350537,0.134375423,0.020821594,0.080457233,0.121077701,0.073150836,0.14298065,0.149692252,0.123310141,0,0.04929854,0.01,0.01,0.092308484,0.042141903,0.057568245,0.095889032,0,0,0,0.096275739,0.01,0.038755149,0.01,0,0.3817164,0.099596351,0.179892734,0.065009907,0.129190013,0.01,0,0.14073506,0.073544636,0.161036387,0,0.060583629,0.132275239,0,0,0.100147359,0.074297376,0.250419915
2015,0.097891122,0.041084222,0.069929458,0,0,0,0.123706415,0.065836027,0,0.037913799,0.053678121,0.167401046,0.079939179,0.059352543,0.133181185,0.162506804,0.140503988,0,0.177796602,0.132600859,0.095878087,0.050127525,0,0.15862149,0.163623825,0.093213201,0.042616367,0,0,0.187088281,0.100635,0.043325506,0.029377738,0.107890263,0.083720803,0.35780108,0.129480124,0,0,0.113302037,0,0.036192529,0.141353339,0.174271479,0.07454709,0.04975317,0.050513517,0.159083784,0,0.057826016,0.173221231,0,0.029714188,0.285780609,0.074135348,0.059701875,0,0.05987075,0.241015375,0.047343407,0.087509587,0.089170232,0.102762617,0,0.174023762,0,0,0,0.063592739,0,0.165289178,0.07074362,0.096328087,0.060307249,0,0.082846515,0.105255909,0.121296562,0.233568788,0.064431705,0.117918968,0.064345367,0.131497532,0.070622556,0.040481161,0.164043605,0.044573545,0.08619041,0.114947036,0.060690932,0,0,0.086528525,0.093921386,0.177584752,0.139329478,0,0,0.223335683,0.049828015,0.105181977,0.11896573,0.044019878,0.286355466,0.03351786,0,0,0.11851944,0.102045722,0,0.174031675,0,0,0.017959496,0.144444004,0.026575563,0,0.176931903,0,0.156196654,0.124921873,0.087210655,0.113053881,0.074165806,0.064512797,0.05944173,0,0.084063962,0.10291142,0,0.224676892,0.14065057,0.183106557,0.141611204,0.058368482,0.155201122,0,0.180672899,0.143057302,0.019998841,0.082726762,0.100134872,0.094236411,0.144565359,0.150825784,0.070051327,0,0.055689801,0.01,0.01,0.091377839,0.043664314,0.062499996,0.102973968,0,0,0,0.126286298,0.01,0.041489638,0.01,0,0.286541104,0.10156583,0.17598173,0.070285812,0.115847573,0.01,0,0.132250711,0.073909551,0.170697019,0,0.01,0.128305435,0,0,0.097809874,0.08180277,0.247886702
2016,0.098209396,0.044474781,0.076028392,0,0,0,0.127208263,0.069829874,0,0.045332111,0.054700822,0.161179543,0.080016457,0.06197615,0.130236045,0.167165741,0.143357411,0,0.175722003,0.130115569,0.102432765,0.045862816,0,0.173179954,0.165694535,0.095124863,0.041962679,0,0,0.201216832,0.104452029,0.044651449,0.028333664,0.109343171,0.083752714,0.37005493,0.134612486,0,0,0.112129129,0,0.044786047,0.150412977,0.181431934,0.08365646,0.049661573,0.051403373,0.154832959,0,0.057947028,0.194091007,0,0.029916992,0.275724202,0.076553181,0.067478009,0,0.061061375,0.221373171,0.046547566,0.106556222,0.088504083,0.088138171,0,0.167657509,0,0,0,0.061121784,0,0.166546017,0.070484422,0.093044147,0.063465543,0,0.078750148,0.106573701,0.124302581,0.197016388,0.078113988,0.143201649,0.062041402,0.131847069,0.072554603,0.039583035,0.177438453,0.04349323,0.099982604,0.131764978,0.061063137,0,0,0.087569021,0.081543848,0.195277944,0.147132128,0,0,0.213201448,0.048039272,0.098067306,0.126623333,0.041077908,0.266530275,0.040738773,0,0,0.118061446,0.10508848,0,0.163444057,0,0,0.016756276,0.145498097,0.03847814,0,0.1823515,0,0.156323984,0.127422899,0.080959186,0.107318796,0.076619297,0.064498208,0.053183403,0,0.08208859,0.10196425,0,0.21041669,0.141667604,0.191846922,0.133310691,0.059301589,0.15398477,0,0.148308218,0.146254808,0.018211581,0.066653468,0.102049619,0.148485661,0.157033578,0.151999518,0.061087079,0,0.051366895,0.01,0.01,0.086776882,0.044510398,0.05987272,0.108930282,0,0,0,0.083641991,0.01,0.050689515,0.01,0,0.30191505,0.106050402,0.155125037,0.070602737,0.111445554,0.01,0,0.129204541,0.074372202,0.165586531,0,0.01,0.134633407,0,0,0.094890855,0.083912916,0.249503598
2017,0.101200566,0.046607032,0.067875206,0,0,0,0.131096691,0.077999033,0,0.047220387,0.053819593,0.175338507,0.082972549,0.061399322,0.126122698,0.160589084,0.149396718,0,0.166326582,0.131309837,0.100082755,0.046524771,0,0.17407243,0.175636068,0.101184413,0.022465771,0,0,0.185830474,0.104913607,0.048900817,0.027514718,0.113539845,0.08100456,0.386372536,0.132452339,0,0,0.112619996,0,0.04360221,0.150367692,0.182511121,0.082664147,0.050994381,0.050111733,0.145564348,0,0.05963644,0.173345923,0,0.034182362,0.280668855,0.077515014,0.065685607,0,0.065786578,0.24223873,0.045453295,0.114244714,0.08611498,0.093567513,0,0.156073883,0,0,0,0.063566528,0,0.171078041,0.07066299,0.100741401,0.066822797,0,0.080435142,0.11093875,0.124039389,0.196936876,0.085892916,0.137380376,0.055454459,0.128218904,0.073153369,0.038811468,0.172376037,0.043795019,0.112225741,0.108200595,0.074495502,0,0,0.086771123,0.092095949,0.185932517,0.148135945,0,0,0.214199483,0.04611928,0.1027577,0.119986974,0.042069178,0.270250291,0.066150904,0,0,0.120045036,0.131581202,0,0.175710097,0,0,0.029518541,0.144579694,0.048158932,0,0.18542622,0,0.163947821,0.138621807,0.083391361,0.104714409,0.077655256,0.067448683,0.060942713,0,0.08373154,0.125302047,0,0.195614681,0.146876782,0.188283905,0.138303459,0.058246695,0.16060546,0,0.160981104,0.145660147,0.022121616,0.06570676,0.118641481,0.084058993,0.149804696,0.15728955,0.069778495,0,0.052058276,0.01,0.01,0.082528174,0.048122656,0.058680542,0.106118105,0,0,0,0.133279189,0.01,0.055583108,0.01,0,0.32852,0.109335467,0.161891103,0.070185736,0.095573016,0.012321216,0,0.121042088,0.073548108,0.194465354,0,0.01,0.130720586,0,0,0.097895987,0.096839555,0.261848271
2018,0.100950949,0.043946661,0.109425604,0,0,0,0.12975201,0.084326252,0,0.050226431,0.053295024,0.19953014,0.084750116,0.059289318,0.120050795,0.19373548,0.144019395,0,0.164979488,0.131463498,0.100579754,0.048099585,0,0.177068681,0.185928732,0.099337958,0.027014362,0,0,0.184270665,0.102102064,0.04857092,0.031564191,0.115386538,0.078006171,0.403743535,0.13981165,0,0,0.113157354,0,0.040196426,0.146607712,0.185492903,0.081309475,0.048584942,0.046426672,0.130127132,0,0.057243839,0.168584719,0,0.035928629,0.287760228,0.076154932,0.066371188,0,0.063300937,0.245404229,0.044640653,0.129900128,0.084335625,0.093026966,0,0.136832431,0,0,0,0.062571175,0,0.172768041,0.070193596,0.097708888,0.0684807,0,0.08202944,0.113286242,0.124332599,0.209333315,0.088825829,0.142073095,0.050631646,0.122058198,0.071991086,0.039319754,0.160511926,0.042303849,0.122638993,0.117634125,0.077009022,0,0,0.083441071,0.114136793,0.179908618,0.146807909,0,0,0.19997482,0.047355738,0.102365829,0.121336192,0.039321065,0.273975998,0.053956911,0,0,0.117172681,0.134757161,0,0.17637153,0,0,0.026725754,0.087651938,0.051654674,0,0.183314905,0,0.166104719,0.152580753,0.087923743,0.082035221,0.067679457,0.067633033,0.066920429,0,0.08102566,0.146659881,0,0.181347027,0.145649984,0.176913798,0.135548323,0.055809684,0.15562059,0,0.16861397,0.146823809,0.033298194,0.063014314,0.148973078,0.044119295,0.154463679,0.159991667,0.065848388,0,0.053108856,0.01,0.01,0.080334663,0.049428333,0.056237161,0.147703618,0,0,0,0.162595078,0.01,0.059319317,0.019872833,0,0.465445399,0.112414487,0.153786242,0.066837497,0.085982926,0.012134383,0,0.117699243,0.074458301,0.172632203,0,0.01,0.130162999,0,0,0.098558769,0.067572303,0.284147203
2019,0.104135998,0.043163285,0.109524034,0,0,0,0.119155519,0.093098164,0,0.048872102,0.05260032,0.213515565,0.080174774,0.058639355,0.127126396,0.199276507,0.148052514,0,0.154326513,0.130924672,0.100602329,0.0524562,0,0.172738597,0.180869684,0.099884383,0.019066535,0,0,0.175923765,0.101561487,0.048163895,0.030625358,0.108962156,0.075133994,0.380099714,0.137648776,0,0,0.112819634,0,0.041470736,0.144130185,0.21578671,0.079663217,0.048973873,0.044736132,0.116590276,0,0.058174238,0.163489208,0,0.03368029,0.282855809,0.073548056,0.066460058,0,0.06121001,0.254764289,0.043793365,0.134870663,0.083146363,0.121343754,0,0.146103695,0,0,0,0.065157644,0,0.174151868,0.069008864,0.09623573,0.070105195,0,0.078185864,0.107771285,0.124115296,0.190242186,0.088568397,0.143441036,0.05003779,0.123591691,0.071550563,0.037550502,0.159081697,0.042121675,0.119829699,0.119863071,0.074405551,0,0,0.077539273,0.118818223,0.178587526,0.146800473,0,0,0.186484307,0.042097583,0.102690391,0.122810535,0.037985992,0.259114653,0.057670396,0,0,0.114671864,0.065505743,0,0.168603927,0,0,0.033747148,0.086364754,0.034546699,0,0.179826602,0,0.164352015,0.154273942,0.089288026,0.058563318,0.063988291,0.06735225,0.061985712,0,0.078948259,0.131507665,0,0.16693069,0.142116323,0.168462992,0.136893615,0.05510002,0.134235263,0,0.148649693,0.148841113,0.031095214,0.062868111,0.138681769,0.068653673,0.143940657,0.152852178,0.081883572,0,0.054601446,0.01,0.01,0.081475936,0.050796553,0.056161635,0.097763106,0,0,0,0.123160526,0.01,0.059931803,0.012920748,0,0.391968518,0.106923893,0.147759721,0.064164951,0.080295958,0.015162422,0,0.112318434,0.07284572,0.160069495,0,0.01,0.129562557,0,0,0.097021475,0.064139992,0.243463859
